( ============================================================ )
( Date: 2025-09-09T23:58:42.549193 )
( Generated by: vpype-gscrib 1.1.1 )
( Vpype version: 1.14.0 )
( Gscrib version: 1.1.0 )
( Program zero: bottom-left )
( Number of layers: 1 )
( ------------------------------------------------------------ )
( @set header_gcode = None )
( @set footer_gcode = None )
( @set length_units = millimeters )
( @set time_units = seconds )
( @set coolant_type = off )
( @set head_type = standard )
( @set rack_type = manual )
( @set tool_type = marker )
( @set bed_type = off )
( @set fan_type = off )
( @set spin_mode = clockwise )
( @set power_mode = constant )
( @set power_level = 50.0 )
( @set spindle_rpm = 1000 )
( @set warmup_delay = 2.0 )
( @set tool_number = 1 )
( @set work_speed = 8000.0 mm/min )
( @set plunge_speed = 8000.0 mm/min )
( @set travel_speed = 8000.0 mm/min )
( @set retract_speed = 2100.0 mm/min )
( @set fan_speed = 255 )
( @set bed_temperature = 60 )
( @set hotend_temperature = 120 )
( @set work_z = 1.0 mm )
( @set plunge_z = 1.0 mm )
( @set safe_z = 5.0 mm )
( @set park_z = 6.0 mm )
( @set nozzle_diameter = 0.4 mm )
( @set filament_diameter = 1.75 mm )
( @set layer_height = 0.2 mm )
( @set retract_length = 1.5 mm )
( @set height_map_path = None )
( @set height_map_scale = 1.0 )
( @set height_map_tolerance = 0.1 mm )
( @set resolution = 0.1 mm )
( ============================================================ )
G90 ( Set distance mode, absolute )
G94 ( Set feed rate mode, units per minute )
G21 ( Set length units, millimeters )
G17 ( Select plane, XY )
( ------------------------------------------------------------ )
( Layer: Layer 1 )
( ------------------------------------------------------------ )
G0 Z0 ( Park for service )
G0 X0 Y0 Z0
T1 M06 ( Tool change, manual )
M00 ( Pause program, forced )
G0 Z0
G1 X215.87556 Y69.24713 F8000
G1 X215.87556 Y69.24713 F8000
G1 Z1 F8000
G1 X215.87556 Y69.24713 F8000
G1 X216.63643 Y68.29439 F8000
G1 X217.57017 Y67.4138 F8000
G1 X218.63673 Y66.66543 F8000
G1 X219.69268 Y66.14409 F8000
G1 X220.76644 Y65.80921 F8000
G1 X221.96458 Y65.64551 F8000
G1 X223.12637 Y65.67969 F8000
G1 X224.21584 Y65.87734 F8000
G1 X225.04841 Y66.15123 F8000
G1 X225.90473 Y66.5625 F8000
G1 X226.73619 Y67.11165 F8000
G1 X227.41572 Y67.69632 F8000
G1 X228.37975 Y68.82411 F8000
G1 X229.28772 Y70.36756 F8000
G1 X230.00437 Y71.36689 F8000
G1 X230.83747 Y72.29341 F8000
G1 X231.7733 Y73.09827 F8000
G1 X232.6433 Y73.65694 F8000
G1 X233.62028 Y74.09244 F8000
G1 X234.5623 Y74.338 F8000
G1 X235.5851 Y74.4264 F8000
G1 X236.61404 Y74.33329 F8000
G1 X237.55149 Y74.07485 F8000
G1 X238.39855 Y73.68231 F8000
G1 X239.25741 Y73.1097 F8000
G1 X240.08638 Y72.36318 F8000
G1 X240.90566 Y71.39724 F8000
G1 X241.60453 Y70.33631 F8000
G1 X242.15495 Y69.24713 F8000
G0 Z0
G1 X242.15495 Y74.92265 F8000
G1 Z1 F8000
G1 X242.15495 Y74.92265 F8000
G1 X241.60453 Y76.01184 F8000
G1 X240.90566 Y77.07276 F8000
G1 X240.08638 Y78.0387 F8000
G1 X239.25741 Y78.78523 F8000
G1 X238.39855 Y79.35787 F8000
G1 X237.55149 Y79.75037 F8000
G1 X236.61404 Y80.00882 F8000
G1 X235.5851 Y80.10193 F8000
G1 X234.5623 Y80.01356 F8000
G1 X233.62028 Y79.76797 F8000
G1 X232.6433 Y79.33249 F8000
G1 X231.7733 Y78.7738 F8000
G1 X230.83747 Y77.96893 F8000
G1 X230.00437 Y77.04242 F8000
G1 X229.28772 Y76.04308 F8000
G1 X228.37975 Y74.49966 F8000
G1 X227.41572 Y73.37185 F8000
G1 X226.73619 Y72.78717 F8000
G1 X225.90473 Y72.23803 F8000
G1 X225.04841 Y71.82679 F8000
G1 X224.21584 Y71.55286 F8000
G1 X223.12637 Y71.35522 F8000
G1 X221.96458 Y71.32106 F8000
G1 X220.76644 Y71.48476 F8000
G1 X219.69268 Y71.81964 F8000
G1 X218.63673 Y72.34095 F8000
G1 X217.57017 Y73.08935 F8000
G1 X216.63643 Y73.96991 F8000
G1 X215.87556 Y74.92265 F8000
G0 Z0
G1 X214.39135 Y75.89185 F8000
G1 Z1 F8000
G1 X214.39135 Y75.89185 F8000
G1 X212.39346 Y75.89185 F8000
G0 Z0
G1 X212.14346 Y76.14183 F8000
G1 Z1 F8000
G1 X212.14346 Y76.14183 F8000
G1 X214.52802 Y76.14183 F8000
G0 Z0
G1 X214.59545 Y76.39183 F8000
G1 Z1 F8000
G1 X214.59545 Y76.39183 F8000
G1 X211.89346 Y76.39183 F8000
G0 Z0
G1 X211.64346 Y76.64184 F8000
G1 Z1 F8000
G1 X211.64346 Y76.64184 F8000
G1 X214.60934 Y76.64184 F8000
G0 Z0
G1 X214.57065 Y76.89184 F8000
G1 Z1 F8000
G1 X214.57065 Y76.89184 F8000
G1 X211.39346 Y76.89184 F8000
G0 Z0
G1 X211.14346 Y77.14185 F8000
G1 Z1 F8000
G1 X211.14346 Y77.14185 F8000
G1 X214.47339 Y77.14185 F8000
G0 Z0
G1 X214.30141 Y77.39182 F8000
G1 Z1 F8000
G1 X214.30141 Y77.39182 F8000
G1 X210.89346 Y77.39182 F8000
G0 Z0
G1 X210.64346 Y77.64183 F8000
G1 Z1 F8000
G1 X210.64346 Y77.64183 F8000
G1 X214.0603 Y77.64183 F8000
G0 Z0
G1 X213.8103 Y77.89183 F8000
G1 Z1 F8000
G1 X213.8103 Y77.89183 F8000
G1 X210.39346 Y77.89183 F8000
G0 Z0
G1 X210.14346 Y78.14184 F8000
G1 Z1 F8000
G1 X210.14346 Y78.14184 F8000
G1 X213.5603 Y78.14184 F8000
G0 Z0
G1 X213.3103 Y78.39184 F8000
G1 Z1 F8000
G1 X213.3103 Y78.39184 F8000
G1 X202.53245 Y78.39184 F8000
G0 Z0
G1 X202.53245 Y78.14184 F8000
G1 Z1 F8000
G1 X202.53245 Y78.14184 F8000
G1 X204.94884 Y78.14184 F8000
G0 Z0
G1 X204.94884 Y77.89183 F8000
G1 Z1 F8000
G1 X204.94884 Y77.89183 F8000
G1 X202.53245 Y77.89183 F8000
G0 Z0
G1 X202.53245 Y77.64183 F8000
G1 Z1 F8000
G1 X202.53245 Y77.64183 F8000
G1 X204.94884 Y77.64183 F8000
G0 Z0
G1 X204.94884 Y77.39182 F8000
G1 Z1 F8000
G1 X204.94884 Y77.39182 F8000
G1 X202.53245 Y77.39182 F8000
G0 Z0
G1 X202.53245 Y77.14185 F8000
G1 Z1 F8000
G1 X202.53245 Y77.14185 F8000
G1 X204.94884 Y77.14185 F8000
G0 Z0
G1 X204.94884 Y76.89184 F8000
G1 Z1 F8000
G1 X204.94884 Y76.89184 F8000
G1 X202.53245 Y76.89184 F8000
G0 Z0
G1 X202.53245 Y76.64184 F8000
G1 Z1 F8000
G1 X202.53245 Y76.64184 F8000
G1 X204.94884 Y76.64184 F8000
G0 Z0
G1 X204.94884 Y76.39183 F8000
G1 Z1 F8000
G1 X204.94884 Y76.39183 F8000
G1 X202.53245 Y76.39183 F8000
G0 Z0
G1 X202.53245 Y76.14183 F8000
G1 Z1 F8000
G1 X202.53245 Y76.14183 F8000
G1 X204.94884 Y76.14183 F8000
G0 Z0
G1 X204.94884 Y75.89185 F8000
G1 Z1 F8000
G1 X204.94884 Y75.89185 F8000
G1 X202.53245 Y75.89185 F8000
G0 Z0
G1 X202.53245 Y75.64184 F8000
G1 Z1 F8000
G1 X202.53245 Y75.64184 F8000
G1 X204.94884 Y75.64184 F8000
G0 Z0
G1 X204.94884 Y75.39184 F8000
G1 Z1 F8000
G1 X204.94884 Y75.39184 F8000
G1 X202.53245 Y75.39184 F8000
G0 Z0
G1 X202.53245 Y75.14183 F8000
G1 Z1 F8000
G1 X202.53245 Y75.14183 F8000
G1 X204.94884 Y75.14183 F8000
G0 Z0
G1 X202.53245 Y74.89183 F8000
G1 Z1 F8000
G1 X202.53245 Y74.89183 F8000
G1 X211.13516 Y74.89183 F8000
G0 Z0
G1 X211.38513 Y74.64182 F8000
G1 Z1 F8000
G1 X211.38513 Y74.64182 F8000
G1 X202.53245 Y74.64182 F8000
G0 Z0
G1 X202.53245 Y74.39184 F8000
G1 Z1 F8000
G1 X202.53245 Y74.39184 F8000
G1 X211.63509 Y74.39184 F8000
G0 Z0
G1 X211.88505 Y74.14184 F8000
G1 Z1 F8000
G1 X211.88505 Y74.14184 F8000
G1 X202.53245 Y74.14184 F8000
G0 Z0
G1 X202.53245 Y73.89184 F8000
G1 Z1 F8000
G1 X202.53245 Y73.89184 F8000
G1 X212.13501 Y73.89184 F8000
G0 Z0
G1 X212.38497 Y73.64183 F8000
G1 Z1 F8000
G1 X212.38497 Y73.64183 F8000
G1 X202.55462 Y73.64183 F8000
G0 Z0
G1 X202.63078 Y73.39183 F8000
G1 Z1 F8000
G1 X202.63078 Y73.39183 F8000
G1 X212.63493 Y73.39183 F8000
G0 Z0
G1 X212.8849 Y73.14185 F8000
G1 Z1 F8000
G1 X212.8849 Y73.14185 F8000
G1 X202.7797 Y73.14185 F8000
G0 Z0
G1 X203.03265 Y72.89184 F8000
G1 Z1 F8000
G1 X203.03265 Y72.89184 F8000
G1 X213.13486 Y72.89184 F8000
G0 Z0
G1 X213.38482 Y72.64184 F8000
G1 Z1 F8000
G1 X213.38482 Y72.64184 F8000
G1 X209.96783 Y72.64184 F8000
G0 Z0
G1 X210.21783 Y72.39183 F8000
G1 Z1 F8000
G1 X210.21783 Y72.39183 F8000
G1 X213.63478 Y72.39183 F8000
G0 Z0
G1 X213.88475 Y72.14183 F8000
G1 Z1 F8000
G1 X213.88475 Y72.14183 F8000
G1 X210.46783 Y72.14183 F8000
G0 Z0
G1 X210.71783 Y71.89182 F8000
G1 Z1 F8000
G1 X210.71783 Y71.89182 F8000
G1 X214.13471 Y71.89182 F8000
G0 Z0
G1 X214.36241 Y71.64184 F8000
G1 Z1 F8000
G1 X214.36241 Y71.64184 F8000
G1 X210.96783 Y71.64184 F8000
G0 Z0
G1 X211.21783 Y71.39184 F8000
G1 Z1 F8000
G1 X211.21783 Y71.39184 F8000
G1 X214.51312 Y71.39184 F8000
G0 Z0
G1 X214.59197 Y71.14183 F8000
G1 Z1 F8000
G1 X214.59197 Y71.14183 F8000
G1 X211.46783 Y71.14183 F8000
G0 Z0
G1 X211.71783 Y70.89183 F8000
G1 Z1 F8000
G1 X211.71783 Y70.89183 F8000
G1 X214.61285 Y70.89183 F8000
G0 Z0
G1 X214.5814 Y70.64182 F8000
G1 Z1 F8000
G1 X214.5814 Y70.64182 F8000
G1 X211.96783 Y70.64182 F8000
G0 Z0
G1 X212.21783 Y70.39185 F8000
G1 Z1 F8000
G1 X212.21783 Y70.39185 F8000
G1 X214.49226 Y70.39185 F8000
G0 Z0
G1 X214.33038 Y70.14184 F8000
G1 Z1 F8000
G1 X214.33038 Y70.14184 F8000
G1 X212.46783 Y70.14184 F8000
G0 Z0
G1 X212.76358 Y69.89184 F8000
G1 Z1 F8000
G1 X212.76358 Y69.89184 F8000
G1 X214.04988 Y69.89184 F8000
G0 Z0
G1 X213.53694 Y75.39184 F8000
G1 Z1 F8000
G1 X213.53694 Y75.39184 F8000
G1 X213.27651 Y75.39184 F8000
G0 Z0
G1 X212.66343 Y75.64184 F8000
G1 Z1 F8000
G1 X212.66343 Y75.64184 F8000
G1 X214.15002 Y75.64184 F8000
G0 Z0
G1 X213.06029 Y78.64185 F8000
G1 Z1 F8000
G1 X213.06029 Y78.64185 F8000
G1 X202.53245 Y78.64185 F8000
G0 Z0
G1 X202.53245 Y78.89183 F8000
G1 Z1 F8000
G1 X202.53245 Y78.89183 F8000
G1 X212.81029 Y78.89183 F8000
G0 Z0
G1 X212.5603 Y79.14183 F8000
G1 Z1 F8000
G1 X212.5603 Y79.14183 F8000
G1 X202.53245 Y79.14183 F8000
G0 Z0
G1 X202.53245 Y79.39184 F8000
G1 Z1 F8000
G1 X202.53245 Y79.39184 F8000
G1 X212.3103 Y79.39184 F8000
G0 Z0
G1 X212.06029 Y79.64184 F8000
G1 Z1 F8000
G1 X212.06029 Y79.64184 F8000
G1 X202.53245 Y79.64184 F8000
G0 Z0
G1 X202.53245 Y79.89185 F8000
G1 Z1 F8000
G1 X202.53245 Y79.89185 F8000
G1 X211.81029 Y79.89185 F8000
G0 Z0
G1 X211.56029 Y80.14183 F8000
G1 Z1 F8000
G1 X211.56029 Y80.14183 F8000
G1 X202.53245 Y80.14183 F8000
G0 Z0
G1 X202.53245 Y80.39183 F8000
G1 Z1 F8000
G1 X202.53245 Y80.39183 F8000
G1 X211.31029 Y80.39183 F8000
G0 Z0
G1 X211.06029 Y80.64184 F8000
G1 Z1 F8000
G1 X211.06029 Y80.64184 F8000
G1 X202.53245 Y80.64184 F8000
G0 Z0
G1 X202.53245 Y80.89184 F8000
G1 Z1 F8000
G1 X202.53245 Y80.89184 F8000
G1 X204.94884 Y80.89184 F8000
G0 Z0
G1 X204.94884 Y81.14185 F8000
G1 Z1 F8000
G1 X204.94884 Y81.14185 F8000
G1 X202.53245 Y81.14185 F8000
G0 Z0
G1 X202.53245 Y81.39185 F8000
G1 Z1 F8000
G1 X202.53245 Y81.39185 F8000
G1 X204.94884 Y81.39185 F8000
G0 Z0
G1 X204.94884 Y81.64183 F8000
G1 Z1 F8000
G1 X204.94884 Y81.64183 F8000
G1 X202.53245 Y81.64183 F8000
G0 Z0
G1 X202.53245 Y81.89183 F8000
G1 Z1 F8000
G1 X202.53245 Y81.89183 F8000
G1 X204.94884 Y81.89183 F8000
G0 Z0
G1 X204.94884 Y82.14184 F8000
G1 Z1 F8000
G1 X204.94884 Y82.14184 F8000
G1 X202.53245 Y82.14184 F8000
G0 Z0
G1 X202.53245 Y82.39184 F8000
G1 Z1 F8000
G1 X202.53245 Y82.39184 F8000
G1 X204.94884 Y82.39184 F8000
G0 Z0
G1 X204.94884 Y82.64185 F8000
G1 Z1 F8000
G1 X204.94884 Y82.64185 F8000
G1 X202.53245 Y82.64185 F8000
G0 Z0
G1 X202.53245 Y82.89183 F8000
G1 Z1 F8000
G1 X202.53245 Y82.89183 F8000
G1 X204.94884 Y82.89183 F8000
G0 Z0
G1 X204.94884 Y83.14183 F8000
G1 Z1 F8000
G1 X204.94884 Y83.14183 F8000
G1 X202.53245 Y83.14183 F8000
G0 Z0
G1 X202.53245 Y83.39184 F8000
G1 Z1 F8000
G1 X202.53245 Y83.39184 F8000
G1 X204.94884 Y83.39184 F8000
G0 Z0
G1 X204.94884 Y83.64184 F8000
G1 Z1 F8000
G1 X204.94884 Y83.64184 F8000
G1 X202.53245 Y83.64184 F8000
G0 Z0
G1 X202.53245 Y83.89185 F8000
G1 Z1 F8000
G1 X202.53245 Y83.89185 F8000
G1 X204.94884 Y83.89185 F8000
G0 Z0
G1 X202.53245 Y84.14185 F8000
G1 Z1 F8000
G1 X202.53245 Y84.14185 F8000
G1 X213.23593 Y84.14185 F8000
G0 Z0
G1 X212.98593 Y84.39183 F8000
G1 Z1 F8000
G1 X212.98593 Y84.39183 F8000
G1 X202.53245 Y84.39183 F8000
G0 Z0
G1 X202.53245 Y84.64184 F8000
G1 Z1 F8000
G1 X202.53245 Y84.64184 F8000
G1 X212.73593 Y84.64184 F8000
G0 Z0
G1 X212.48592 Y84.89184 F8000
G1 Z1 F8000
G1 X212.48592 Y84.89184 F8000
G1 X202.53245 Y84.89184 F8000
G0 Z0
G1 X202.53245 Y85.14185 F8000
G1 Z1 F8000
G1 X202.53245 Y85.14185 F8000
G1 X212.23592 Y85.14185 F8000
G0 Z0
G1 X211.98592 Y85.39185 F8000
G1 Z1 F8000
G1 X211.98592 Y85.39185 F8000
G1 X202.53245 Y85.39185 F8000
G0 Z0
G1 X202.53245 Y85.64183 F8000
G1 Z1 F8000
G1 X202.53245 Y85.64183 F8000
G1 X211.73592 Y85.64183 F8000
G0 Z0
G1 X211.48592 Y85.89183 F8000
G1 Z1 F8000
G1 X211.48592 Y85.89183 F8000
G1 X202.53245 Y85.89183 F8000
G0 Z0
G1 X202.53245 Y86.14184 F8000
G1 Z1 F8000
G1 X202.53245 Y86.14184 F8000
G1 X211.23592 Y86.14184 F8000
G0 Z0
G1 X210.98592 Y86.39184 F8000
G1 Z1 F8000
G1 X210.98592 Y86.39184 F8000
G1 X202.53245 Y86.39184 F8000
G0 Z0
G1 X202.53245 Y86.64185 F8000
G1 Z1 F8000
G1 X202.53245 Y86.64185 F8000
G1 X204.94884 Y86.64185 F8000
G0 Z0
G1 X204.94884 Y86.89185 F8000
G1 Z1 F8000
G1 X204.94884 Y86.89185 F8000
G1 X202.53245 Y86.89185 F8000
G0 Z0
G1 X202.53245 Y87.14183 F8000
G1 Z1 F8000
G1 X202.53245 Y87.14183 F8000
G1 X204.94884 Y87.14183 F8000
G0 Z0
G1 X204.94884 Y87.39184 F8000
G1 Z1 F8000
G1 X204.94884 Y87.39184 F8000
G1 X202.53245 Y87.39184 F8000
G0 Z0
G1 X202.53245 Y87.64184 F8000
G1 Z1 F8000
G1 X202.53245 Y87.64184 F8000
G1 X204.94884 Y87.64184 F8000
G0 Z0
G1 X204.94884 Y87.89185 F8000
G1 Z1 F8000
G1 X204.94884 Y87.89185 F8000
G1 X202.53245 Y87.89185 F8000
G0 Z0
G1 X202.53245 Y88.14185 F8000
G1 Z1 F8000
G1 X202.53245 Y88.14185 F8000
G1 X204.94884 Y88.14185 F8000
G0 Z0
G1 X204.94884 Y88.39183 F8000
G1 Z1 F8000
G1 X204.94884 Y88.39183 F8000
G1 X202.53245 Y88.39183 F8000
G0 Z0
G1 X202.53245 Y88.64183 F8000
G1 Z1 F8000
G1 X202.53245 Y88.64183 F8000
G1 X204.94884 Y88.64183 F8000
G0 Z0
G1 X204.94884 Y88.89184 F8000
G1 Z1 F8000
G1 X204.94884 Y88.89184 F8000
G1 X202.53245 Y88.89184 F8000
G0 Z0
G1 X202.53245 Y89.14184 F8000
G1 Z1 F8000
G1 X202.53245 Y89.14184 F8000
G1 X204.94884 Y89.14184 F8000
G0 Z0
G1 X204.94884 Y89.39185 F8000
G1 Z1 F8000
G1 X204.94884 Y89.39185 F8000
G1 X202.53245 Y89.39185 F8000
G0 Z0
G1 X202.53245 Y89.64185 F8000
G1 Z1 F8000
G1 X202.53245 Y89.64185 F8000
G1 X204.94884 Y89.64185 F8000
G0 Z0
G1 X202.53245 Y89.89183 F8000
G1 Z1 F8000
G1 X202.53245 Y89.89183 F8000
G1 X213.16156 Y89.89183 F8000
G0 Z0
G1 X213.41156 Y89.64185 F8000
G1 Z1 F8000
G1 X213.41156 Y89.64185 F8000
G1 X209.9947 Y89.64185 F8000
G0 Z0
G1 X210.2447 Y89.39185 F8000
G1 Z1 F8000
G1 X210.2447 Y89.39185 F8000
G1 X213.66156 Y89.39185 F8000
G0 Z0
G1 X213.91156 Y89.14184 F8000
G1 Z1 F8000
G1 X213.91156 Y89.14184 F8000
G1 X210.49469 Y89.14184 F8000
G0 Z0
G1 X210.74469 Y88.89184 F8000
G1 Z1 F8000
G1 X210.74469 Y88.89184 F8000
G1 X214.16156 Y88.89184 F8000
G0 Z0
G1 X214.38444 Y88.64183 F8000
G1 Z1 F8000
G1 X214.38444 Y88.64183 F8000
G1 X210.99469 Y88.64183 F8000
G0 Z0
G1 X211.24469 Y88.39183 F8000
G1 Z1 F8000
G1 X211.24469 Y88.39183 F8000
G1 X214.52546 Y88.39183 F8000
G0 Z0
G1 X214.59463 Y88.14185 F8000
G1 Z1 F8000
G1 X214.59463 Y88.14185 F8000
G1 X211.49469 Y88.14185 F8000
G0 Z0
G1 X211.74469 Y87.89185 F8000
G1 Z1 F8000
G1 X211.74469 Y87.89185 F8000
G1 X214.61018 Y87.89185 F8000
G0 Z0
G1 X214.57323 Y87.64184 F8000
G1 Z1 F8000
G1 X214.57323 Y87.64184 F8000
G1 X211.99469 Y87.64184 F8000
G0 Z0
G1 X212.24469 Y87.39184 F8000
G1 Z1 F8000
G1 X212.24469 Y87.39184 F8000
G1 X214.47792 Y87.39184 F8000
G0 Z0
G1 X214.30835 Y87.14183 F8000
G1 Z1 F8000
G1 X214.30835 Y87.14183 F8000
G1 X212.49469 Y87.14183 F8000
G0 Z0
G1 X212.81389 Y86.89185 F8000
G1 Z1 F8000
G1 X212.81389 Y86.89185 F8000
G1 X213.99956 Y86.89185 F8000
G0 Z0
G1 X215.87556 Y86.2513 F8000
G1 Z1 F8000
G1 X215.87556 Y86.2513 F8000
G1 X216.63643 Y85.29858 F8000
G1 X217.57017 Y84.418 F8000
G1 X218.63673 Y83.66962 F8000
G1 X219.69268 Y83.14829 F8000
G1 X220.76644 Y82.8134 F8000
G1 X221.96458 Y82.64971 F8000
G1 X223.12637 Y82.68389 F8000
G1 X224.21584 Y82.88153 F8000
G1 X225.04841 Y83.15543 F8000
G1 X225.90473 Y83.5667 F8000
G1 X226.73619 Y84.11584 F8000
G1 X227.41572 Y84.70052 F8000
G1 X228.37975 Y85.82831 F8000
G1 X229.28772 Y87.37175 F8000
G1 X230.00437 Y88.37109 F8000
G1 X230.83747 Y89.2976 F8000
G1 X231.7733 Y90.10247 F8000
G1 X232.6433 Y90.66114 F8000
G1 X233.62028 Y91.09664 F8000
G1 X234.5623 Y91.3422 F8000
G1 X235.5851 Y91.4306 F8000
G1 X236.61404 Y91.33749 F8000
G1 X237.55149 Y91.07905 F8000
G1 X238.39855 Y90.68651 F8000
G1 X239.25741 Y90.1139 F8000
G1 X240.08638 Y89.36738 F8000
G1 X240.90566 Y88.40143 F8000
G1 X241.60453 Y87.34051 F8000
G1 X242.15495 Y86.2513 F8000
G0 Z0
G1 X242.15495 Y80.58699 F8000
G1 Z1 F8000
G1 X242.15495 Y80.58699 F8000
G1 X241.60453 Y81.67617 F8000
G1 X240.90566 Y82.7371 F8000
G1 X240.08638 Y83.70304 F8000
G1 X239.25741 Y84.44956 F8000
G1 X238.39855 Y85.0222 F8000
G1 X237.55149 Y85.41471 F8000
G1 X236.61404 Y85.67316 F8000
G1 X235.5851 Y85.76626 F8000
G1 X234.5623 Y85.67786 F8000
G1 X233.62028 Y85.4323 F8000
G1 X232.6433 Y84.9968 F8000
G1 X231.7733 Y84.43813 F8000
G1 X230.83747 Y83.63327 F8000
G1 X230.00437 Y82.70675 F8000
G1 X229.28772 Y81.70742 F8000
G1 X228.37975 Y80.16397 F8000
G1 X227.41572 Y79.03618 F8000
G1 X226.73619 Y78.45151 F8000
G1 X225.90473 Y77.90236 F8000
G1 X225.04841 Y77.4911 F8000
G1 X224.21584 Y77.2172 F8000
G1 X223.12637 Y77.01956 F8000
G1 X221.96458 Y76.98537 F8000
G1 X220.76644 Y77.1491 F8000
G1 X219.69268 Y77.48398 F8000
G1 X218.63673 Y78.00529 F8000
G1 X217.57017 Y78.75369 F8000
G1 X216.63643 Y79.63425 F8000
G1 X215.87556 Y80.58699 F8000
G0 Z0
G1 X214.43819 Y81.64183 F8000
G1 Z1 F8000
G1 X214.43819 Y81.64183 F8000
G1 X212.31909 Y81.64183 F8000
G0 Z0
G1 X212.06909 Y81.89183 F8000
G1 Z1 F8000
G1 X212.06909 Y81.89183 F8000
G1 X214.55061 Y81.89183 F8000
G0 Z0
G1 X214.60281 Y82.14184 F8000
G1 Z1 F8000
G1 X214.60281 Y82.14184 F8000
G1 X211.81908 Y82.14184 F8000
G0 Z0
G1 X211.56908 Y82.39184 F8000
G1 Z1 F8000
G1 X211.56908 Y82.39184 F8000
G1 X214.60198 Y82.39184 F8000
G0 Z0
G1 X214.54805 Y82.64185 F8000
G1 Z1 F8000
G1 X214.54805 Y82.64185 F8000
G1 X211.31908 Y82.64185 F8000
G0 Z0
G1 X211.06908 Y82.89183 F8000
G1 Z1 F8000
G1 X211.06908 Y82.89183 F8000
G1 X214.43369 Y82.89183 F8000
G0 Z0
G1 X214.23593 Y83.14183 F8000
G1 Z1 F8000
G1 X214.23593 Y83.14183 F8000
G1 X210.81907 Y83.14183 F8000
G0 Z0
G1 X210.56907 Y83.39184 F8000
G1 Z1 F8000
G1 X210.56907 Y83.39184 F8000
G1 X213.98593 Y83.39184 F8000
G0 Z0
G1 X213.73593 Y83.64184 F8000
G1 Z1 F8000
G1 X213.73593 Y83.64184 F8000
G1 X210.31907 Y83.64184 F8000
G0 Z0
G1 X210.06907 Y83.89185 F8000
G1 Z1 F8000
G1 X210.06907 Y83.89185 F8000
G1 X213.48592 Y83.89185 F8000
G0 Z0
G1 X214.24072 Y81.39185 F8000
G1 Z1 F8000
G1 X214.24072 Y81.39185 F8000
G1 X212.57273 Y81.39185 F8000
G0 Z0
G1 X212.95991 Y81.14185 F8000
G1 Z1 F8000
G1 X212.95991 Y81.14185 F8000
G1 X213.85354 Y81.14185 F8000
G0 Z0
G1 X212.91156 Y90.14184 F8000
G1 Z1 F8000
G1 X212.91156 Y90.14184 F8000
G1 X202.53245 Y90.14184 F8000
G0 Z0
G1 X202.53245 Y90.39184 F8000
G1 Z1 F8000
G1 X202.53245 Y90.39184 F8000
G1 X212.66155 Y90.39184 F8000
G0 Z0
G1 X212.41155 Y90.64185 F8000
G1 Z1 F8000
G1 X212.41155 Y90.64185 F8000
G1 X202.53245 Y90.64185 F8000
G0 Z0
G1 X202.53245 Y90.89185 F8000
G1 Z1 F8000
G1 X202.53245 Y90.89185 F8000
G1 X212.16155 Y90.89185 F8000
G0 Z0
G1 X211.91155 Y91.14183 F8000
G1 Z1 F8000
G1 X211.91155 Y91.14183 F8000
G1 X202.53245 Y91.14183 F8000
G0 Z0
G1 X202.53245 Y91.39184 F8000
G1 Z1 F8000
G1 X202.53245 Y91.39184 F8000
G1 X211.66155 Y91.39184 F8000
G0 Z0
G1 X211.41155 Y91.64184 F8000
G1 Z1 F8000
G1 X211.41155 Y91.64184 F8000
G1 X202.53245 Y91.64184 F8000
G0 Z0
G1 X202.53245 Y91.89185 F8000
G1 Z1 F8000
G1 X202.53245 Y91.89185 F8000
G1 X211.16155 Y91.89185 F8000
G0 Z0
G1 X212.17032 Y93.14184 F8000
G1 Z1 F8000
G1 X212.17032 Y93.14184 F8000
G1 X214.51762 Y93.14184 F8000
G0 Z0
G1 X214.5928 Y93.39185 F8000
G1 Z1 F8000
G1 X214.5928 Y93.39185 F8000
G1 X211.92032 Y93.39185 F8000
G0 Z0
G1 X211.67032 Y93.64185 F8000
G1 Z1 F8000
G1 X211.67032 Y93.64185 F8000
G1 X214.61199 Y93.64185 F8000
G0 Z0
G1 X214.57881 Y93.89183 F8000
G1 Z1 F8000
G1 X214.57881 Y93.89183 F8000
G1 X211.42032 Y93.89183 F8000
G0 Z0
G1 X211.17032 Y94.14184 F8000
G1 Z1 F8000
G1 X211.17032 Y94.14184 F8000
G1 X214.48774 Y94.14184 F8000
G0 Z0
G1 X214.32343 Y94.39184 F8000
G1 Z1 F8000
G1 X214.32343 Y94.39184 F8000
G1 X210.92032 Y94.39184 F8000
G0 Z0
G1 X210.67033 Y94.64185 F8000
G1 Z1 F8000
G1 X210.67033 Y94.64185 F8000
G1 X214.08716 Y94.64185 F8000
G0 Z0
G1 X213.83716 Y94.89185 F8000
G1 Z1 F8000
G1 X213.83716 Y94.89185 F8000
G1 X210.42033 Y94.89185 F8000
G0 Z0
G1 X210.17033 Y95.14186 F8000
G1 Z1 F8000
G1 X210.17033 Y95.14186 F8000
G1 X213.58716 Y95.14186 F8000
G0 Z0
G1 X213.33716 Y95.39184 F8000
G1 Z1 F8000
G1 X213.33716 Y95.39184 F8000
G1 X202.53245 Y95.39184 F8000
G0 Z0
G1 X202.53245 Y95.14186 F8000
G1 Z1 F8000
G1 X202.53245 Y95.14186 F8000
G1 X204.94884 Y95.14186 F8000
G0 Z0
G1 X204.94884 Y94.89185 F8000
G1 Z1 F8000
G1 X204.94884 Y94.89185 F8000
G1 X202.53245 Y94.89185 F8000
G0 Z0
G1 X202.53245 Y94.64185 F8000
G1 Z1 F8000
G1 X202.53245 Y94.64185 F8000
G1 X204.94884 Y94.64185 F8000
G0 Z0
G1 X204.94884 Y94.39184 F8000
G1 Z1 F8000
G1 X204.94884 Y94.39184 F8000
G1 X202.53245 Y94.39184 F8000
G0 Z0
G1 X202.53245 Y94.14184 F8000
G1 Z1 F8000
G1 X202.53245 Y94.14184 F8000
G1 X204.94884 Y94.14184 F8000
G0 Z0
G1 X204.94884 Y93.89183 F8000
G1 Z1 F8000
G1 X204.94884 Y93.89183 F8000
G1 X202.53245 Y93.89183 F8000
G0 Z0
G1 X202.53245 Y93.64185 F8000
G1 Z1 F8000
G1 X202.53245 Y93.64185 F8000
G1 X204.94884 Y93.64185 F8000
G0 Z0
G1 X204.94884 Y93.39185 F8000
G1 Z1 F8000
G1 X204.94884 Y93.39185 F8000
G1 X202.53245 Y93.39185 F8000
G0 Z0
G1 X202.53245 Y93.14184 F8000
G1 Z1 F8000
G1 X202.53245 Y93.14184 F8000
G1 X204.94884 Y93.14184 F8000
G0 Z0
G1 X204.94884 Y92.89184 F8000
G1 Z1 F8000
G1 X204.94884 Y92.89184 F8000
G1 X202.53245 Y92.89184 F8000
G0 Z0
G1 X202.53245 Y92.64183 F8000
G1 Z1 F8000
G1 X202.53245 Y92.64183 F8000
G1 X204.94884 Y92.64183 F8000
G0 Z0
G1 X204.94884 Y92.39186 F8000
G1 Z1 F8000
G1 X204.94884 Y92.39186 F8000
G1 X202.53245 Y92.39186 F8000
G0 Z0
G1 X202.53245 Y92.14185 F8000
G1 Z1 F8000
G1 X202.53245 Y92.14185 F8000
G1 X204.94884 Y92.14185 F8000
G0 Z0
G1 X202.53245 Y95.64184 F8000
G1 Z1 F8000
G1 X202.53245 Y95.64184 F8000
G1 X213.08716 Y95.64184 F8000
G0 Z0
G1 X212.83716 Y95.89185 F8000
G1 Z1 F8000
G1 X212.83716 Y95.89185 F8000
G1 X202.53245 Y95.89185 F8000
G0 Z0
G1 X202.53245 Y96.14185 F8000
G1 Z1 F8000
G1 X202.53245 Y96.14185 F8000
G1 X212.58716 Y96.14185 F8000
G0 Z0
G1 X212.33716 Y96.39186 F8000
G1 Z1 F8000
G1 X212.33716 Y96.39186 F8000
G1 X202.53245 Y96.39186 F8000
G0 Z0
G1 X202.53245 Y96.64183 F8000
G1 Z1 F8000
G1 X202.53245 Y96.64183 F8000
G1 X212.08716 Y96.64183 F8000
G0 Z0
G1 X211.83716 Y96.89184 F8000
G1 Z1 F8000
G1 X211.83716 Y96.89184 F8000
G1 X202.53245 Y96.89184 F8000
G0 Z0
G1 X202.53245 Y97.14184 F8000
G1 Z1 F8000
G1 X202.53245 Y97.14184 F8000
G1 X211.58716 Y97.14184 F8000
G0 Z0
G1 X211.33716 Y97.39185 F8000
G1 Z1 F8000
G1 X211.33716 Y97.39185 F8000
G1 X202.53245 Y97.39185 F8000
G0 Z0
G1 X202.53245 Y97.64185 F8000
G1 Z1 F8000
G1 X202.53245 Y97.64185 F8000
G1 X211.08716 Y97.64185 F8000
G0 Z0
G1 X212.09542 Y98.89185 F8000
G1 Z1 F8000
G1 X212.09542 Y98.89185 F8000
G1 X214.54262 Y98.89185 F8000
G0 Z0
G1 X214.60022 Y99.14186 F8000
G1 Z1 F8000
G1 X214.60022 Y99.14186 F8000
G1 X211.84543 Y99.14186 F8000
G0 Z0
G1 X211.59543 Y99.39186 F8000
G1 Z1 F8000
G1 X211.59543 Y99.39186 F8000
G1 X214.6046 Y99.39186 F8000
G0 Z0
G1 X214.55607 Y99.64184 F8000
G1 Z1 F8000
G1 X214.55607 Y99.64184 F8000
G1 X211.34543 Y99.64184 F8000
G0 Z0
G1 X211.09543 Y99.89184 F8000
G1 Z1 F8000
G1 X211.09543 Y99.89184 F8000
G1 X214.44776 Y99.89184 F8000
G0 Z0
G1 X214.26204 Y100.14185 F8000
G1 Z1 F8000
G1 X214.26204 Y100.14185 F8000
G1 X210.84543 Y100.14185 F8000
G0 Z0
G1 X210.59543 Y100.39185 F8000
G1 Z1 F8000
G1 X210.59543 Y100.39185 F8000
G1 X214.01232 Y100.39185 F8000
G0 Z0
G1 X213.76236 Y100.64186 F8000
G1 Z1 F8000
G1 X213.76236 Y100.64186 F8000
G1 X210.34543 Y100.64186 F8000
G0 Z0
G1 X210.09543 Y100.89184 F8000
G1 Z1 F8000
G1 X210.09543 Y100.89184 F8000
G1 X213.5124 Y100.89184 F8000
G0 Z0
G1 X213.26244 Y101.14184 F8000
G1 Z1 F8000
G1 X213.26244 Y101.14184 F8000
G1 X202.53245 Y101.14184 F8000
G0 Z0
G1 X202.53245 Y100.89184 F8000
G1 Z1 F8000
G1 X202.53245 Y100.89184 F8000
G1 X204.94884 Y100.89184 F8000
G0 Z0
G1 X204.94884 Y100.64186 F8000
G1 Z1 F8000
G1 X204.94884 Y100.64186 F8000
G1 X202.53245 Y100.64186 F8000
G0 Z0
G1 X202.53245 Y100.39185 F8000
G1 Z1 F8000
G1 X202.53245 Y100.39185 F8000
G1 X204.94884 Y100.39185 F8000
G0 Z0
G1 X204.94884 Y100.14185 F8000
G1 Z1 F8000
G1 X204.94884 Y100.14185 F8000
G1 X202.53245 Y100.14185 F8000
G0 Z0
G1 X202.53245 Y99.89184 F8000
G1 Z1 F8000
G1 X202.53245 Y99.89184 F8000
G1 X204.94884 Y99.89184 F8000
G0 Z0
G1 X204.94884 Y99.64184 F8000
G1 Z1 F8000
G1 X204.94884 Y99.64184 F8000
G1 X202.53245 Y99.64184 F8000
G0 Z0
G1 X202.53245 Y99.39186 F8000
G1 Z1 F8000
G1 X202.53245 Y99.39186 F8000
G1 X204.94884 Y99.39186 F8000
G0 Z0
G1 X204.94884 Y99.14186 F8000
G1 Z1 F8000
G1 X204.94884 Y99.14186 F8000
G1 X202.53245 Y99.14186 F8000
G0 Z0
G1 X202.53245 Y98.89185 F8000
G1 Z1 F8000
G1 X202.53245 Y98.89185 F8000
G1 X204.94884 Y98.89185 F8000
G0 Z0
G1 X204.94884 Y98.64185 F8000
G1 Z1 F8000
G1 X204.94884 Y98.64185 F8000
G1 X202.53245 Y98.64185 F8000
G0 Z0
G1 X202.53245 Y98.39184 F8000
G1 Z1 F8000
G1 X202.53245 Y98.39184 F8000
G1 X204.94884 Y98.39184 F8000
G0 Z0
G1 X204.94884 Y98.14184 F8000
G1 Z1 F8000
G1 X204.94884 Y98.14184 F8000
G1 X202.53245 Y98.14184 F8000
G0 Z0
G1 X202.53245 Y97.89186 F8000
G1 Z1 F8000
G1 X202.53245 Y97.89186 F8000
G1 X204.94884 Y97.89186 F8000
G0 Z0
G1 X202.53245 Y101.39185 F8000
G1 Z1 F8000
G1 X202.53245 Y101.39185 F8000
G1 X213.01248 Y101.39185 F8000
G0 Z0
G1 X212.76251 Y101.64185 F8000
G1 Z1 F8000
G1 X212.76251 Y101.64185 F8000
G1 X202.53245 Y101.64185 F8000
G0 Z0
G1 X202.53245 Y101.89186 F8000
G1 Z1 F8000
G1 X202.53245 Y101.89186 F8000
G1 X212.51255 Y101.89186 F8000
G0 Z0
G1 X212.26259 Y102.14186 F8000
G1 Z1 F8000
G1 X212.26259 Y102.14186 F8000
G1 X202.53245 Y102.14186 F8000
G0 Z0
G1 X202.53245 Y102.39184 F8000
G1 Z1 F8000
G1 X202.53245 Y102.39184 F8000
G1 X212.01263 Y102.39184 F8000
G0 Z0
G1 X211.76266 Y102.64185 F8000
G1 Z1 F8000
G1 X211.76266 Y102.64185 F8000
G1 X202.53245 Y102.64185 F8000
G0 Z0
G1 X202.53245 Y102.89185 F8000
G1 Z1 F8000
G1 X202.53245 Y102.89185 F8000
G1 X211.5127 Y102.89185 F8000
G0 Z0
G1 X211.26274 Y103.14186 F8000
G1 Z1 F8000
G1 X211.26274 Y103.14186 F8000
G1 X202.53245 Y103.14186 F8000
G0 Z0
G1 X202.53245 Y103.39186 F8000
G1 Z1 F8000
G1 X202.53245 Y103.39186 F8000
G1 X211.01278 Y103.39186 F8000
G0 Z0
G1 X212.02105 Y104.64186 F8000
G1 Z1 F8000
G1 X212.02105 Y104.64186 F8000
G1 X214.56521 Y104.64186 F8000
G0 Z0
G1 X214.60757 Y104.89186 F8000
G1 Z1 F8000
G1 X214.60757 Y104.89186 F8000
G1 X211.77106 Y104.89186 F8000
G0 Z0
G1 X211.52105 Y105.14184 F8000
G1 Z1 F8000
G1 X211.52105 Y105.14184 F8000
G1 X214.59723 Y105.14184 F8000
G0 Z0
G1 X214.53345 Y105.39185 F8000
G1 Z1 F8000
G1 X214.53345 Y105.39185 F8000
G1 X211.27105 Y105.39185 F8000
G0 Z0
G1 X211.02105 Y105.64185 F8000
G1 Z1 F8000
G1 X211.02105 Y105.64185 F8000
G1 X214.40603 Y105.64185 F8000
G0 Z0
G1 X214.1879 Y105.89186 F8000
G1 Z1 F8000
G1 X214.1879 Y105.89186 F8000
G1 X210.77106 Y105.89186 F8000
G0 Z0
G1 X210.52106 Y106.14186 F8000
G1 Z1 F8000
G1 X210.52106 Y106.14186 F8000
G1 X213.93794 Y106.14186 F8000
G0 Z0
G1 X213.68798 Y106.39184 F8000
G1 Z1 F8000
G1 X213.68798 Y106.39184 F8000
G1 X210.27106 Y106.39184 F8000
G0 Z0
G1 X210.02106 Y106.64185 F8000
G1 Z1 F8000
G1 X210.02106 Y106.64185 F8000
G1 X213.43802 Y106.64185 F8000
G0 Z0
G1 X213.18806 Y106.89185 F8000
G1 Z1 F8000
G1 X213.18806 Y106.89185 F8000
G1 X202.53245 Y106.89185 F8000
G0 Z0
G1 X202.53245 Y106.64185 F8000
G1 Z1 F8000
G1 X202.53245 Y106.64185 F8000
G1 X204.94884 Y106.64185 F8000
G0 Z0
G1 X204.94884 Y106.39184 F8000
G1 Z1 F8000
G1 X204.94884 Y106.39184 F8000
G1 X202.53245 Y106.39184 F8000
G0 Z0
G1 X202.53245 Y107.14186 F8000
G1 Z1 F8000
G1 X202.53245 Y107.14186 F8000
G1 X212.9381 Y107.14186 F8000
G0 Z0
G1 X212.68814 Y107.39186 F8000
G1 Z1 F8000
G1 X212.68814 Y107.39186 F8000
G1 X202.53245 Y107.39186 F8000
G0 Z0
G1 X202.53245 Y107.64187 F8000
G1 Z1 F8000
G1 X202.53245 Y107.64187 F8000
G1 X212.43818 Y107.64187 F8000
G0 Z0
G1 X212.18822 Y107.89184 F8000
G1 Z1 F8000
G1 X212.18822 Y107.89184 F8000
G1 X202.53245 Y107.89184 F8000
G0 Z0
G1 X202.53245 Y108.14185 F8000
G1 Z1 F8000
G1 X202.53245 Y108.14185 F8000
G1 X211.93826 Y108.14185 F8000
G0 Z0
G1 X211.6883 Y108.39185 F8000
G1 Z1 F8000
G1 X211.6883 Y108.39185 F8000
G1 X202.53245 Y108.39185 F8000
G0 Z0
G1 X202.53245 Y108.64186 F8000
G1 Z1 F8000
G1 X202.53245 Y108.64186 F8000
G1 X211.43834 Y108.64186 F8000
G0 Z0
G1 X211.18838 Y108.89186 F8000
G1 Z1 F8000
G1 X211.18838 Y108.89186 F8000
G1 X202.53245 Y108.89186 F8000
G0 Z0
G1 X202.53245 Y109.14184 F8000
G1 Z1 F8000
G1 X202.53245 Y109.14184 F8000
G1 X204.94884 Y109.14184 F8000
G0 Z0
G1 X204.94884 Y109.39185 F8000
G1 Z1 F8000
G1 X204.94884 Y109.39185 F8000
G1 X202.53245 Y109.39185 F8000
G0 Z0
G1 X202.53245 Y109.64185 F8000
G1 Z1 F8000
G1 X202.53245 Y109.64185 F8000
G1 X204.94884 Y109.64185 F8000
G0 Z0
G1 X204.94884 Y109.89186 F8000
G1 Z1 F8000
G1 X204.94884 Y109.89186 F8000
G1 X202.53245 Y109.89186 F8000
G0 Z0
G1 X202.53245 Y110.14186 F8000
G1 Z1 F8000
G1 X202.53245 Y110.14186 F8000
G1 X204.94884 Y110.14186 F8000
G0 Z0
G1 X204.94884 Y110.39187 F8000
G1 Z1 F8000
G1 X204.94884 Y110.39187 F8000
G1 X202.53245 Y110.39187 F8000
G0 Z0
G1 X202.53245 Y110.64184 F8000
G1 Z1 F8000
G1 X202.53245 Y110.64184 F8000
G1 X204.94884 Y110.64184 F8000
G0 Z0
G1 X204.94884 Y110.89185 F8000
G1 Z1 F8000
G1 X204.94884 Y110.89185 F8000
G1 X202.53245 Y110.89185 F8000
G0 Z0
G1 X202.53245 Y111.14185 F8000
G1 Z1 F8000
G1 X202.53245 Y111.14185 F8000
G1 X204.94884 Y111.14185 F8000
G0 Z0
G1 X204.94884 Y111.39186 F8000
G1 Z1 F8000
G1 X204.94884 Y111.39186 F8000
G1 X202.53245 Y111.39186 F8000
G0 Z0
G1 X202.53245 Y111.64186 F8000
G1 Z1 F8000
G1 X202.53245 Y111.64186 F8000
G1 X204.94884 Y111.64186 F8000
G0 Z0
G1 X204.94884 Y111.89184 F8000
G1 Z1 F8000
G1 X204.94884 Y111.89184 F8000
G1 X202.53245 Y111.89184 F8000
G0 Z0
G1 X202.53245 Y112.14185 F8000
G1 Z1 F8000
G1 X202.53245 Y112.14185 F8000
G1 X204.94884 Y112.14185 F8000
G0 Z0
G1 X202.53245 Y112.39185 F8000
G1 Z1 F8000
G1 X202.53245 Y112.39185 F8000
G1 X213.36352 Y112.39185 F8000
G0 Z0
G1 X213.11352 Y112.64186 F8000
G1 Z1 F8000
G1 X213.11352 Y112.64186 F8000
G1 X202.53245 Y112.64186 F8000
G0 Z0
G1 X202.53245 Y112.89186 F8000
G1 Z1 F8000
G1 X202.53245 Y112.89186 F8000
G1 X212.86352 Y112.89186 F8000
G0 Z0
G1 X212.61352 Y113.14187 F8000
G1 Z1 F8000
G1 X212.61352 Y113.14187 F8000
G1 X202.53245 Y113.14187 F8000
G0 Z0
G1 X202.53245 Y113.39185 F8000
G1 Z1 F8000
G1 X202.53245 Y113.39185 F8000
G1 X212.36352 Y113.39185 F8000
G0 Z0
G1 X212.11352 Y113.64185 F8000
G1 Z1 F8000
G1 X212.11352 Y113.64185 F8000
G1 X202.53245 Y113.64185 F8000
G0 Z0
G1 X202.53245 Y113.89186 F8000
G1 Z1 F8000
G1 X202.53245 Y113.89186 F8000
G1 X211.86352 Y113.89186 F8000
G0 Z0
G1 X211.61352 Y114.14186 F8000
G1 Z1 F8000
G1 X211.61352 Y114.14186 F8000
G1 X202.53245 Y114.14186 F8000
G0 Z0
G1 X202.53245 Y114.39187 F8000
G1 Z1 F8000
G1 X202.53245 Y114.39187 F8000
G1 X211.36352 Y114.39187 F8000
G0 Z0
G1 X211.11352 Y114.64184 F8000
G1 Z1 F8000
G1 X211.11352 Y114.64184 F8000
G1 X202.53245 Y114.64184 F8000
G0 Z0
G1 X202.53245 Y114.89185 F8000
G1 Z1 F8000
G1 X202.53245 Y114.89185 F8000
G1 X204.94884 Y114.89185 F8000
G0 Z0
G1 X204.94884 Y115.14185 F8000
G1 Z1 F8000
G1 X204.94884 Y115.14185 F8000
G1 X202.53245 Y115.14185 F8000
G0 Z0
G1 X202.53245 Y115.39186 F8000
G1 Z1 F8000
G1 X202.53245 Y115.39186 F8000
G1 X204.94884 Y115.39186 F8000
G0 Z0
G1 X204.94884 Y115.64186 F8000
G1 Z1 F8000
G1 X204.94884 Y115.64186 F8000
G1 X202.53245 Y115.64186 F8000
G0 Z0
G1 X202.53245 Y115.89187 F8000
G1 Z1 F8000
G1 X202.53245 Y115.89187 F8000
G1 X204.94884 Y115.89187 F8000
G0 Z0
G1 X204.94884 Y116.14185 F8000
G1 Z1 F8000
G1 X204.94884 Y116.14185 F8000
G1 X202.53245 Y116.14185 F8000
G0 Z0
G1 X202.53245 Y116.39185 F8000
G1 Z1 F8000
G1 X202.53245 Y116.39185 F8000
G1 X204.94884 Y116.39185 F8000
G0 Z0
G1 X204.94884 Y116.64186 F8000
G1 Z1 F8000
G1 X204.94884 Y116.64186 F8000
G1 X202.53245 Y116.64186 F8000
G0 Z0
G1 X202.53245 Y116.89186 F8000
G1 Z1 F8000
G1 X202.53245 Y116.89186 F8000
G1 X204.94884 Y116.89186 F8000
G0 Z0
G1 X204.94884 Y117.14187 F8000
G1 Z1 F8000
G1 X204.94884 Y117.14187 F8000
G1 X202.53245 Y117.14187 F8000
G0 Z0
G1 X202.53245 Y117.39185 F8000
G1 Z1 F8000
G1 X202.53245 Y117.39185 F8000
G1 X204.94884 Y117.39185 F8000
G0 Z0
G1 X204.94884 Y117.64185 F8000
G1 Z1 F8000
G1 X204.94884 Y117.64185 F8000
G1 X202.53245 Y117.64185 F8000
G0 Z0
G1 X202.53245 Y117.89186 F8000
G1 Z1 F8000
G1 X202.53245 Y117.89186 F8000
G1 X204.94884 Y117.89186 F8000
G0 Z0
G1 X202.53245 Y118.14186 F8000
G1 Z1 F8000
G1 X202.53245 Y118.14186 F8000
G1 X213.28915 Y118.14186 F8000
G0 Z0
G1 X213.03915 Y118.39187 F8000
G1 Z1 F8000
G1 X213.03915 Y118.39187 F8000
G1 X202.53245 Y118.39187 F8000
G0 Z0
G1 X202.53245 Y118.64187 F8000
G1 Z1 F8000
G1 X202.53245 Y118.64187 F8000
G1 X212.78915 Y118.64187 F8000
G0 Z0
G1 X212.53915 Y118.89185 F8000
G1 Z1 F8000
G1 X212.53915 Y118.89185 F8000
G1 X202.53245 Y118.89185 F8000
G0 Z0
G1 X202.53245 Y119.14185 F8000
G1 Z1 F8000
G1 X202.53245 Y119.14185 F8000
G1 X212.28915 Y119.14185 F8000
G0 Z0
G1 X212.03915 Y119.39186 F8000
G1 Z1 F8000
G1 X212.03915 Y119.39186 F8000
G1 X202.53245 Y119.39186 F8000
G0 Z0
G1 X202.53245 Y119.64186 F8000
G1 Z1 F8000
G1 X202.53245 Y119.64186 F8000
G1 X211.78915 Y119.64186 F8000
G0 Z0
G1 X211.53915 Y119.89187 F8000
G1 Z1 F8000
G1 X211.53915 Y119.89187 F8000
G1 X202.53245 Y119.89187 F8000
G0 Z0
G1 X202.53245 Y120.14185 F8000
G1 Z1 F8000
G1 X202.53245 Y120.14185 F8000
G1 X211.28915 Y120.14185 F8000
G0 Z0
G1 X211.03915 Y120.39185 F8000
G1 Z1 F8000
G1 X211.03915 Y120.39185 F8000
G1 X202.53245 Y120.39185 F8000
G0 Z0
G1 X202.53245 Y120.64186 F8000
G1 Z1 F8000
G1 X202.53245 Y120.64186 F8000
G1 X204.94884 Y120.64186 F8000
G0 Z0
G1 X204.94884 Y120.89186 F8000
G1 Z1 F8000
G1 X204.94884 Y120.89186 F8000
G1 X202.53245 Y120.89186 F8000
G0 Z0
G1 X202.53245 Y121.14187 F8000
G1 Z1 F8000
G1 X202.53245 Y121.14187 F8000
G1 X204.94884 Y121.14187 F8000
G0 Z0
G1 X204.94884 Y121.39187 F8000
G1 Z1 F8000
G1 X204.94884 Y121.39187 F8000
G1 X202.53245 Y121.39187 F8000
G0 Z0
G1 X202.53245 Y121.64185 F8000
G1 Z1 F8000
G1 X202.53245 Y121.64185 F8000
G1 X204.94884 Y121.64185 F8000
G0 Z0
G1 X204.94884 Y121.89185 F8000
G1 Z1 F8000
G1 X204.94884 Y121.89185 F8000
G1 X202.53245 Y121.89185 F8000
G0 Z0
G1 X202.53245 Y122.14186 F8000
G1 Z1 F8000
G1 X202.53245 Y122.14186 F8000
G1 X204.94884 Y122.14186 F8000
G0 Z0
G1 X204.94884 Y122.39186 F8000
G1 Z1 F8000
G1 X204.94884 Y122.39186 F8000
G1 X202.53245 Y122.39186 F8000
G0 Z0
G1 X202.53245 Y122.64187 F8000
G1 Z1 F8000
G1 X202.53245 Y122.64187 F8000
G1 X204.94884 Y122.64187 F8000
G0 Z0
G1 X204.94884 Y122.89185 F8000
G1 Z1 F8000
G1 X204.94884 Y122.89185 F8000
G1 X202.53245 Y122.89185 F8000
G0 Z0
G1 X202.53245 Y123.14185 F8000
G1 Z1 F8000
G1 X202.53245 Y123.14185 F8000
G1 X204.94884 Y123.14185 F8000
G0 Z0
G1 X204.94884 Y123.39186 F8000
G1 Z1 F8000
G1 X204.94884 Y123.39186 F8000
G1 X202.53245 Y123.39186 F8000
G0 Z0
G1 X202.53245 Y123.64186 F8000
G1 Z1 F8000
G1 X202.53245 Y123.64186 F8000
G1 X204.94884 Y123.64186 F8000
G0 Z0
G1 X202.53245 Y123.89187 F8000
G1 Z1 F8000
G1 X202.53245 Y123.89187 F8000
G1 X213.21476 Y123.89187 F8000
G0 Z0
G1 X212.96476 Y124.14187 F8000
G1 Z1 F8000
G1 X212.96476 Y124.14187 F8000
G1 X202.53245 Y124.14187 F8000
G0 Z0
G1 X202.53245 Y124.39185 F8000
G1 Z1 F8000
G1 X202.53245 Y124.39185 F8000
G1 X212.71476 Y124.39185 F8000
G0 Z0
G1 X212.46477 Y124.64186 F8000
G1 Z1 F8000
G1 X212.46477 Y124.64186 F8000
G1 X202.53245 Y124.64186 F8000
G0 Z0
G1 X202.53245 Y124.89186 F8000
G1 Z1 F8000
G1 X202.53245 Y124.89186 F8000
G1 X212.21477 Y124.89186 F8000
G0 Z0
G1 X211.96477 Y125.14187 F8000
G1 Z1 F8000
G1 X211.96477 Y125.14187 F8000
G1 X202.53245 Y125.14187 F8000
G0 Z0
G1 X202.53245 Y125.39187 F8000
G1 Z1 F8000
G1 X202.53245 Y125.39187 F8000
G1 X211.71477 Y125.39187 F8000
G0 Z0
G1 X211.46477 Y125.64185 F8000
G1 Z1 F8000
G1 X211.46477 Y125.64185 F8000
G1 X202.53245 Y125.64185 F8000
G0 Z0
G1 X202.53245 Y125.89185 F8000
G1 Z1 F8000
G1 X202.53245 Y125.89185 F8000
G1 X211.21477 Y125.89185 F8000
G0 Z0
G1 X210.96478 Y126.14186 F8000
G1 Z1 F8000
G1 X210.96478 Y126.14186 F8000
G1 X202.53245 Y126.14186 F8000
G0 Z0
G1 X202.53245 Y126.39186 F8000
G1 Z1 F8000
G1 X202.53245 Y126.39186 F8000
G1 X204.94884 Y126.39186 F8000
G0 Z0
G1 X204.94884 Y126.64187 F8000
G1 Z1 F8000
G1 X204.94884 Y126.64187 F8000
G1 X202.53245 Y126.64187 F8000
G0 Z0
G1 X202.53245 Y126.89187 F8000
G1 Z1 F8000
G1 X202.53245 Y126.89187 F8000
G1 X204.94884 Y126.89187 F8000
G0 Z0
G1 X204.94884 Y127.14185 F8000
G1 Z1 F8000
G1 X204.94884 Y127.14185 F8000
G1 X202.53245 Y127.14185 F8000
G0 Z0
G1 X202.53245 Y127.39186 F8000
G1 Z1 F8000
G1 X202.53245 Y127.39186 F8000
G1 X204.94884 Y127.39186 F8000
G0 Z0
G1 X204.94884 Y127.64186 F8000
G1 Z1 F8000
G1 X204.94884 Y127.64186 F8000
G1 X202.53245 Y127.64186 F8000
G0 Z0
G1 X202.53245 Y127.89187 F8000
G1 Z1 F8000
G1 X202.53245 Y127.89187 F8000
G1 X204.94884 Y127.89187 F8000
G0 Z0
G1 X204.94884 Y128.14187 F8000
G1 Z1 F8000
G1 X204.94884 Y128.14187 F8000
G1 X202.53245 Y128.14187 F8000
G0 Z0
G1 X202.53245 Y128.39185 F8000
G1 Z1 F8000
G1 X202.53245 Y128.39185 F8000
G1 X204.94884 Y128.39185 F8000
G0 Z0
G1 X204.94884 Y128.64186 F8000
G1 Z1 F8000
G1 X204.94884 Y128.64186 F8000
G1 X202.53245 Y128.64186 F8000
G0 Z0
G1 X202.53245 Y128.89186 F8000
G1 Z1 F8000
G1 X202.53245 Y128.89186 F8000
G1 X204.94884 Y128.89186 F8000
G0 Z0
G1 X204.94884 Y129.14187 F8000
G1 Z1 F8000
G1 X204.94884 Y129.14187 F8000
G1 X202.53245 Y129.14187 F8000
G0 Z0
G1 X202.53245 Y129.39187 F8000
G1 Z1 F8000
G1 X202.53245 Y129.39187 F8000
G1 X204.94884 Y129.39187 F8000
G0 Z0
G1 X202.53245 Y129.64188 F8000
G1 Z1 F8000
G1 X202.53245 Y129.64188 F8000
G1 X213.14038 Y129.64188 F8000
G0 Z0
G1 X212.89038 Y129.89185 F8000
G1 Z1 F8000
G1 X212.89038 Y129.89185 F8000
G1 X202.53245 Y129.89185 F8000
G0 Z0
G1 X202.53245 Y130.14186 F8000
G1 Z1 F8000
G1 X202.53245 Y130.14186 F8000
G1 X212.64038 Y130.14186 F8000
G0 Z0
G1 X212.39038 Y130.39186 F8000
G1 Z1 F8000
G1 X212.39038 Y130.39186 F8000
G1 X202.53245 Y130.39186 F8000
G0 Z0
G1 X202.53245 Y130.64187 F8000
G1 Z1 F8000
G1 X202.53245 Y130.64187 F8000
G1 X212.14038 Y130.64187 F8000
G0 Z0
G1 X211.89038 Y130.89187 F8000
G1 Z1 F8000
G1 X211.89038 Y130.89187 F8000
G1 X202.53245 Y130.89187 F8000
G0 Z0
G1 X202.53245 Y131.14188 F8000
G1 Z1 F8000
G1 X202.53245 Y131.14188 F8000
G1 X211.64038 Y131.14188 F8000
G0 Z0
G1 X211.39038 Y131.39186 F8000
G1 Z1 F8000
G1 X211.39038 Y131.39186 F8000
G1 X202.53245 Y131.39186 F8000
G0 Z0
G1 X202.53245 Y131.64186 F8000
G1 Z1 F8000
G1 X202.53245 Y131.64186 F8000
G1 X211.14038 Y131.64186 F8000
G0 Z0
G1 X212.14865 Y132.89186 F8000
G1 Z1 F8000
G1 X212.14865 Y132.89186 F8000
G1 X214.52644 Y132.89186 F8000
G0 Z0
G1 X214.59494 Y133.14187 F8000
G1 Z1 F8000
G1 X214.59494 Y133.14187 F8000
G1 X211.89865 Y133.14187 F8000
G0 Z0
G1 X211.64865 Y133.39187 F8000
G1 Z1 F8000
G1 X211.64865 Y133.39187 F8000
G1 X214.60985 Y133.39187 F8000
G0 Z0
G1 X214.57223 Y133.64187 F8000
G1 Z1 F8000
G1 X214.57223 Y133.64187 F8000
G1 X211.39865 Y133.64187 F8000
G0 Z0
G1 X211.14865 Y133.89188 F8000
G1 Z1 F8000
G1 X211.14865 Y133.89188 F8000
G1 X214.47616 Y133.89188 F8000
G0 Z0
G1 X214.30566 Y134.14186 F8000
G1 Z1 F8000
G1 X214.30566 Y134.14186 F8000
G1 X210.89865 Y134.14186 F8000
G0 Z0
G1 X210.64865 Y134.39186 F8000
G1 Z1 F8000
G1 X210.64865 Y134.39186 F8000
G1 X214.06552 Y134.39186 F8000
G0 Z0
G1 X213.81556 Y134.64187 F8000
G1 Z1 F8000
G1 X213.81556 Y134.64187 F8000
G1 X210.39865 Y134.64187 F8000
G0 Z0
G1 X210.14865 Y134.89187 F8000
G1 Z1 F8000
G1 X210.14865 Y134.89187 F8000
G1 X213.5656 Y134.89187 F8000
G0 Z0
G1 X213.31564 Y135.14188 F8000
G1 Z1 F8000
G1 X213.31564 Y135.14188 F8000
G1 X202.53245 Y135.14188 F8000
G0 Z0
G1 X202.53245 Y135.39186 F8000
G1 Z1 F8000
G1 X202.53245 Y135.39186 F8000
G1 X213.06568 Y135.39186 F8000
G0 Z0
G1 X212.81571 Y135.64186 F8000
G1 Z1 F8000
G1 X212.81571 Y135.64186 F8000
G1 X202.53245 Y135.64186 F8000
G0 Z0
G1 X202.53245 Y135.89187 F8000
G1 Z1 F8000
G1 X202.53245 Y135.89187 F8000
G1 X212.56575 Y135.89187 F8000
G0 Z0
G1 X212.31579 Y136.14187 F8000
G1 Z1 F8000
G1 X212.31579 Y136.14187 F8000
G1 X202.53245 Y136.14187 F8000
G0 Z0
G1 X202.54181 Y136.39188 F8000
G1 Z1 F8000
G1 X202.54181 Y136.39188 F8000
G1 X212.06583 Y136.39188 F8000
G0 Z0
G1 X211.81587 Y136.64188 F8000
G1 Z1 F8000
G1 X211.81587 Y136.64188 F8000
G1 X202.58865 Y136.64188 F8000
G0 Z0
G1 X202.69505 Y136.89186 F8000
G1 Z1 F8000
G1 X202.69505 Y136.89186 F8000
G1 X211.56591 Y136.89186 F8000
G0 Z0
G1 X211.31595 Y137.14186 F8000
G1 Z1 F8000
G1 X211.31595 Y137.14186 F8000
G1 X202.87842 Y137.14186 F8000
G0 Z0
G1 X203.23803 Y137.39187 F8000
G1 Z1 F8000
G1 X203.23803 Y137.39187 F8000
G1 X211.06599 Y137.39187 F8000
G0 Z0
G1 X212.39865 Y132.64186 F8000
G1 Z1 F8000
G1 X212.39865 Y132.64186 F8000
G1 X214.3871 Y132.64186 F8000
G0 Z0
G1 X214.14369 Y132.39188 F8000
G1 Z1 F8000
G1 X214.14369 Y132.39188 F8000
G1 X212.66976 Y132.39188 F8000
G0 Z0
G1 X213.32895 Y132.14187 F8000
G1 Z1 F8000
G1 X213.32895 Y132.14187 F8000
G1 X213.4845 Y132.14187 F8000
G0 Z0
G1 X215.87556 Y132.50933 F8000
G1 Z1 F8000
G1 X215.87556 Y132.50933 F8000
G1 X216.63643 Y131.55659 F8000
G1 X217.57017 Y130.67603 F8000
G1 X218.63673 Y129.92765 F8000
G1 X219.69268 Y129.40632 F8000
G1 X220.76644 Y129.07143 F8000
G1 X221.96458 Y128.90774 F8000
G1 X223.12637 Y128.94189 F8000
G1 X224.21584 Y129.13956 F8000
G1 X225.04841 Y129.41346 F8000
G1 X225.90473 Y129.82473 F8000
G1 X226.73619 Y130.37385 F8000
G1 X227.41572 Y130.95855 F8000
G1 X228.37975 Y132.08634 F8000
G1 X229.28772 Y133.62978 F8000
G1 X230.00437 Y134.62912 F8000
G1 X230.83747 Y135.55563 F8000
G1 X231.7733 Y136.36047 F8000
G1 X232.6433 Y136.91916 F8000
G1 X233.62028 Y137.35467 F8000
G1 X234.5623 Y137.60023 F8000
G1 X235.5851 Y137.6886 F8000
G1 X236.61404 Y137.59549 F8000
G1 X237.55149 Y137.33705 F8000
G1 X238.39855 Y136.94454 F8000
G1 X239.25741 Y136.37193 F8000
G1 X240.08638 Y135.62538 F8000
G1 X240.90566 Y134.65946 F8000
G1 X241.60453 Y133.59854 F8000
G1 X242.15495 Y132.50933 F8000
G0 Z0
G1 X242.15495 Y126.84499 F8000
G1 Z1 F8000
G1 X242.15495 Y126.84499 F8000
G1 X241.60453 Y127.9342 F8000
G1 X240.90566 Y128.99513 F8000
G1 X240.08638 Y129.96107 F8000
G1 X239.25741 Y130.70759 F8000
G1 X238.39855 Y131.2802 F8000
G1 X237.55149 Y131.67274 F8000
G1 X236.61404 Y131.93118 F8000
G1 X235.5851 Y132.02429 F8000
G1 X234.5623 Y131.93589 F8000
G1 X233.62028 Y131.69033 F8000
G1 X232.6433 Y131.25483 F8000
G1 X231.7733 Y130.69616 F8000
G1 X230.83747 Y129.8913 F8000
G1 X230.00437 Y128.96478 F8000
G1 X229.28772 Y127.96545 F8000
G1 X228.37975 Y126.422 F8000
G1 X227.41572 Y125.29421 F8000
G1 X226.73619 Y124.70954 F8000
G1 X225.90473 Y124.16039 F8000
G1 X225.04841 Y123.74913 F8000
G1 X224.21584 Y123.47523 F8000
G1 X223.12637 Y123.27758 F8000
G1 X221.96458 Y123.2434 F8000
G1 X220.76644 Y123.4071 F8000
G1 X219.69268 Y123.74198 F8000
G1 X218.63673 Y124.26332 F8000
G1 X217.57017 Y125.01169 F8000
G1 X216.63643 Y125.89228 F8000
G1 X215.87556 Y126.84499 F8000
G0 Z0
G1 X214.57965 Y127.39186 F8000
G1 Z1 F8000
G1 X214.57965 Y127.39186 F8000
G1 X211.97343 Y127.39186 F8000
G0 Z0
G1 X212.22348 Y127.14185 F8000
G1 Z1 F8000
G1 X212.22348 Y127.14185 F8000
G1 X214.4892 Y127.14185 F8000
G0 Z0
G1 X214.32569 Y126.89187 F8000
G1 Z1 F8000
G1 X214.32569 Y126.89187 F8000
G1 X212.47353 Y126.89187 F8000
G0 Z0
G1 X212.77429 Y126.64187 F8000
G1 Z1 F8000
G1 X212.77429 Y126.64187 F8000
G1 X214.03917 Y126.64187 F8000
G0 Z0
G1 X214.61226 Y127.64186 F8000
G1 Z1 F8000
G1 X214.61226 Y127.64186 F8000
G1 X211.72338 Y127.64186 F8000
G0 Z0
G1 X211.47333 Y127.89187 F8000
G1 Z1 F8000
G1 X211.47333 Y127.89187 F8000
G1 X214.59252 Y127.89187 F8000
G0 Z0
G1 X214.51615 Y128.14187 F8000
G1 Z1 F8000
G1 X214.51615 Y128.14187 F8000
G1 X211.22328 Y128.14187 F8000
G0 Z0
G1 X210.97323 Y128.39185 F8000
G1 Z1 F8000
G1 X210.97323 Y128.39185 F8000
G1 X214.36707 Y128.39185 F8000
G0 Z0
G1 X214.14039 Y128.64186 F8000
G1 Z1 F8000
G1 X214.14039 Y128.64186 F8000
G1 X210.72318 Y128.64186 F8000
G0 Z0
G1 X210.47313 Y128.89186 F8000
G1 Z1 F8000
G1 X210.47313 Y128.89186 F8000
G1 X213.89039 Y128.89186 F8000
G0 Z0
G1 X213.64038 Y129.14187 F8000
G1 Z1 F8000
G1 X213.64038 Y129.14187 F8000
G1 X210.22308 Y129.14187 F8000
G0 Z0
G1 X209.97303 Y129.39187 F8000
G1 Z1 F8000
G1 X209.97303 Y129.39187 F8000
G1 X213.39038 Y129.39187 F8000
G0 Z0
G1 X213.46476 Y123.64186 F8000
G1 Z1 F8000
G1 X213.46476 Y123.64186 F8000
G1 X210.04792 Y123.64186 F8000
G0 Z0
G1 X210.29792 Y123.39186 F8000
G1 Z1 F8000
G1 X210.29792 Y123.39186 F8000
G1 X213.71476 Y123.39186 F8000
G0 Z0
G1 X213.96476 Y123.14185 F8000
G1 Z1 F8000
G1 X213.96476 Y123.14185 F8000
G1 X210.54792 Y123.14185 F8000
G0 Z0
G1 X210.79792 Y122.89185 F8000
G1 Z1 F8000
G1 X210.79792 Y122.89185 F8000
G1 X214.21475 Y122.89185 F8000
G0 Z0
G1 X214.42238 Y122.64187 F8000
G1 Z1 F8000
G1 X214.42238 Y122.64187 F8000
G1 X211.04792 Y122.64187 F8000
G0 Z0
G1 X211.29792 Y122.39186 F8000
G1 Z1 F8000
G1 X211.29792 Y122.39186 F8000
G1 X214.54162 Y122.39186 F8000
G0 Z0
G1 X214.59988 Y122.14186 F8000
G1 Z1 F8000
G1 X214.59988 Y122.14186 F8000
G1 X211.54792 Y122.14186 F8000
G0 Z0
G1 X211.79792 Y121.89185 F8000
G1 Z1 F8000
G1 X211.79792 Y121.89185 F8000
G1 X214.60491 Y121.89185 F8000
G0 Z0
G1 X214.55705 Y121.64185 F8000
G1 Z1 F8000
G1 X214.55705 Y121.64185 F8000
G1 X212.04792 Y121.64185 F8000
G0 Z0
G1 X212.29792 Y121.39187 F8000
G1 Z1 F8000
G1 X212.29792 Y121.39187 F8000
G1 X214.44949 Y121.39187 F8000
G0 Z0
G1 X214.26471 Y121.14187 F8000
G1 Z1 F8000
G1 X214.26471 Y121.14187 F8000
G1 X212.54792 Y121.14187 F8000
G0 Z0
G1 X212.91358 Y120.89186 F8000
G1 Z1 F8000
G1 X212.91358 Y120.89186 F8000
G1 X213.89987 Y120.89186 F8000
G0 Z0
G1 X215.87556 Y121.18068 F8000
G1 Z1 F8000
G1 X215.87556 Y121.18068 F8000
G1 X216.63643 Y120.22794 F8000
G1 X217.57017 Y119.34738 F8000
G1 X218.63673 Y118.59898 F8000
G1 X219.69268 Y118.07767 F8000
G1 X220.76644 Y117.74276 F8000
G1 X221.96458 Y117.57906 F8000
G1 X223.12637 Y117.61325 F8000
G1 X224.21584 Y117.81089 F8000
G1 X225.04841 Y118.08479 F8000
G1 X225.90473 Y118.49606 F8000
G1 X226.73619 Y119.0452 F8000
G1 X227.41572 Y119.62988 F8000
G1 X228.37975 Y120.75767 F8000
G1 X229.28772 Y122.30111 F8000
G1 X230.00437 Y123.30044 F8000
G1 X230.83747 Y124.22696 F8000
G1 X231.7733 Y125.03183 F8000
G1 X232.6433 Y125.59049 F8000
G1 X233.62028 Y126.026 F8000
G1 X234.5623 Y126.27156 F8000
G1 X235.5851 Y126.35996 F8000
G1 X236.61404 Y126.26685 F8000
G1 X237.55149 Y126.0084 F8000
G1 X238.39855 Y125.61587 F8000
G1 X239.25741 Y125.04326 F8000
G1 X240.08638 Y124.29673 F8000
G1 X240.90566 Y123.33079 F8000
G1 X241.60453 Y122.26987 F8000
G1 X242.15495 Y121.18068 F8000
G0 Z0
G1 X242.15495 Y115.50513 F8000
G1 Z1 F8000
G1 X242.15495 Y115.50513 F8000
G1 X241.60453 Y116.59434 F8000
G1 X240.90566 Y117.65526 F8000
G1 X240.08638 Y118.62118 F8000
G1 X239.25741 Y119.36773 F8000
G1 X238.39855 Y119.94034 F8000
G1 X237.55149 Y120.33285 F8000
G1 X236.61404 Y120.59132 F8000
G1 X235.5851 Y120.6844 F8000
G1 X234.5623 Y120.59603 F8000
G1 X233.62028 Y120.35047 F8000
G1 X232.6433 Y119.91497 F8000
G1 X231.7733 Y119.35627 F8000
G1 X230.83747 Y118.55144 F8000
G1 X230.00437 Y117.62492 F8000
G1 X229.28772 Y116.62559 F8000
G1 X228.37975 Y115.08214 F8000
G1 X227.41572 Y113.95435 F8000
G1 X226.73619 Y113.36965 F8000
G1 X225.90473 Y112.82053 F8000
G1 X225.04841 Y112.40926 F8000
G1 X224.21584 Y112.13537 F8000
G1 X223.12637 Y111.93772 F8000
G1 X221.96458 Y111.90354 F8000
G1 X220.76644 Y112.06724 F8000
G1 X219.69268 Y112.40212 F8000
G1 X218.63673 Y112.92345 F8000
G1 X217.57017 Y113.67183 F8000
G1 X216.63643 Y114.55242 F8000
G1 X215.87556 Y115.50513 F8000
G0 Z0
G1 X214.53446 Y115.89187 F8000
G1 Z1 F8000
G1 X214.53446 Y115.89187 F8000
G1 X212.12229 Y115.89187 F8000
G0 Z0
G1 X211.87229 Y116.14185 F8000
G1 Z1 F8000
G1 X211.87229 Y116.14185 F8000
G1 X214.59756 Y116.14185 F8000
G0 Z0
G1 X214.60726 Y116.39185 F8000
G1 Z1 F8000
G1 X214.60726 Y116.39185 F8000
G1 X211.62229 Y116.39185 F8000
G0 Z0
G1 X211.37229 Y116.64186 F8000
G1 Z1 F8000
G1 X211.37229 Y116.64186 F8000
G1 X214.56423 Y116.64186 F8000
G0 Z0
G1 X214.46211 Y116.89186 F8000
G1 Z1 F8000
G1 X214.46211 Y116.89186 F8000
G1 X211.12229 Y116.89186 F8000
G0 Z0
G1 X210.87229 Y117.14187 F8000
G1 Z1 F8000
G1 X210.87229 Y117.14187 F8000
G1 X214.28407 Y117.14187 F8000
G0 Z0
G1 X214.03915 Y117.39185 F8000
G1 Z1 F8000
G1 X214.03915 Y117.39185 F8000
G1 X210.62229 Y117.39185 F8000
G0 Z0
G1 X210.37229 Y117.64185 F8000
G1 Z1 F8000
G1 X210.37229 Y117.64185 F8000
G1 X213.78915 Y117.64185 F8000
G0 Z0
G1 X213.53915 Y117.89186 F8000
G1 Z1 F8000
G1 X213.53915 Y117.89186 F8000
G1 X210.12229 Y117.89186 F8000
G0 Z0
G1 X212.37229 Y115.64186 F8000
G1 Z1 F8000
G1 X212.37229 Y115.64186 F8000
G1 X214.40872 Y115.64186 F8000
G0 Z0
G1 X214.17584 Y115.39186 F8000
G1 Z1 F8000
G1 X214.17584 Y115.39186 F8000
G1 X212.63761 Y115.39186 F8000
G0 Z0
G1 X213.13497 Y115.14185 F8000
G1 Z1 F8000
G1 X213.13497 Y115.14185 F8000
G1 X213.67848 Y115.14185 F8000
G0 Z0
G1 X213.61352 Y112.14185 F8000
G1 Z1 F8000
G1 X213.61352 Y112.14185 F8000
G1 X210.19666 Y112.14185 F8000
G0 Z0
G1 X210.44666 Y111.89184 F8000
G1 Z1 F8000
G1 X210.44666 Y111.89184 F8000
G1 X213.86352 Y111.89184 F8000
G0 Z0
G1 X214.11352 Y111.64186 F8000
G1 Z1 F8000
G1 X214.11352 Y111.64186 F8000
G1 X210.69667 Y111.64186 F8000
G0 Z0
G1 X210.94667 Y111.39186 F8000
G1 Z1 F8000
G1 X210.94667 Y111.39186 F8000
G1 X214.34505 Y111.39186 F8000
G0 Z0
G1 X214.50181 Y111.14185 F8000
G1 Z1 F8000
G1 X214.50181 Y111.14185 F8000
G1 X211.19667 Y111.14185 F8000
G0 Z0
G1 X211.44667 Y110.89185 F8000
G1 Z1 F8000
G1 X211.44667 Y110.89185 F8000
G1 X214.58682 Y110.89185 F8000
G0 Z0
G1 X214.6146 Y110.64184 F8000
G1 Z1 F8000
G1 X214.6146 Y110.64184 F8000
G1 X211.69668 Y110.64184 F8000
G0 Z0
G1 X211.94668 Y110.39187 F8000
G1 Z1 F8000
G1 X211.94668 Y110.39187 F8000
G1 X214.58781 Y110.39187 F8000
G0 Z0
G1 X214.50354 Y110.14186 F8000
G1 Z1 F8000
G1 X214.50354 Y110.14186 F8000
G1 X212.19668 Y110.14186 F8000
G0 Z0
G1 X212.44668 Y109.89186 F8000
G1 Z1 F8000
G1 X212.44668 Y109.89186 F8000
G1 X214.34771 Y109.89186 F8000
G0 Z0
G1 X214.08511 Y109.64185 F8000
G1 Z1 F8000
G1 X214.08511 Y109.64185 F8000
G1 X212.72834 Y109.64185 F8000
G0 Z0
G1 X215.87556 Y109.8296 F8000
G1 Z1 F8000
G1 X215.87556 Y109.8296 F8000
G1 X216.63643 Y108.87686 F8000
G1 X217.57017 Y107.9963 F8000
G1 X218.63673 Y107.2479 F8000
G1 X219.69268 Y106.72659 F8000
G1 X220.76644 Y106.39171 F8000
G1 X221.96458 Y106.22801 F8000
G1 X223.12637 Y106.26217 F8000
G1 X224.21584 Y106.45981 F8000
G1 X225.04841 Y106.73374 F8000
G1 X225.90473 Y107.14498 F8000
G1 X226.73619 Y107.69412 F8000
G1 X227.41572 Y108.2788 F8000
G1 X228.37975 Y109.40661 F8000
G1 X229.28772 Y110.95003 F8000
G1 X230.00437 Y111.94936 F8000
G1 X230.83747 Y112.87588 F8000
G1 X231.7733 Y113.68074 F8000
G1 X232.6433 Y114.23944 F8000
G1 X233.62028 Y114.67492 F8000
G1 X234.5623 Y114.9205 F8000
G1 X235.5851 Y115.00887 F8000
G1 X236.61404 Y114.91577 F8000
G1 X237.55149 Y114.65732 F8000
G1 X238.39855 Y114.26481 F8000
G1 X239.25741 Y113.69217 F8000
G1 X240.08638 Y112.94565 F8000
G1 X240.90566 Y111.97971 F8000
G1 X241.60453 Y110.91878 F8000
G1 X242.15495 Y109.8296 F8000
G0 Z0
G1 X242.15495 Y104.16526 F8000
G1 Z1 F8000
G1 X242.15495 Y104.16526 F8000
G1 X241.60453 Y105.25445 F8000
G1 X240.90566 Y106.3154 F8000
G1 X240.08638 Y107.28132 F8000
G1 X239.25741 Y108.02787 F8000
G1 X238.39855 Y108.60048 F8000
G1 X237.55149 Y108.99299 F8000
G1 X236.61404 Y109.25143 F8000
G1 X235.5851 Y109.34454 F8000
G1 X234.5623 Y109.25617 F8000
G1 X233.62028 Y109.01061 F8000
G1 X232.6433 Y108.5751 F8000
G1 X231.7733 Y108.01641 F8000
G1 X230.83747 Y107.21157 F8000
G1 X230.00437 Y106.28505 F8000
G1 X229.28772 Y105.28572 F8000
G1 X228.37975 Y103.74228 F8000
G1 X227.41572 Y102.61449 F8000
G1 X226.73619 Y102.02979 F8000
G1 X225.90473 Y101.48067 F8000
G1 X225.04841 Y101.0694 F8000
G1 X224.21584 Y100.7955 F8000
G1 X223.12637 Y100.59783 F8000
G1 X221.96458 Y100.56368 F8000
G1 X220.76644 Y100.72737 F8000
G1 X219.69268 Y101.06226 F8000
G1 X218.63673 Y101.58359 F8000
G1 X217.57017 Y102.33197 F8000
G1 X216.63643 Y103.21253 F8000
G1 X215.87556 Y104.16526 F8000
G0 Z0
G1 X214.46384 Y104.39185 F8000
G1 Z1 F8000
G1 X214.46384 Y104.39185 F8000
G1 X212.27105 Y104.39185 F8000
G0 Z0
G1 X212.52105 Y104.14185 F8000
G1 Z1 F8000
G1 X212.52105 Y104.14185 F8000
G1 X214.28673 Y104.14185 F8000
G0 Z0
G1 X213.95018 Y103.89184 F8000
G1 Z1 F8000
G1 X213.95018 Y103.89184 F8000
G1 X212.86327 Y103.89184 F8000
G0 Z0
G1 X212.34542 Y98.64185 F8000
G1 Z1 F8000
G1 X212.34542 Y98.64185 F8000
G1 X214.42414 Y98.64185 F8000
G0 Z0
G1 X214.20861 Y98.39184 F8000
G1 Z1 F8000
G1 X214.20861 Y98.39184 F8000
G1 X212.60485 Y98.39184 F8000
G0 Z0
G1 X213.04657 Y98.14184 F8000
G1 Z1 F8000
G1 X213.04657 Y98.14184 F8000
G1 X213.76688 Y98.14184 F8000
G0 Z0
G1 X215.87556 Y98.50093 F8000
G1 Z1 F8000
G1 X215.87556 Y98.50093 F8000
G1 X216.63643 Y97.54822 F8000
G1 X217.57017 Y96.66763 F8000
G1 X218.63673 Y95.91926 F8000
G1 X219.69268 Y95.39792 F8000
G1 X220.76644 Y95.06304 F8000
G1 X221.96458 Y94.89934 F8000
G1 X223.12637 Y94.93352 F8000
G1 X224.21584 Y95.13117 F8000
G1 X225.04841 Y95.40506 F8000
G1 X225.90473 Y95.81633 F8000
G1 X226.73619 Y96.36548 F8000
G1 X227.41572 Y96.95015 F8000
G1 X228.37975 Y98.07794 F8000
G1 X229.28772 Y99.62139 F8000
G1 X230.00437 Y100.62072 F8000
G1 X230.83747 Y101.54724 F8000
G1 X231.7733 Y102.35207 F8000
G1 X232.6433 Y102.91077 F8000
G1 X233.62028 Y103.34627 F8000
G1 X234.5623 Y103.59183 F8000
G1 X235.5851 Y103.6802 F8000
G1 X236.61404 Y103.58712 F8000
G1 X237.55149 Y103.32865 F8000
G1 X238.39855 Y102.93614 F8000
G1 X239.25741 Y102.36353 F8000
G1 X240.08638 Y101.61698 F8000
G1 X240.90566 Y100.65107 F8000
G1 X241.60453 Y99.59014 F8000
G1 X242.15495 Y98.50093 F8000
G0 Z0
G1 X242.15495 Y92.8254 F8000
G1 Z1 F8000
G1 X242.15495 Y92.8254 F8000
G1 X241.60453 Y93.91459 F8000
G1 X240.90566 Y94.97554 F8000
G1 X240.08638 Y95.94145 F8000
G1 X239.25741 Y96.68798 F8000
G1 X238.39855 Y97.26062 F8000
G1 X237.55149 Y97.65312 F8000
G1 X236.61404 Y97.91157 F8000
G1 X235.5851 Y98.00468 F8000
G1 X234.5623 Y97.91631 F8000
G1 X233.62028 Y97.67072 F8000
G1 X232.6433 Y97.23524 F8000
G1 X231.7733 Y96.67655 F8000
G1 X230.83747 Y95.87168 F8000
G1 X230.00437 Y94.94517 F8000
G1 X229.28772 Y93.94583 F8000
G1 X228.37975 Y92.40241 F8000
G1 X227.41572 Y91.27463 F8000
G1 X226.73619 Y90.68992 F8000
G1 X225.90473 Y90.14078 F8000
G1 X225.04841 Y89.72954 F8000
G1 X224.21584 Y89.45564 F8000
G1 X223.12637 Y89.25797 F8000
G1 X221.96458 Y89.22381 F8000
G1 X220.76644 Y89.38751 F8000
G1 X219.69268 Y89.72239 F8000
G1 X218.63673 Y90.24373 F8000
G1 X217.57017 Y90.9921 F8000
G1 X216.63643 Y91.87266 F8000
G1 X215.87556 Y92.8254 F8000
G0 Z0
G1 X214.36933 Y92.89184 F8000
G1 Z1 F8000
G1 X214.36933 Y92.89184 F8000
G1 X212.42032 Y92.89184 F8000
G0 Z0
G1 X212.69619 Y92.64183 F8000
G1 Z1 F8000
G1 X212.69619 Y92.64183 F8000
G1 X214.11726 Y92.64183 F8000
G0 Z0
G1 X204.94884 Y103.64184 F8000
G1 Z1 F8000
G1 X204.94884 Y103.64184 F8000
G1 X202.53245 Y103.64184 F8000
G0 Z0
G1 X204.94884 Y103.89184 F8000
G1 Z1 F8000
G1 X204.94884 Y103.89184 F8000
G1 X187.05215 Y103.89184 F8000
G0 Z0
G1 X186.50328 Y104.14185 F8000
G1 Z1 F8000
G1 X186.50328 Y104.14185 F8000
G1 X204.94884 Y104.14185 F8000
G0 Z0
G1 X204.94884 Y104.39185 F8000
G1 Z1 F8000
G1 X204.94884 Y104.39185 F8000
G1 X186.26382 Y104.39185 F8000
G0 Z0
G1 X186.12943 Y104.64186 F8000
G1 Z1 F8000
G1 X186.12943 Y104.64186 F8000
G1 X204.94884 Y104.64186 F8000
G0 Z0
G1 X204.94884 Y104.89186 F8000
G1 Z1 F8000
G1 X204.94884 Y104.89186 F8000
G1 X186.06196 Y104.89186 F8000
G0 Z0
G1 X186.05156 Y105.14184 F8000
G1 Z1 F8000
G1 X186.05156 Y105.14184 F8000
G1 X204.94884 Y105.14184 F8000
G0 Z0
G1 X204.94884 Y105.39185 F8000
G1 Z1 F8000
G1 X204.94884 Y105.39185 F8000
G1 X186.09136 Y105.39185 F8000
G0 Z0
G1 X186.18987 Y105.64185 F8000
G1 Z1 F8000
G1 X186.18987 Y105.64185 F8000
G1 X204.94884 Y105.64185 F8000
G0 Z0
G1 X204.94884 Y105.89186 F8000
G1 Z1 F8000
G1 X204.94884 Y105.89186 F8000
G1 X186.36342 Y105.89186 F8000
G0 Z0
G1 X186.68687 Y106.14186 F8000
G1 Z1 F8000
G1 X186.68687 Y106.14186 F8000
G1 X204.94884 Y106.14186 F8000
G0 Z0
G1 X196.26935 Y115.63107 F8000
G1 Z1 F8000
G1 X196.26935 Y115.63107 F8000
G1 X182.44995 Y115.63107 F8000
G0 Z0
G1 X182.21222 Y115.88107 F8000
G1 Z1 F8000
G1 X182.21222 Y115.88107 F8000
G1 X196.50707 Y115.88107 F8000
G0 Z0
G1 X196.70952 Y116.13108 F8000
G1 Z1 F8000
G1 X196.70952 Y116.13108 F8000
G1 X182.00978 Y116.13108 F8000
G0 Z0
G1 X181.83676 Y116.38108 F8000
G1 Z1 F8000
G1 X181.83676 Y116.38108 F8000
G1 X196.88228 Y116.38108 F8000
G0 Z0
G1 X197.03092 Y116.63109 F8000
G1 Z1 F8000
G1 X197.03092 Y116.63109 F8000
G1 X181.68814 Y116.63109 F8000
G0 Z0
G1 X181.56161 Y116.88109 F8000
G1 Z1 F8000
G1 X181.56161 Y116.88109 F8000
G1 X197.15769 Y116.88109 F8000
G0 Z0
G1 X197.26413 Y117.13107 F8000
G1 Z1 F8000
G1 X197.26413 Y117.13107 F8000
G1 X181.45507 Y117.13107 F8000
G0 Z0
G1 X181.36634 Y117.38108 F8000
G1 Z1 F8000
G1 X181.36634 Y117.38108 F8000
G1 X197.35296 Y117.38108 F8000
G0 Z0
G1 X197.42379 Y117.63108 F8000
G1 Z1 F8000
G1 X197.42379 Y117.63108 F8000
G1 X181.29525 Y117.63108 F8000
G0 Z0
G1 X181.24018 Y117.88109 F8000
G1 Z1 F8000
G1 X181.24018 Y117.88109 F8000
G1 X197.47912 Y117.88109 F8000
G0 Z0
G1 X197.51842 Y118.13109 F8000
G1 Z1 F8000
G1 X197.51842 Y118.13109 F8000
G1 X181.20088 Y118.13109 F8000
G0 Z0
G1 X181.17662 Y118.38107 F8000
G1 Z1 F8000
G1 X181.17662 Y118.38107 F8000
G1 X197.54267 Y118.38107 F8000
G0 Z0
G1 X197.55201 Y118.63108 F8000
G1 Z1 F8000
G1 X197.55201 Y118.63108 F8000
G1 X181.16726 Y118.63108 F8000
G0 Z0
G1 X181.16673 Y118.88108 F8000
G1 Z1 F8000
G1 X181.16673 Y118.88108 F8000
G1 X197.55239 Y118.88108 F8000
G0 Z0
G1 X197.55239 Y119.13109 F8000
G1 Z1 F8000
G1 X197.55239 Y119.13109 F8000
G1 X181.16673 Y119.13109 F8000
G0 Z0
G1 X181.16673 Y119.38109 F8000
G1 Z1 F8000
G1 X181.16673 Y119.38109 F8000
G1 X197.55239 Y119.38109 F8000
G0 Z0
G1 X197.55239 Y119.6311 F8000
G1 Z1 F8000
G1 X197.55239 Y119.6311 F8000
G1 X181.16673 Y119.6311 F8000
G0 Z0
G1 X181.16673 Y119.88107 F8000
G1 Z1 F8000
G1 X181.16673 Y119.88107 F8000
G1 X197.55239 Y119.88107 F8000
G0 Z0
G1 X197.55239 Y120.13108 F8000
G1 Z1 F8000
G1 X197.55239 Y120.13108 F8000
G1 X181.16673 Y120.13108 F8000
G0 Z0
G1 X181.16726 Y120.38108 F8000
G1 Z1 F8000
G1 X181.16726 Y120.38108 F8000
G1 X197.5517 Y120.38108 F8000
G0 Z0
G1 X197.54178 Y120.63109 F8000
G1 Z1 F8000
G1 X197.54178 Y120.63109 F8000
G1 X181.17716 Y120.63109 F8000
G0 Z0
G1 X183.02469 Y123.83686 F8000
G1 Z1 F8000
G1 X183.02469 Y123.83686 F8000
G1 X184.10708 Y124.36264 F8000
G1 X185.29376 Y124.56219 F8000
G1 X193.52572 Y124.55859 F8000
G1 X194.41877 Y124.41934 F8000
G1 X195.26181 Y124.0934 F8000
G1 X196.0163 Y123.59575 F8000
G1 X196.64778 Y122.94908 F8000
G1 X197.12734 Y122.18295 F8000
G1 X197.43312 Y121.33239 F8000
G1 X197.5475 Y120.53682 F8000
G1 X197.54152 Y118.36263 F8000
G1 X197.40822 Y117.57002 F8000
G1 X197.0823 Y116.72697 F8000
G1 X196.51967 Y115.89565 F8000
G1 X195.77688 Y115.22044 F8000
G1 X194.89584 Y114.73934 F8000
G1 X193.92622 Y114.47955 F8000
G1 X185.19322 Y114.44129 F8000
G1 X184.30014 Y114.58057 F8000
G1 X183.45713 Y114.90648 F8000
G1 X182.55056 Y115.53592 F8000
G1 X181.83777 Y116.37854 F8000
G1 X181.3674 Y117.37695 F8000
G1 X181.17145 Y118.46306 F8000
G1 X181.17742 Y120.63725 F8000
G1 X181.39917 Y121.71842 F8000
G1 X181.68378 Y122.36178 F8000
G1 X182.07116 Y122.94908 F8000
G1 X182.4769 Y123.3954 F8000
G1 X183.02469 Y123.83686 F8000
G0 Z0
G1 X181.20227 Y120.88109 F8000
G1 Z1 F8000
G1 X181.20227 Y120.88109 F8000
G1 X197.5167 Y120.88109 F8000
G0 Z0
G1 X197.47684 Y121.13107 F8000
G1 Z1 F8000
G1 X197.47684 Y121.13107 F8000
G1 X181.24213 Y121.13107 F8000
G0 Z0
G1 X181.29808 Y121.38108 F8000
G1 Z1 F8000
G1 X181.29808 Y121.38108 F8000
G1 X197.42062 Y121.38108 F8000
G0 Z0
G1 X197.34895 Y121.63108 F8000
G1 Z1 F8000
G1 X197.34895 Y121.63108 F8000
G1 X181.37002 Y121.63108 F8000
G0 Z0
G1 X181.45956 Y121.88109 F8000
G1 Z1 F8000
G1 X181.45956 Y121.88109 F8000
G1 X197.25934 Y121.88109 F8000
G0 Z0
G1 X197.15152 Y122.13109 F8000
G1 Z1 F8000
G1 X197.15152 Y122.13109 F8000
G1 X181.56744 Y122.13109 F8000
G0 Z0
G1 X181.69466 Y122.3811 F8000
G1 Z1 F8000
G1 X181.69466 Y122.3811 F8000
G1 X197.0241 Y122.3811 F8000
G0 Z0
G1 X196.87444 Y122.63107 F8000
G1 Z1 F8000
G1 X196.87444 Y122.63107 F8000
G1 X181.8443 Y122.63107 F8000
G0 Z0
G1 X182.01873 Y122.88108 F8000
G1 Z1 F8000
G1 X182.01873 Y122.88108 F8000
G1 X196.70024 Y122.88108 F8000
G0 Z0
G1 X196.49628 Y123.13108 F8000
G1 Z1 F8000
G1 X196.49628 Y123.13108 F8000
G1 X182.22269 Y123.13108 F8000
G0 Z0
G1 X182.46168 Y123.38109 F8000
G1 Z1 F8000
G1 X182.46168 Y123.38109 F8000
G1 X196.25729 Y123.38109 F8000
G0 Z0
G1 X195.97142 Y123.63109 F8000
G1 Z1 F8000
G1 X195.97142 Y123.63109 F8000
G1 X182.74755 Y123.63109 F8000
G0 Z0
G1 X183.09303 Y123.88107 F8000
G1 Z1 F8000
G1 X183.09303 Y123.88107 F8000
G1 X195.62589 Y123.88107 F8000
G0 Z0
G1 X195.18898 Y124.13108 F8000
G1 Z1 F8000
G1 X195.18898 Y124.13108 F8000
G1 X183.52998 Y124.13108 F8000
G0 Z0
G1 X184.17046 Y124.38108 F8000
G1 Z1 F8000
G1 X184.17046 Y124.38108 F8000
G1 X194.54842 Y124.38108 F8000
G0 Z0
G1 X195.98823 Y115.38109 F8000
G1 Z1 F8000
G1 X195.98823 Y115.38109 F8000
G1 X182.73107 Y115.38109 F8000
G0 Z0
G1 X183.07205 Y115.13109 F8000
G1 Z1 F8000
G1 X183.07205 Y115.13109 F8000
G1 X195.64713 Y115.13109 F8000
G0 Z0
G1 X195.21277 Y114.88108 F8000
G1 Z1 F8000
G1 X195.21277 Y114.88108 F8000
G1 X183.50653 Y114.88108 F8000
G0 Z0
G1 X183.35154 Y114.29054 F8000
G1 Z1 F8000
G1 X183.35154 Y114.29054 F8000
G1 X178.52164 Y114.29054 F8000
G0 Z0
G1 X178.08858 Y114.54054 F8000
G1 Z1 F8000
G1 X178.08858 Y114.54054 F8000
G1 X182.91866 Y114.54054 F8000
G0 Z0
G1 X182.48578 Y114.79054 F8000
G1 Z1 F8000
G1 X182.48578 Y114.79054 F8000
G1 X177.65552 Y114.79054 F8000
G0 Z0
G1 X187.20138 Y111.15082 F8000
G1 Z1 F8000
G1 X187.20138 Y111.15082 F8000
G1 X187.14682 Y111.77371 F8000
G1 X186.93706 Y112.13698 F8000
G1 X186.70457 Y112.35002 F8000
G1 X180.01868 Y116.21569 F8000
G1 X180.01868 Y122.70513 F8000
G1 X182.13466 Y125.0849 F8000
G1 X182.28862 Y125.36004 F8000
G1 X182.37392 Y125.77075 F8000
G1 X182.27629 Y126.28436 F8000
G1 X181.88915 Y126.77535 F8000
G1 X181.30821 Y127.00702 F8000
G1 X180.68924 Y126.91712 F8000
G1 X180.26488 Y126.61142 F8000
G1 X177.60258 Y123.62583 F8000
G1 X177.60258 Y114.82065 F8000
G1 X185.59875 Y110.22539 F8000
G1 X186.11717 Y110.15721 F8000
G1 X186.61583 Y110.31448 F8000
G1 X187.00133 Y110.66772 F8000
G1 X187.20138 Y111.15082 F8000
G0 Z0
G1 X177.60272 Y115.04054 F8000
G1 Z1 F8000
G1 X177.60272 Y115.04054 F8000
G1 X182.05289 Y115.04054 F8000
G0 Z0
G1 X181.62001 Y115.29054 F8000
G1 Z1 F8000
G1 X181.62001 Y115.29054 F8000
G1 X177.60272 Y115.29054 F8000
G0 Z0
G1 X177.60272 Y115.54054 F8000
G1 Z1 F8000
G1 X177.60272 Y115.54054 F8000
G1 X181.18713 Y115.54054 F8000
G0 Z0
G1 X180.75425 Y115.79054 F8000
G1 Z1 F8000
G1 X180.75425 Y115.79054 F8000
G1 X177.60272 Y115.79054 F8000
G0 Z0
G1 X177.60272 Y116.04054 F8000
G1 Z1 F8000
G1 X177.60272 Y116.04054 F8000
G1 X180.32136 Y116.04054 F8000
G0 Z0
G1 X180.01863 Y116.29054 F8000
G1 Z1 F8000
G1 X180.01863 Y116.29054 F8000
G1 X177.60272 Y116.29054 F8000
G0 Z0
G1 X177.60272 Y116.54054 F8000
G1 Z1 F8000
G1 X177.60272 Y116.54054 F8000
G1 X180.01863 Y116.54054 F8000
G0 Z0
G1 X180.01863 Y116.79054 F8000
G1 Z1 F8000
G1 X180.01863 Y116.79054 F8000
G1 X177.60272 Y116.79054 F8000
G0 Z0
G1 X177.60272 Y117.04054 F8000
G1 Z1 F8000
G1 X177.60272 Y117.04054 F8000
G1 X180.01863 Y117.04054 F8000
G0 Z0
G1 X180.01863 Y117.29054 F8000
G1 Z1 F8000
G1 X180.01863 Y117.29054 F8000
G1 X177.60272 Y117.29054 F8000
G0 Z0
G1 X177.60272 Y117.54054 F8000
G1 Z1 F8000
G1 X177.60272 Y117.54054 F8000
G1 X180.01863 Y117.54054 F8000
G0 Z0
G1 X180.01863 Y117.79054 F8000
G1 Z1 F8000
G1 X180.01863 Y117.79054 F8000
G1 X177.60272 Y117.79054 F8000
G0 Z0
G1 X177.60272 Y118.04054 F8000
G1 Z1 F8000
G1 X177.60272 Y118.04054 F8000
G1 X180.01863 Y118.04054 F8000
G0 Z0
G1 X180.01863 Y118.29054 F8000
G1 Z1 F8000
G1 X180.01863 Y118.29054 F8000
G1 X177.60272 Y118.29054 F8000
G0 Z0
G1 X177.60272 Y118.54054 F8000
G1 Z1 F8000
G1 X177.60272 Y118.54054 F8000
G1 X180.01863 Y118.54054 F8000
G0 Z0
G1 X180.01863 Y118.79054 F8000
G1 Z1 F8000
G1 X180.01863 Y118.79054 F8000
G1 X177.60272 Y118.79054 F8000
G0 Z0
G1 X177.60272 Y119.04054 F8000
G1 Z1 F8000
G1 X177.60272 Y119.04054 F8000
G1 X180.01863 Y119.04054 F8000
G0 Z0
G1 X180.01863 Y119.29054 F8000
G1 Z1 F8000
G1 X180.01863 Y119.29054 F8000
G1 X177.60272 Y119.29054 F8000
G0 Z0
G1 X177.60272 Y119.54054 F8000
G1 Z1 F8000
G1 X177.60272 Y119.54054 F8000
G1 X180.01863 Y119.54054 F8000
G0 Z0
G1 X180.01863 Y119.79054 F8000
G1 Z1 F8000
G1 X180.01863 Y119.79054 F8000
G1 X177.60272 Y119.79054 F8000
G0 Z0
G1 X177.60272 Y120.04054 F8000
G1 Z1 F8000
G1 X177.60272 Y120.04054 F8000
G1 X180.01863 Y120.04054 F8000
G0 Z0
G1 X180.01863 Y120.29054 F8000
G1 Z1 F8000
G1 X180.01863 Y120.29054 F8000
G1 X177.60272 Y120.29054 F8000
G0 Z0
G1 X177.60272 Y120.54054 F8000
G1 Z1 F8000
G1 X177.60272 Y120.54054 F8000
G1 X180.01863 Y120.54054 F8000
G0 Z0
G1 X180.01863 Y120.79054 F8000
G1 Z1 F8000
G1 X180.01863 Y120.79054 F8000
G1 X177.60272 Y120.79054 F8000
G0 Z0
G1 X177.60272 Y121.04054 F8000
G1 Z1 F8000
G1 X177.60272 Y121.04054 F8000
G1 X180.01863 Y121.04054 F8000
G0 Z0
G1 X180.01863 Y121.29054 F8000
G1 Z1 F8000
G1 X180.01863 Y121.29054 F8000
G1 X177.60272 Y121.29054 F8000
G0 Z0
G1 X177.60272 Y121.54054 F8000
G1 Z1 F8000
G1 X177.60272 Y121.54054 F8000
G1 X180.01863 Y121.54054 F8000
G0 Z0
G1 X180.01863 Y121.79054 F8000
G1 Z1 F8000
G1 X180.01863 Y121.79054 F8000
G1 X177.60272 Y121.79054 F8000
G0 Z0
G1 X177.60272 Y122.04054 F8000
G1 Z1 F8000
G1 X177.60272 Y122.04054 F8000
G1 X180.01863 Y122.04054 F8000
G0 Z0
G1 X180.01863 Y122.29054 F8000
G1 Z1 F8000
G1 X180.01863 Y122.29054 F8000
G1 X177.60272 Y122.29054 F8000
G0 Z0
G1 X177.60272 Y122.54054 F8000
G1 Z1 F8000
G1 X177.60272 Y122.54054 F8000
G1 X180.01863 Y122.54054 F8000
G0 Z0
G1 X180.09442 Y122.79054 F8000
G1 Z1 F8000
G1 X180.09442 Y122.79054 F8000
G1 X177.60272 Y122.79054 F8000
G0 Z0
G1 X177.60272 Y123.04054 F8000
G1 Z1 F8000
G1 X177.60272 Y123.04054 F8000
G1 X180.31752 Y123.04054 F8000
G0 Z0
G1 X180.54062 Y123.29054 F8000
G1 Z1 F8000
G1 X180.54062 Y123.29054 F8000
G1 X177.60272 Y123.29054 F8000
G0 Z0
G1 X177.60272 Y123.54054 F8000
G1 Z1 F8000
G1 X177.60272 Y123.54054 F8000
G1 X180.76372 Y123.54054 F8000
G0 Z0
G1 X180.98682 Y123.79054 F8000
G1 Z1 F8000
G1 X180.98682 Y123.79054 F8000
G1 X177.74917 Y123.79054 F8000
G0 Z0
G1 X177.97218 Y124.04054 F8000
G1 Z1 F8000
G1 X177.97218 Y124.04054 F8000
G1 X181.20992 Y124.04054 F8000
G0 Z0
G1 X181.43302 Y124.29054 F8000
G1 Z1 F8000
G1 X181.43302 Y124.29054 F8000
G1 X178.19518 Y124.29054 F8000
G0 Z0
G1 X178.41819 Y124.54054 F8000
G1 Z1 F8000
G1 X178.41819 Y124.54054 F8000
G1 X181.65612 Y124.54054 F8000
G0 Z0
G1 X181.87922 Y124.79054 F8000
G1 Z1 F8000
G1 X181.87922 Y124.79054 F8000
G1 X178.64119 Y124.79054 F8000
G0 Z0
G1 X178.8642 Y125.04054 F8000
G1 Z1 F8000
G1 X178.8642 Y125.04054 F8000
G1 X182.09927 Y125.04054 F8000
G0 Z0
G1 X182.2574 Y125.29054 F8000
G1 Z1 F8000
G1 X182.2574 Y125.29054 F8000
G1 X179.0872 Y125.29054 F8000
G0 Z0
G1 X179.31021 Y125.54054 F8000
G1 Z1 F8000
G1 X179.31021 Y125.54054 F8000
G1 X182.34421 Y125.54054 F8000
G0 Z0
G1 X182.37369 Y125.79054 F8000
G1 Z1 F8000
G1 X182.37369 Y125.79054 F8000
G1 X179.53322 Y125.79054 F8000
G0 Z0
G1 X179.75622 Y126.04054 F8000
G1 Z1 F8000
G1 X179.75622 Y126.04054 F8000
G1 X182.35062 Y126.04054 F8000
G0 Z0
G1 X182.27379 Y126.29054 F8000
G1 Z1 F8000
G1 X182.27379 Y126.29054 F8000
G1 X179.97923 Y126.29054 F8000
G0 Z0
G1 X180.20223 Y126.54054 F8000
G1 Z1 F8000
G1 X180.20223 Y126.54054 F8000
G1 X182.12567 Y126.54054 F8000
G0 Z0
G1 X181.86679 Y126.79054 F8000
G1 Z1 F8000
G1 X181.86679 Y126.79054 F8000
G1 X180.46627 Y126.79054 F8000
G0 Z0
G1 X184.12952 Y114.63108 F8000
G1 Z1 F8000
G1 X184.12952 Y114.63108 F8000
G1 X194.58958 Y114.63108 F8000
G0 Z0
G1 X187.13958 Y111.79054 F8000
G1 Z1 F8000
G1 X187.13958 Y111.79054 F8000
G1 X182.85224 Y111.79054 F8000
G0 Z0
G1 X183.2853 Y111.54054 F8000
G1 Z1 F8000
G1 X183.2853 Y111.54054 F8000
G1 X187.20511 Y111.54054 F8000
G0 Z0
G1 X187.21666 Y111.29054 F8000
G1 Z1 F8000
G1 X187.21666 Y111.29054 F8000
G1 X183.71836 Y111.29054 F8000
G0 Z0
G1 X184.15141 Y111.04053 F8000
G1 Z1 F8000
G1 X184.15141 Y111.04053 F8000
G1 X187.17617 Y111.04053 F8000
G0 Z0
G1 X187.07549 Y110.79053 F8000
G1 Z1 F8000
G1 X187.07549 Y110.79053 F8000
G1 X184.58447 Y110.79053 F8000
G0 Z0
G1 X185.01753 Y110.54053 F8000
G1 Z1 F8000
G1 X185.01753 Y110.54053 F8000
G1 X186.89732 Y110.54053 F8000
G0 Z0
G1 X186.56999 Y110.29053 F8000
G1 Z1 F8000
G1 X186.56999 Y110.29053 F8000
G1 X185.45369 Y110.29053 F8000
G0 Z0
G1 X183.81159 Y110.19331 F8000
G1 Z1 F8000
G1 X183.81159 Y110.19331 F8000
G1 X168.70261 Y110.19331 F8000
G0 Z0
G1 X168.7026 Y109.94331 F8000
G1 Z1 F8000
G1 X168.7026 Y109.94331 F8000
G1 X183.81105 Y109.94331 F8000
G0 Z0
G1 X183.81051 Y109.69331 F8000
G1 Z1 F8000
G1 X183.81051 Y109.69331 F8000
G1 X168.7026 Y109.69331 F8000
G0 Z0
G1 X168.70259 Y109.44331 F8000
G1 Z1 F8000
G1 X168.70259 Y109.44331 F8000
G1 X183.80997 Y109.44331 F8000
G0 Z0
G1 X183.80943 Y109.19331 F8000
G1 Z1 F8000
G1 X183.80943 Y109.19331 F8000
G1 X168.70258 Y109.19331 F8000
G0 Z0
G1 X168.70257 Y108.94331 F8000
G1 Z1 F8000
G1 X168.70257 Y108.94331 F8000
G1 X183.80889 Y108.94331 F8000
G0 Z0
G1 X183.80835 Y108.69331 F8000
G1 Z1 F8000
G1 X183.80835 Y108.69331 F8000
G1 X168.70257 Y108.69331 F8000
G0 Z0
G1 X168.70256 Y108.44331 F8000
G1 Z1 F8000
G1 X168.70256 Y108.44331 F8000
G1 X183.8078 Y108.44331 F8000
G0 Z0
G1 X183.80726 Y108.19331 F8000
G1 Z1 F8000
G1 X183.80726 Y108.19331 F8000
G1 X168.70255 Y108.19331 F8000
G0 Z0
G1 X168.70254 Y107.94331 F8000
G1 Z1 F8000
G1 X168.70254 Y107.94331 F8000
G1 X183.80672 Y107.94331 F8000
G0 Z0
G1 X183.80618 Y107.69331 F8000
G1 Z1 F8000
G1 X183.80618 Y107.69331 F8000
G1 X168.70254 Y107.69331 F8000
G0 Z0
G1 X168.70253 Y107.44331 F8000
G1 Z1 F8000
G1 X168.70253 Y107.44331 F8000
G1 X183.80564 Y107.44331 F8000
G0 Z0
G1 X183.8051 Y107.19331 F8000
G1 Z1 F8000
G1 X183.8051 Y107.19331 F8000
G1 X168.70252 Y107.19331 F8000
G0 Z0
G1 X168.70251 Y106.94331 F8000
G1 Z1 F8000
G1 X168.70251 Y106.94331 F8000
G1 X183.80456 Y106.94331 F8000
G0 Z0
G1 X183.80402 Y106.69331 F8000
G1 Z1 F8000
G1 X183.80402 Y106.69331 F8000
G1 X168.70251 Y106.69331 F8000
G0 Z0
G1 X168.7025 Y106.44331 F8000
G1 Z1 F8000
G1 X168.7025 Y106.44331 F8000
G1 X183.80347 Y106.44331 F8000
G0 Z0
G1 X183.80293 Y106.19331 F8000
G1 Z1 F8000
G1 X183.80293 Y106.19331 F8000
G1 X168.70249 Y106.19331 F8000
G0 Z0
G1 X168.70248 Y105.94331 F8000
G1 Z1 F8000
G1 X168.70248 Y105.94331 F8000
G1 X183.80239 Y105.94331 F8000
G0 Z0
G1 X183.80185 Y105.69331 F8000
G1 Z1 F8000
G1 X183.80185 Y105.69331 F8000
G1 X168.70248 Y105.69331 F8000
G0 Z0
G1 X168.70247 Y105.44331 F8000
G1 Z1 F8000
G1 X168.70247 Y105.44331 F8000
G1 X183.80131 Y105.44331 F8000
G0 Z0
G1 X183.80077 Y105.1933 F8000
G1 Z1 F8000
G1 X183.80077 Y105.1933 F8000
G1 X168.70246 Y105.1933 F8000
G0 Z0
G1 X168.70245 Y104.9433 F8000
G1 Z1 F8000
G1 X168.70245 Y104.9433 F8000
G1 X183.80023 Y104.9433 F8000
G0 Z0
G1 X183.79969 Y104.6933 F8000
G1 Z1 F8000
G1 X183.79969 Y104.6933 F8000
G1 X168.70245 Y104.6933 F8000
G0 Z0
G1 X168.70244 Y104.4433 F8000
G1 Z1 F8000
G1 X168.70244 Y104.4433 F8000
G1 X183.79914 Y104.4433 F8000
G0 Z0
G1 X183.7986 Y104.1933 F8000
G1 Z1 F8000
G1 X183.7986 Y104.1933 F8000
G1 X168.70243 Y104.1933 F8000
G0 Z0
G1 X168.70243 Y103.9433 F8000
G1 Z1 F8000
G1 X168.70243 Y103.9433 F8000
G1 X183.79806 Y103.9433 F8000
G0 Z0
G1 X183.79752 Y103.6933 F8000
G1 Z1 F8000
G1 X183.79752 Y103.6933 F8000
G1 X168.70242 Y103.6933 F8000
G0 Z0
G1 X168.70241 Y103.4433 F8000
G1 Z1 F8000
G1 X168.70241 Y103.4433 F8000
G1 X183.79698 Y103.4433 F8000
G0 Z0
G1 X183.79644 Y103.1933 F8000
G1 Z1 F8000
G1 X183.79644 Y103.1933 F8000
G1 X168.7024 Y103.1933 F8000
G0 Z0
G1 X168.7024 Y102.9433 F8000
G1 Z1 F8000
G1 X168.7024 Y102.9433 F8000
G1 X183.7959 Y102.9433 F8000
G0 Z0
G1 X183.79536 Y102.6933 F8000
G1 Z1 F8000
G1 X183.79536 Y102.6933 F8000
G1 X168.70239 Y102.6933 F8000
G0 Z0
G1 X168.70238 Y102.4433 F8000
G1 Z1 F8000
G1 X168.70238 Y102.4433 F8000
G1 X183.79481 Y102.4433 F8000
G0 Z0
G1 X183.79427 Y102.1933 F8000
G1 Z1 F8000
G1 X183.79427 Y102.1933 F8000
G1 X168.70237 Y102.1933 F8000
G0 Z0
G1 X168.70237 Y101.9433 F8000
G1 Z1 F8000
G1 X168.70237 Y101.9433 F8000
G1 X183.79373 Y101.9433 F8000
G0 Z0
G1 X183.79319 Y101.6933 F8000
G1 Z1 F8000
G1 X183.79319 Y101.6933 F8000
G1 X168.70236 Y101.6933 F8000
G0 Z0
G1 X168.70235 Y101.4433 F8000
G1 Z1 F8000
G1 X168.70235 Y101.4433 F8000
G1 X183.79265 Y101.4433 F8000
G0 Z0
G1 X183.79211 Y101.1933 F8000
G1 Z1 F8000
G1 X183.79211 Y101.1933 F8000
G1 X168.70234 Y101.1933 F8000
G0 Z0
G1 X168.70234 Y100.9433 F8000
G1 Z1 F8000
G1 X168.70234 Y100.9433 F8000
G1 X183.79157 Y100.9433 F8000
G0 Z0
G1 X183.79103 Y100.6933 F8000
G1 Z1 F8000
G1 X183.79103 Y100.6933 F8000
G1 X168.70233 Y100.6933 F8000
G0 Z0
G1 X168.70232 Y100.4433 F8000
G1 Z1 F8000
G1 X168.70232 Y100.4433 F8000
G1 X183.79048 Y100.4433 F8000
G0 Z0
G1 X183.78994 Y100.1933 F8000
G1 Z1 F8000
G1 X183.78994 Y100.1933 F8000
G1 X168.70231 Y100.1933 F8000
G0 Z0
G1 X168.70231 Y99.9433 F8000
G1 Z1 F8000
G1 X168.70231 Y99.9433 F8000
G1 X183.6427 Y99.9433 F8000
G0 Z0
G1 X183.21021 Y99.6933 F8000
G1 Z1 F8000
G1 X183.21021 Y99.6933 F8000
G1 X168.7023 Y99.6933 F8000
G0 Z0
G1 X168.70229 Y99.4433 F8000
G1 Z1 F8000
G1 X168.70229 Y99.4433 F8000
G1 X182.77773 Y99.4433 F8000
G0 Z0
G1 X182.34524 Y99.1933 F8000
G1 Z1 F8000
G1 X182.34524 Y99.1933 F8000
G1 X168.70229 Y99.1933 F8000
G0 Z0
G1 X168.70228 Y98.9433 F8000
G1 Z1 F8000
G1 X168.70228 Y98.9433 F8000
G1 X181.91276 Y98.9433 F8000
G0 Z0
G1 X181.48027 Y98.6933 F8000
G1 Z1 F8000
G1 X181.48027 Y98.6933 F8000
G1 X168.70227 Y98.6933 F8000
G0 Z0
G1 X168.70226 Y98.4433 F8000
G1 Z1 F8000
G1 X168.70226 Y98.4433 F8000
G1 X181.04779 Y98.4433 F8000
G0 Z0
G1 X180.6153 Y98.1933 F8000
G1 Z1 F8000
G1 X180.6153 Y98.1933 F8000
G1 X168.70226 Y98.1933 F8000
G0 Z0
G1 X168.70225 Y97.9433 F8000
G1 Z1 F8000
G1 X168.70225 Y97.9433 F8000
G1 X180.18281 Y97.9433 F8000
G0 Z0
G1 X179.75033 Y97.6933 F8000
G1 Z1 F8000
G1 X179.75033 Y97.6933 F8000
G1 X168.70224 Y97.6933 F8000
G0 Z0
G1 X168.70223 Y97.4433 F8000
G1 Z1 F8000
G1 X168.70223 Y97.4433 F8000
G1 X179.31784 Y97.4433 F8000
G0 Z0
G1 X178.88536 Y97.1933 F8000
G1 Z1 F8000
G1 X178.88536 Y97.1933 F8000
G1 X168.70223 Y97.1933 F8000
G0 Z0
G1 X168.09015 Y97.27073 F8000
G1 Z1 F8000
G1 X168.09015 Y97.27073 F8000
G1 X163.07603 Y97.27073 F8000
G0 Z0
G1 X163.07603 Y97.02073 F8000
G1 Z1 F8000
G1 X163.07603 Y97.02073 F8000
G1 X168.09015 Y97.02073 F8000
G0 Z0
G1 X168.09015 Y96.77073 F8000
G1 Z1 F8000
G1 X168.09015 Y96.77073 F8000
G1 X163.07603 Y96.77073 F8000
G0 Z0
G1 X163.07603 Y96.52073 F8000
G1 Z1 F8000
G1 X163.07603 Y96.52073 F8000
G1 X168.09015 Y96.52073 F8000
G0 Z0
G1 X168.09015 Y96.27073 F8000
G1 Z1 F8000
G1 X168.09015 Y96.27073 F8000
G1 X163.07603 Y96.27073 F8000
G0 Z0
G1 X163.07603 Y96.02073 F8000
G1 Z1 F8000
G1 X163.07603 Y96.02073 F8000
G1 X168.09015 Y96.02073 F8000
G0 Z0
G1 X168.09015 Y95.77073 F8000
G1 Z1 F8000
G1 X168.09015 Y95.77073 F8000
G1 X163.07603 Y95.77073 F8000
G0 Z0
G1 X163.07603 Y95.52073 F8000
G1 Z1 F8000
G1 X163.07603 Y95.52073 F8000
G1 X168.09015 Y95.52073 F8000
G0 Z0
G1 X168.09015 Y95.27073 F8000
G1 Z1 F8000
G1 X168.09015 Y95.27073 F8000
G1 X163.07603 Y95.27073 F8000
G0 Z0
G1 X163.07603 Y95.02073 F8000
G1 Z1 F8000
G1 X163.07603 Y95.02073 F8000
G1 X168.09015 Y95.02073 F8000
G0 Z0
G1 X168.09015 Y94.77073 F8000
G1 Z1 F8000
G1 X168.09015 Y94.77073 F8000
G1 X163.07603 Y94.77073 F8000
G0 Z0
G1 X163.07603 Y94.52073 F8000
G1 Z1 F8000
G1 X163.07603 Y94.52073 F8000
G1 X168.09015 Y94.52073 F8000
G0 Z0
G1 X168.09015 Y94.27073 F8000
G1 Z1 F8000
G1 X168.09015 Y94.27073 F8000
G1 X163.07603 Y94.27073 F8000
G0 Z0
G1 X163.85356 Y93.02318 F8000
G1 Z1 F8000
G1 X163.85356 Y93.02318 F8000
G1 X163.5799 Y93.16563 F8000
G1 X163.28965 Y93.45588 F8000
G1 X163.11619 Y93.82788 F8000
G1 X163.07592 Y94.13377 F8000
G1 X163.08042 Y116.94444 F8000
G1 X163.18665 Y117.34089 F8000
G1 X163.35241 Y117.6011 F8000
G1 X163.66684 Y117.86495 F8000
G1 X163.9519 Y117.98303 F8000
G1 X167.01133 Y118.0188 F8000
G1 X167.40781 Y117.91257 F8000
G1 X167.74402 Y117.67712 F8000
G1 X167.97947 Y117.34089 F8000
G1 X168.0857 Y116.94444 F8000
G1 X168.0857 Y94.03077 F8000
G1 X167.97947 Y93.63429 F8000
G1 X167.81368 Y93.37407 F8000
G1 X167.58622 Y93.16563 F8000
G1 X167.21422 Y92.99217 F8000
G1 X164.25779 Y92.9519 F8000
G1 X163.85356 Y93.02318 F8000
G0 Z0
G1 X163.08175 Y94.02073 F8000
G1 Z1 F8000
G1 X163.08175 Y94.02073 F8000
G1 X168.0844 Y94.02073 F8000
G0 Z0
G1 X168.032 Y93.77073 F8000
G1 Z1 F8000
G1 X168.032 Y93.77073 F8000
G1 X163.13417 Y93.77073 F8000
G0 Z0
G1 X163.24849 Y93.52073 F8000
G1 Z1 F8000
G1 X163.24849 Y93.52073 F8000
G1 X167.91761 Y93.52073 F8000
G0 Z0
G1 X167.7149 Y93.27073 F8000
G1 Z1 F8000
G1 X167.7149 Y93.27073 F8000
G1 X163.45127 Y93.27073 F8000
G0 Z0
G1 X163.85789 Y93.02073 F8000
G1 Z1 F8000
G1 X163.85789 Y93.02073 F8000
G1 X167.30827 Y93.02073 F8000
G0 Z0
G1 X168.09015 Y97.52073 F8000
G1 Z1 F8000
G1 X168.09015 Y97.52073 F8000
G1 X163.07603 Y97.52073 F8000
G0 Z0
G1 X163.07603 Y97.77073 F8000
G1 Z1 F8000
G1 X163.07603 Y97.77073 F8000
G1 X168.09015 Y97.77073 F8000
G0 Z0
G1 X168.09015 Y98.02073 F8000
G1 Z1 F8000
G1 X168.09015 Y98.02073 F8000
G1 X163.07603 Y98.02073 F8000
G0 Z0
G1 X163.07603 Y98.27073 F8000
G1 Z1 F8000
G1 X163.07603 Y98.27073 F8000
G1 X168.09015 Y98.27073 F8000
G0 Z0
G1 X168.09015 Y98.52073 F8000
G1 Z1 F8000
G1 X168.09015 Y98.52073 F8000
G1 X163.07603 Y98.52073 F8000
G0 Z0
G1 X163.07603 Y98.77073 F8000
G1 Z1 F8000
G1 X163.07603 Y98.77073 F8000
G1 X168.09015 Y98.77073 F8000
G0 Z0
G1 X168.09015 Y99.02073 F8000
G1 Z1 F8000
G1 X168.09015 Y99.02073 F8000
G1 X163.07603 Y99.02073 F8000
G0 Z0
G1 X163.07603 Y99.27073 F8000
G1 Z1 F8000
G1 X163.07603 Y99.27073 F8000
G1 X168.09015 Y99.27073 F8000
G0 Z0
G1 X168.09015 Y99.52073 F8000
G1 Z1 F8000
G1 X168.09015 Y99.52073 F8000
G1 X163.07603 Y99.52073 F8000
G0 Z0
G1 X163.07603 Y99.77073 F8000
G1 Z1 F8000
G1 X163.07603 Y99.77073 F8000
G1 X168.09015 Y99.77073 F8000
G0 Z0
G1 X168.09015 Y100.02073 F8000
G1 Z1 F8000
G1 X168.09015 Y100.02073 F8000
G1 X163.07603 Y100.02073 F8000
G0 Z0
G1 X163.07603 Y100.27073 F8000
G1 Z1 F8000
G1 X163.07603 Y100.27073 F8000
G1 X168.09015 Y100.27073 F8000
G0 Z0
G1 X168.09015 Y100.52073 F8000
G1 Z1 F8000
G1 X168.09015 Y100.52073 F8000
G1 X163.07603 Y100.52073 F8000
G0 Z0
G1 X163.07603 Y100.77073 F8000
G1 Z1 F8000
G1 X163.07603 Y100.77073 F8000
G1 X168.09015 Y100.77073 F8000
G0 Z0
G1 X168.09015 Y101.02073 F8000
G1 Z1 F8000
G1 X168.09015 Y101.02073 F8000
G1 X163.07603 Y101.02073 F8000
G0 Z0
G1 X163.07603 Y101.27073 F8000
G1 Z1 F8000
G1 X163.07603 Y101.27073 F8000
G1 X168.09015 Y101.27073 F8000
G0 Z0
G1 X168.09015 Y101.52073 F8000
G1 Z1 F8000
G1 X168.09015 Y101.52073 F8000
G1 X163.07603 Y101.52073 F8000
G0 Z0
G1 X163.07603 Y101.77073 F8000
G1 Z1 F8000
G1 X163.07603 Y101.77073 F8000
G1 X168.09015 Y101.77073 F8000
G0 Z0
G1 X168.09015 Y102.02073 F8000
G1 Z1 F8000
G1 X168.09015 Y102.02073 F8000
G1 X163.07603 Y102.02073 F8000
G0 Z0
G1 X163.07603 Y102.27073 F8000
G1 Z1 F8000
G1 X163.07603 Y102.27073 F8000
G1 X168.09015 Y102.27073 F8000
G0 Z0
G1 X168.09015 Y102.52073 F8000
G1 Z1 F8000
G1 X168.09015 Y102.52073 F8000
G1 X163.07603 Y102.52073 F8000
G0 Z0
G1 X163.07603 Y102.77073 F8000
G1 Z1 F8000
G1 X163.07603 Y102.77073 F8000
G1 X168.09015 Y102.77073 F8000
G0 Z0
G1 X168.09015 Y103.02073 F8000
G1 Z1 F8000
G1 X168.09015 Y103.02073 F8000
G1 X163.07603 Y103.02073 F8000
G0 Z0
G1 X163.07603 Y103.27073 F8000
G1 Z1 F8000
G1 X163.07603 Y103.27073 F8000
G1 X168.09015 Y103.27073 F8000
G0 Z0
G1 X168.09015 Y103.52073 F8000
G1 Z1 F8000
G1 X168.09015 Y103.52073 F8000
G1 X163.07603 Y103.52073 F8000
G0 Z0
G1 X163.07603 Y103.77073 F8000
G1 Z1 F8000
G1 X163.07603 Y103.77073 F8000
G1 X168.09015 Y103.77073 F8000
G0 Z0
G1 X168.09015 Y104.02073 F8000
G1 Z1 F8000
G1 X168.09015 Y104.02073 F8000
G1 X163.07603 Y104.02073 F8000
G0 Z0
G1 X163.07603 Y104.27073 F8000
G1 Z1 F8000
G1 X163.07603 Y104.27073 F8000
G1 X168.09015 Y104.27073 F8000
G0 Z0
G1 X168.09015 Y104.52073 F8000
G1 Z1 F8000
G1 X168.09015 Y104.52073 F8000
G1 X163.07603 Y104.52073 F8000
G0 Z0
G1 X163.07603 Y104.77073 F8000
G1 Z1 F8000
G1 X163.07603 Y104.77073 F8000
G1 X168.09015 Y104.77073 F8000
G0 Z0
G1 X168.09015 Y105.02073 F8000
G1 Z1 F8000
G1 X168.09015 Y105.02073 F8000
G1 X163.07603 Y105.02073 F8000
G0 Z0
G1 X163.07603 Y105.27073 F8000
G1 Z1 F8000
G1 X163.07603 Y105.27073 F8000
G1 X168.09015 Y105.27073 F8000
G0 Z0
G1 X168.09015 Y105.52073 F8000
G1 Z1 F8000
G1 X168.09015 Y105.52073 F8000
G1 X163.07603 Y105.52073 F8000
G0 Z0
G1 X163.07603 Y105.77073 F8000
G1 Z1 F8000
G1 X163.07603 Y105.77073 F8000
G1 X168.09015 Y105.77073 F8000
G0 Z0
G1 X168.09015 Y106.02073 F8000
G1 Z1 F8000
G1 X168.09015 Y106.02073 F8000
G1 X163.07603 Y106.02073 F8000
G0 Z0
G1 X163.07603 Y106.27073 F8000
G1 Z1 F8000
G1 X163.07603 Y106.27073 F8000
G1 X168.09015 Y106.27073 F8000
G0 Z0
G1 X168.09015 Y106.52073 F8000
G1 Z1 F8000
G1 X168.09015 Y106.52073 F8000
G1 X163.07603 Y106.52073 F8000
G0 Z0
G1 X163.07603 Y106.77073 F8000
G1 Z1 F8000
G1 X163.07603 Y106.77073 F8000
G1 X168.09015 Y106.77073 F8000
G0 Z0
G1 X168.09015 Y107.02074 F8000
G1 Z1 F8000
G1 X168.09015 Y107.02074 F8000
G1 X163.07603 Y107.02074 F8000
G0 Z0
G1 X163.07603 Y107.27074 F8000
G1 Z1 F8000
G1 X163.07603 Y107.27074 F8000
G1 X168.09015 Y107.27074 F8000
G0 Z0
G1 X168.09015 Y107.52074 F8000
G1 Z1 F8000
G1 X168.09015 Y107.52074 F8000
G1 X163.07603 Y107.52074 F8000
G0 Z0
G1 X163.07603 Y107.77074 F8000
G1 Z1 F8000
G1 X163.07603 Y107.77074 F8000
G1 X168.09015 Y107.77074 F8000
G0 Z0
G1 X168.09015 Y108.02074 F8000
G1 Z1 F8000
G1 X168.09015 Y108.02074 F8000
G1 X163.07603 Y108.02074 F8000
G0 Z0
G1 X163.07603 Y108.27074 F8000
G1 Z1 F8000
G1 X163.07603 Y108.27074 F8000
G1 X168.09015 Y108.27074 F8000
G0 Z0
G1 X168.09015 Y108.52074 F8000
G1 Z1 F8000
G1 X168.09015 Y108.52074 F8000
G1 X163.07603 Y108.52074 F8000
G0 Z0
G1 X163.07603 Y108.77074 F8000
G1 Z1 F8000
G1 X163.07603 Y108.77074 F8000
G1 X168.09015 Y108.77074 F8000
G0 Z0
G1 X168.09015 Y109.02074 F8000
G1 Z1 F8000
G1 X168.09015 Y109.02074 F8000
G1 X163.07603 Y109.02074 F8000
G0 Z0
G1 X163.07603 Y109.27074 F8000
G1 Z1 F8000
G1 X163.07603 Y109.27074 F8000
G1 X168.09015 Y109.27074 F8000
G0 Z0
G1 X168.09015 Y109.52074 F8000
G1 Z1 F8000
G1 X168.09015 Y109.52074 F8000
G1 X163.07603 Y109.52074 F8000
G0 Z0
G1 X163.07603 Y109.77074 F8000
G1 Z1 F8000
G1 X163.07603 Y109.77074 F8000
G1 X168.09015 Y109.77074 F8000
G0 Z0
G1 X168.09015 Y110.02074 F8000
G1 Z1 F8000
G1 X168.09015 Y110.02074 F8000
G1 X163.07603 Y110.02074 F8000
G0 Z0
G1 X163.07603 Y110.27074 F8000
G1 Z1 F8000
G1 X163.07603 Y110.27074 F8000
G1 X168.09015 Y110.27074 F8000
G0 Z0
G1 X168.09015 Y110.52074 F8000
G1 Z1 F8000
G1 X168.09015 Y110.52074 F8000
G1 X163.07603 Y110.52074 F8000
G0 Z0
G1 X163.07603 Y110.77074 F8000
G1 Z1 F8000
G1 X163.07603 Y110.77074 F8000
G1 X168.09015 Y110.77074 F8000
G0 Z0
G1 X168.09015 Y111.02074 F8000
G1 Z1 F8000
G1 X168.09015 Y111.02074 F8000
G1 X163.07603 Y111.02074 F8000
G0 Z0
G1 X163.07603 Y111.27074 F8000
G1 Z1 F8000
G1 X163.07603 Y111.27074 F8000
G1 X168.09015 Y111.27074 F8000
G0 Z0
G1 X168.09015 Y111.52074 F8000
G1 Z1 F8000
G1 X168.09015 Y111.52074 F8000
G1 X163.07603 Y111.52074 F8000
G0 Z0
G1 X163.07603 Y111.77074 F8000
G1 Z1 F8000
G1 X163.07603 Y111.77074 F8000
G1 X168.09015 Y111.77074 F8000
G0 Z0
G1 X168.09015 Y112.02074 F8000
G1 Z1 F8000
G1 X168.09015 Y112.02074 F8000
G1 X163.07603 Y112.02074 F8000
G0 Z0
G1 X163.07603 Y112.27074 F8000
G1 Z1 F8000
G1 X163.07603 Y112.27074 F8000
G1 X168.09015 Y112.27074 F8000
G0 Z0
G1 X168.09015 Y112.52074 F8000
G1 Z1 F8000
G1 X168.09015 Y112.52074 F8000
G1 X163.07603 Y112.52074 F8000
G0 Z0
G1 X163.07603 Y112.77074 F8000
G1 Z1 F8000
G1 X163.07603 Y112.77074 F8000
G1 X168.09015 Y112.77074 F8000
G0 Z0
G1 X168.09015 Y113.02074 F8000
G1 Z1 F8000
G1 X168.09015 Y113.02074 F8000
G1 X163.07603 Y113.02074 F8000
G0 Z0
G1 X163.07603 Y113.27074 F8000
G1 Z1 F8000
G1 X163.07603 Y113.27074 F8000
G1 X168.09015 Y113.27074 F8000
G0 Z0
G1 X168.09015 Y113.52074 F8000
G1 Z1 F8000
G1 X168.09015 Y113.52074 F8000
G1 X163.07603 Y113.52074 F8000
G0 Z0
G1 X163.07603 Y113.77074 F8000
G1 Z1 F8000
G1 X163.07603 Y113.77074 F8000
G1 X168.09015 Y113.77074 F8000
G0 Z0
G1 X168.09015 Y114.02074 F8000
G1 Z1 F8000
G1 X168.09015 Y114.02074 F8000
G1 X163.07603 Y114.02074 F8000
G0 Z0
G1 X163.07603 Y114.27074 F8000
G1 Z1 F8000
G1 X163.07603 Y114.27074 F8000
G1 X168.09015 Y114.27074 F8000
G0 Z0
G1 X168.09015 Y114.52074 F8000
G1 Z1 F8000
G1 X168.09015 Y114.52074 F8000
G1 X163.07603 Y114.52074 F8000
G0 Z0
G1 X163.07603 Y114.77074 F8000
G1 Z1 F8000
G1 X163.07603 Y114.77074 F8000
G1 X168.09015 Y114.77074 F8000
G0 Z0
G1 X168.09015 Y115.02074 F8000
G1 Z1 F8000
G1 X168.09015 Y115.02074 F8000
G1 X163.07603 Y115.02074 F8000
G0 Z0
G1 X163.07603 Y115.27074 F8000
G1 Z1 F8000
G1 X163.07603 Y115.27074 F8000
G1 X168.09015 Y115.27074 F8000
G0 Z0
G1 X168.09015 Y115.52074 F8000
G1 Z1 F8000
G1 X168.09015 Y115.52074 F8000
G1 X163.07603 Y115.52074 F8000
G0 Z0
G1 X163.07603 Y115.77074 F8000
G1 Z1 F8000
G1 X163.07603 Y115.77074 F8000
G1 X168.09015 Y115.77074 F8000
G0 Z0
G1 X168.09015 Y116.02074 F8000
G1 Z1 F8000
G1 X168.09015 Y116.02074 F8000
G1 X163.07603 Y116.02074 F8000
G0 Z0
G1 X163.07603 Y116.27074 F8000
G1 Z1 F8000
G1 X163.07603 Y116.27074 F8000
G1 X168.09015 Y116.27074 F8000
G0 Z0
G1 X168.09015 Y116.52074 F8000
G1 Z1 F8000
G1 X168.09015 Y116.52074 F8000
G1 X163.07603 Y116.52074 F8000
G0 Z0
G1 X163.07603 Y116.77074 F8000
G1 Z1 F8000
G1 X163.07603 Y116.77074 F8000
G1 X168.09015 Y116.77074 F8000
G0 Z0
G1 X168.07557 Y117.02074 F8000
G1 Z1 F8000
G1 X168.07557 Y117.02074 F8000
G1 X163.09041 Y117.02074 F8000
G0 Z0
G1 X163.15802 Y117.27074 F8000
G1 Z1 F8000
G1 X163.15802 Y117.27074 F8000
G1 X168.00816 Y117.27074 F8000
G0 Z0
G1 X167.87562 Y117.52074 F8000
G1 Z1 F8000
G1 X167.87562 Y117.52074 F8000
G1 X163.29029 Y117.52074 F8000
G0 Z0
G1 X163.5282 Y117.77074 F8000
G1 Z1 F8000
G1 X163.5282 Y117.77074 F8000
G1 X167.63788 Y117.77074 F8000
G0 Z0
G1 X166.97609 Y118.02074 F8000
G1 Z1 F8000
G1 X166.97609 Y118.02074 F8000
G1 X164.19009 Y118.02074 F8000
G0 Z0
G1 X178.59028 Y97.02273 F8000
G1 Z1 F8000
G1 X178.59028 Y97.02273 F8000
G1 X168.70222 Y97.02749 F8000
G1 X168.70272 Y113.79163 F8000
G1 X178.05874 Y113.78899 F8000
G1 X183.81218 Y110.46484 F8000
G1 X183.78959 Y100.02821 F8000
G1 X178.59028 Y97.02273 F8000
G0 Z0
G1 X168.70271 Y113.69331 F8000
G1 Z1 F8000
G1 X168.70271 Y113.69331 F8000
G1 X178.22433 Y113.69331 F8000
G0 Z0
G1 X178.65704 Y113.44331 F8000
G1 Z1 F8000
G1 X178.65704 Y113.44331 F8000
G1 X168.70271 Y113.44331 F8000
G0 Z0
G1 X168.7027 Y113.19331 F8000
G1 Z1 F8000
G1 X168.7027 Y113.19331 F8000
G1 X179.08974 Y113.19331 F8000
G0 Z0
G1 X179.52244 Y112.94331 F8000
G1 Z1 F8000
G1 X179.52244 Y112.94331 F8000
G1 X168.70269 Y112.94331 F8000
G0 Z0
G1 X168.70268 Y112.69331 F8000
G1 Z1 F8000
G1 X168.70268 Y112.69331 F8000
G1 X179.95514 Y112.69331 F8000
G0 Z0
G1 X180.38784 Y112.44331 F8000
G1 Z1 F8000
G1 X180.38784 Y112.44331 F8000
G1 X168.70268 Y112.44331 F8000
G0 Z0
G1 X168.70267 Y112.19331 F8000
G1 Z1 F8000
G1 X168.70267 Y112.19331 F8000
G1 X180.82054 Y112.19331 F8000
G0 Z0
G1 X181.25324 Y111.94331 F8000
G1 Z1 F8000
G1 X181.25324 Y111.94331 F8000
G1 X168.70266 Y111.94331 F8000
G0 Z0
G1 X168.70265 Y111.69331 F8000
G1 Z1 F8000
G1 X168.70265 Y111.69331 F8000
G1 X181.68594 Y111.69331 F8000
G0 Z0
G1 X182.11864 Y111.44331 F8000
G1 Z1 F8000
G1 X182.11864 Y111.44331 F8000
G1 X168.70265 Y111.44331 F8000
G0 Z0
G1 X168.70264 Y111.19331 F8000
G1 Z1 F8000
G1 X168.70264 Y111.19331 F8000
G1 X182.55134 Y111.19331 F8000
G0 Z0
G1 X182.98404 Y110.94331 F8000
G1 Z1 F8000
G1 X182.98404 Y110.94331 F8000
G1 X168.70263 Y110.94331 F8000
G0 Z0
G1 X168.70262 Y110.69331 F8000
G1 Z1 F8000
G1 X168.70262 Y110.69331 F8000
G1 X183.41675 Y110.69331 F8000
G0 Z0
G1 X183.81213 Y110.44331 F8000
G1 Z1 F8000
G1 X183.81213 Y110.44331 F8000
G1 X168.70262 Y110.44331 F8000
G0 Z0
G1 X178.9547 Y114.04054 F8000
G1 Z1 F8000
G1 X178.9547 Y114.04054 F8000
G1 X183.78442 Y114.04054 F8000
G0 Z0
G1 X184.2173 Y113.79054 F8000
G1 Z1 F8000
G1 X184.2173 Y113.79054 F8000
G1 X179.38776 Y113.79054 F8000
G0 Z0
G1 X179.82082 Y113.54054 F8000
G1 Z1 F8000
G1 X179.82082 Y113.54054 F8000
G1 X184.65019 Y113.54054 F8000
G0 Z0
G1 X185.08307 Y113.29054 F8000
G1 Z1 F8000
G1 X185.08307 Y113.29054 F8000
G1 X180.25388 Y113.29054 F8000
G0 Z0
G1 X180.68694 Y113.04054 F8000
G1 Z1 F8000
G1 X180.68694 Y113.04054 F8000
G1 X185.51595 Y113.04054 F8000
G0 Z0
G1 X185.94883 Y112.79054 F8000
G1 Z1 F8000
G1 X185.94883 Y112.79054 F8000
G1 X181.12 Y112.79054 F8000
G0 Z0
G1 X181.55306 Y112.54054 F8000
G1 Z1 F8000
G1 X181.55306 Y112.54054 F8000
G1 X186.38172 Y112.54054 F8000
G0 Z0
G1 X186.7827 Y112.29054 F8000
G1 Z1 F8000
G1 X186.7827 Y112.29054 F8000
G1 X181.98612 Y112.29054 F8000
G0 Z0
G1 X182.41918 Y112.04054 F8000
G1 Z1 F8000
G1 X182.41918 Y112.04054 F8000
G1 X187.0094 Y112.04054 F8000
G0 Z0
G1 X186.71498 Y100.10995 F8000
G1 Z1 F8000
G1 X186.71498 Y100.10995 F8000
G1 X185.29753 Y100.10995 F8000
G0 Z0
G1 X184.86447 Y99.85995 F8000
G1 Z1 F8000
G1 X184.86447 Y99.85995 F8000
G1 X186.97146 Y99.85995 F8000
G0 Z0
G1 X187.11866 Y99.60995 F8000
G1 Z1 F8000
G1 X187.11866 Y99.60995 F8000
G1 X184.43141 Y99.60995 F8000
G0 Z0
G1 X183.99835 Y99.35995 F8000
G1 Z1 F8000
G1 X183.99835 Y99.35995 F8000
G1 X187.19635 Y99.35995 F8000
G0 Z0
G1 X187.21896 Y99.10995 F8000
G1 Z1 F8000
G1 X187.21896 Y99.10995 F8000
G1 X183.56529 Y99.10995 F8000
G0 Z0
G1 X183.13223 Y98.85994 F8000
G1 Z1 F8000
G1 X183.13223 Y98.85994 F8000
G1 X187.18838 Y98.85994 F8000
G0 Z0
G1 X187.10236 Y98.60994 F8000
G1 Z1 F8000
G1 X187.10236 Y98.60994 F8000
G1 X182.69917 Y98.60994 F8000
G0 Z0
G1 X182.26611 Y98.35994 F8000
G1 Z1 F8000
G1 X182.26611 Y98.35994 F8000
G1 X186.94398 Y98.35994 F8000
G0 Z0
G1 X186.66023 Y98.10994 F8000
G1 Z1 F8000
G1 X186.66023 Y98.10994 F8000
G1 X181.83305 Y98.10994 F8000
G0 Z0
G1 X181.39999 Y97.85994 F8000
G1 Z1 F8000
G1 X181.39999 Y97.85994 F8000
G1 X186.23303 Y97.85994 F8000
G0 Z0
G1 X185.79985 Y97.60994 F8000
G1 Z1 F8000
G1 X185.79985 Y97.60994 F8000
G1 X180.96693 Y97.60994 F8000
G0 Z0
G1 X180.53387 Y97.35994 F8000
G1 Z1 F8000
G1 X180.53387 Y97.35994 F8000
G1 X185.36666 Y97.35994 F8000
G0 Z0
G1 X184.93348 Y97.10994 F8000
G1 Z1 F8000
G1 X184.93348 Y97.10994 F8000
G1 X180.10081 Y97.10994 F8000
G0 Z0
G1 X179.66775 Y96.85994 F8000
G1 Z1 F8000
G1 X179.66775 Y96.85994 F8000
G1 X184.5003 Y96.85994 F8000
G0 Z0
G1 X184.06711 Y96.60994 F8000
G1 Z1 F8000
G1 X184.06711 Y96.60994 F8000
G1 X179.23469 Y96.60994 F8000
G0 Z0
G1 X178.80163 Y96.35994 F8000
G1 Z1 F8000
G1 X178.80163 Y96.35994 F8000
G1 X183.63393 Y96.35994 F8000
G0 Z0
G1 X183.53402 Y95.92852 F8000
G1 Z1 F8000
G1 X183.53402 Y95.92852 F8000
G1 X195.18494 Y95.92852 F8000
G0 Z0
G1 X195.62609 Y95.67851 F8000
G1 Z1 F8000
G1 X195.62609 Y95.67851 F8000
G1 X183.09282 Y95.67851 F8000
G0 Z0
G1 X182.76756 Y95.85994 F8000
G1 Z1 F8000
G1 X182.76756 Y95.85994 F8000
G1 X177.93552 Y95.85994 F8000
G0 Z0
G1 X177.60272 Y95.60994 F8000
G1 Z1 F8000
G1 X177.60272 Y95.60994 F8000
G1 X182.33438 Y95.60994 F8000
G0 Z0
G1 X182.4632 Y95.1785 F8000
G1 Z1 F8000
G1 X182.4632 Y95.1785 F8000
G1 X196.25576 Y95.1785 F8000
G0 Z0
G1 X196.49533 Y94.9285 F8000
G1 Z1 F8000
G1 X196.49533 Y94.9285 F8000
G1 X182.22364 Y94.9285 F8000
G0 Z0
G1 X182.01824 Y94.67849 F8000
G1 Z1 F8000
G1 X182.01824 Y94.67849 F8000
G1 X196.70073 Y94.67849 F8000
G0 Z0
G1 X196.87485 Y94.42851 F8000
G1 Z1 F8000
G1 X196.87485 Y94.42851 F8000
G1 X181.84388 Y94.42851 F8000
G0 Z0
G1 X181.69431 Y94.17851 F8000
G1 Z1 F8000
G1 X181.69431 Y94.17851 F8000
G1 X197.02445 Y94.17851 F8000
G0 Z0
G1 X197.15182 Y93.9285 F8000
G1 Z1 F8000
G1 X197.15182 Y93.9285 F8000
G1 X181.56715 Y93.9285 F8000
G0 Z0
G1 X181.4596 Y93.6785 F8000
G1 Z1 F8000
G1 X181.4596 Y93.6785 F8000
G1 X197.2593 Y93.6785 F8000
G0 Z0
G1 X197.34916 Y93.42849 F8000
G1 Z1 F8000
G1 X197.34916 Y93.42849 F8000
G1 X181.36981 Y93.42849 F8000
G0 Z0
G1 X181.29792 Y93.17852 F8000
G1 Z1 F8000
G1 X181.29792 Y93.17852 F8000
G1 X197.42078 Y93.17852 F8000
G0 Z0
G1 X197.47649 Y92.92851 F8000
G1 Z1 F8000
G1 X197.47649 Y92.92851 F8000
G1 X181.24247 Y92.92851 F8000
G0 Z0
G1 X181.20234 Y92.67851 F8000
G1 Z1 F8000
G1 X181.20234 Y92.67851 F8000
G1 X197.51663 Y92.67851 F8000
G0 Z0
G1 X197.54182 Y92.4285 F8000
G1 Z1 F8000
G1 X197.54182 Y92.4285 F8000
G1 X181.17712 Y92.4285 F8000
G0 Z0
G1 X181.28582 Y89.46487 F8000
G1 Z1 F8000
G1 X181.28582 Y89.46487 F8000
G1 X181.17145 Y90.26042 F8000
G1 X181.17742 Y92.43461 F8000
G1 X181.3107 Y93.22723 F8000
G1 X181.59158 Y93.98028 F8000
G1 X182.13429 Y94.82475 F8000
G1 X182.78096 Y95.45624 F8000
G1 X183.6381 Y95.97868 F8000
G1 X184.4957 Y96.26411 F8000
G1 X185.39438 Y96.36074 F8000
G1 X193.32456 Y96.36074 F8000
G1 X194.32127 Y96.24157 F8000
G1 X195.43842 Y95.79432 F8000
G1 X196.38431 Y95.05047 F8000
G1 X197.0823 Y94.07027 F8000
G1 X197.45566 Y93.03167 F8000
G1 X197.55109 Y92.23363 F8000
G1 X197.54152 Y90.15999 F8000
G1 X197.40822 Y89.36738 F8000
G1 X197.12734 Y88.61429 F8000
G1 X196.58465 Y87.76985 F8000
G1 X195.93795 Y87.13837 F8000
G1 X195.08081 Y86.61592 F8000
G1 X194.22322 Y86.33049 F8000
G1 X193.32456 Y86.23386 F8000
G1 X185.39438 Y86.23386 F8000
G1 X184.39764 Y86.35303 F8000
G1 X183.36823 Y86.75099 F8000
G1 X182.40491 Y87.47214 F8000
G1 X181.73305 Y88.34772 F8000
G1 X181.28582 Y89.46487 F8000
G0 Z0
G1 X181.16723 Y92.1785 F8000
G1 Z1 F8000
G1 X181.16723 Y92.1785 F8000
G1 X197.55169 Y92.1785 F8000
G0 Z0
G1 X197.55236 Y91.92849 F8000
G1 Z1 F8000
G1 X197.55236 Y91.92849 F8000
G1 X181.1667 Y91.92849 F8000
G0 Z0
G1 X181.1667 Y91.67851 F8000
G1 Z1 F8000
G1 X181.1667 Y91.67851 F8000
G1 X197.55236 Y91.67851 F8000
G0 Z0
G1 X197.55236 Y91.42851 F8000
G1 Z1 F8000
G1 X197.55236 Y91.42851 F8000
G1 X181.1667 Y91.42851 F8000
G0 Z0
G1 X181.1667 Y91.1785 F8000
G1 Z1 F8000
G1 X181.1667 Y91.1785 F8000
G1 X197.55236 Y91.1785 F8000
G0 Z0
G1 X197.55236 Y90.9285 F8000
G1 Z1 F8000
G1 X197.55236 Y90.9285 F8000
G1 X181.1667 Y90.9285 F8000
G0 Z0
G1 X181.1667 Y90.67849 F8000
G1 Z1 F8000
G1 X181.1667 Y90.67849 F8000
G1 X197.55236 Y90.67849 F8000
G0 Z0
G1 X197.55204 Y90.42851 F8000
G1 Z1 F8000
G1 X197.55204 Y90.42851 F8000
G1 X181.16723 Y90.42851 F8000
G0 Z0
G1 X181.17648 Y90.17851 F8000
G1 Z1 F8000
G1 X181.17648 Y90.17851 F8000
G1 X197.54278 Y90.17851 F8000
G0 Z0
G1 X197.51832 Y89.9285 F8000
G1 Z1 F8000
G1 X197.51832 Y89.9285 F8000
G1 X181.20095 Y89.9285 F8000
G0 Z0
G1 X181.2402 Y89.6785 F8000
G1 Z1 F8000
G1 X181.2402 Y89.6785 F8000
G1 X197.47907 Y89.6785 F8000
G0 Z0
G1 X197.42361 Y89.42849 F8000
G1 Z1 F8000
G1 X197.42361 Y89.42849 F8000
G1 X181.29539 Y89.42849 F8000
G0 Z0
G1 X181.36652 Y89.17849 F8000
G1 Z1 F8000
G1 X181.36652 Y89.17849 F8000
G1 X197.35275 Y89.17849 F8000
G0 Z0
G1 X197.26448 Y88.92851 F8000
G1 Z1 F8000
G1 X197.26448 Y88.92851 F8000
G1 X181.45469 Y88.92851 F8000
G0 Z0
G1 X181.56189 Y88.67851 F8000
G1 Z1 F8000
G1 X181.56189 Y88.67851 F8000
G1 X197.15739 Y88.67851 F8000
G0 Z0
G1 X197.03069 Y88.4285 F8000
G1 Z1 F8000
G1 X197.03069 Y88.4285 F8000
G1 X181.68835 Y88.4285 F8000
G0 Z0
G1 X181.83555 Y88.1785 F8000
G1 Z1 F8000
G1 X181.83555 Y88.1785 F8000
G1 X196.88347 Y88.1785 F8000
G0 Z0
G1 X196.70904 Y87.92849 F8000
G1 Z1 F8000
G1 X196.70904 Y87.92849 F8000
G1 X182.01023 Y87.92849 F8000
G0 Z0
G1 X182.21232 Y87.67851 F8000
G1 Z1 F8000
G1 X182.21232 Y87.67851 F8000
G1 X196.50695 Y87.67851 F8000
G0 Z0
G1 X196.26972 Y87.42851 F8000
G1 Z1 F8000
G1 X196.26972 Y87.42851 F8000
G1 X182.44955 Y87.42851 F8000
G0 Z0
G1 X182.73065 Y87.1785 F8000
G1 Z1 F8000
G1 X182.73065 Y87.1785 F8000
G1 X195.98862 Y87.1785 F8000
G0 Z0
G1 X195.64617 Y86.9285 F8000
G1 Z1 F8000
G1 X195.64617 Y86.9285 F8000
G1 X183.07299 Y86.9285 F8000
G0 Z0
G1 X183.50778 Y86.67849 F8000
G1 Z1 F8000
G1 X183.50778 Y86.67849 F8000
G1 X195.2115 Y86.67849 F8000
G0 Z0
G1 X194.5942 Y86.42849 F8000
G1 Z1 F8000
G1 X194.5942 Y86.42849 F8000
G1 X184.12486 Y86.42849 F8000
G0 Z0
G1 X182.1651 Y85.35994 F8000
G1 Z1 F8000
G1 X182.1651 Y85.35994 F8000
G1 X178.94302 Y85.35994 F8000
G0 Z0
G1 X178.72002 Y85.60994 F8000
G1 Z1 F8000
G1 X178.72002 Y85.60994 F8000
G1 X181.95584 Y85.60994 F8000
G0 Z0
G1 X181.733 Y85.85994 F8000
G1 Z1 F8000
G1 X181.733 Y85.85994 F8000
G1 X178.49701 Y85.85994 F8000
G0 Z0
G1 X178.274 Y86.10994 F8000
G1 Z1 F8000
G1 X178.274 Y86.10994 F8000
G1 X181.51015 Y86.10994 F8000
G0 Z0
G1 X181.28731 Y86.35994 F8000
G1 Z1 F8000
G1 X181.28731 Y86.35994 F8000
G1 X178.051 Y86.35994 F8000
G0 Z0
G1 X177.82799 Y86.60994 F8000
G1 Z1 F8000
G1 X177.82799 Y86.60994 F8000
G1 X181.06447 Y86.60994 F8000
G0 Z0
G1 X180.84163 Y86.85994 F8000
G1 Z1 F8000
G1 X180.84163 Y86.85994 F8000
G1 X177.60258 Y86.8627 F8000
G1 X177.60258 Y95.66785 F8000
G1 X185.50138 Y100.22281 F8000
G1 X186.01189 Y100.33592 F8000
G1 X186.52235 Y100.22271 F8000
G1 X187.00133 Y99.82078 F8000
G1 X187.20138 Y99.3377 F8000
G1 X187.14682 Y98.71482 F8000
G1 X186.78816 Y98.20264 F8000
G1 X180.01868 Y94.27283 F8000
G1 X180.01868 Y87.78339 F8000
G1 X182.19401 Y85.31647 F8000
G1 X182.37416 Y84.71756 F8000
G1 X182.31386 Y84.3023 F8000
G1 X182.17676 Y84.01824 F8000
G1 X181.88913 Y83.71267 F8000
G1 X181.41214 Y83.49807 F8000
G1 X180.99269 Y83.48545 F8000
G1 X180.50369 Y83.67105 F8000
G1 X177.60258 Y86.8627 F8000
G0 Z0
G1 X177.60272 Y87.10994 F8000
G1 Z1 F8000
G1 X177.60272 Y87.10994 F8000
G1 X180.61878 Y87.10994 F8000
G0 Z0
G1 X180.39594 Y87.35994 F8000
G1 Z1 F8000
G1 X180.39594 Y87.35994 F8000
G1 X177.60272 Y87.35994 F8000
G0 Z0
G1 X177.60272 Y87.60994 F8000
G1 Z1 F8000
G1 X177.60272 Y87.60994 F8000
G1 X180.1731 Y87.60994 F8000
G0 Z0
G1 X180.01863 Y87.85994 F8000
G1 Z1 F8000
G1 X180.01863 Y87.85994 F8000
G1 X177.60272 Y87.85994 F8000
G0 Z0
G1 X177.60272 Y88.10994 F8000
G1 Z1 F8000
G1 X177.60272 Y88.10994 F8000
G1 X180.01863 Y88.10994 F8000
G0 Z0
G1 X180.01863 Y88.35994 F8000
G1 Z1 F8000
G1 X180.01863 Y88.35994 F8000
G1 X177.60272 Y88.35994 F8000
G0 Z0
G1 X177.60272 Y88.60994 F8000
G1 Z1 F8000
G1 X177.60272 Y88.60994 F8000
G1 X180.01863 Y88.60994 F8000
G0 Z0
G1 X180.01863 Y88.85994 F8000
G1 Z1 F8000
G1 X180.01863 Y88.85994 F8000
G1 X177.60272 Y88.85994 F8000
G0 Z0
G1 X177.60272 Y89.10994 F8000
G1 Z1 F8000
G1 X177.60272 Y89.10994 F8000
G1 X180.01863 Y89.10994 F8000
G0 Z0
G1 X180.01863 Y89.35994 F8000
G1 Z1 F8000
G1 X180.01863 Y89.35994 F8000
G1 X177.60272 Y89.35994 F8000
G0 Z0
G1 X177.60272 Y89.60994 F8000
G1 Z1 F8000
G1 X177.60272 Y89.60994 F8000
G1 X180.01863 Y89.60994 F8000
G0 Z0
G1 X180.01863 Y89.85994 F8000
G1 Z1 F8000
G1 X180.01863 Y89.85994 F8000
G1 X177.60272 Y89.85994 F8000
G0 Z0
G1 X177.60272 Y90.10994 F8000
G1 Z1 F8000
G1 X177.60272 Y90.10994 F8000
G1 X180.01863 Y90.10994 F8000
G0 Z0
G1 X180.01863 Y90.35994 F8000
G1 Z1 F8000
G1 X180.01863 Y90.35994 F8000
G1 X177.60272 Y90.35994 F8000
G0 Z0
G1 X177.60272 Y90.60994 F8000
G1 Z1 F8000
G1 X177.60272 Y90.60994 F8000
G1 X180.01863 Y90.60994 F8000
G0 Z0
G1 X180.01863 Y90.85994 F8000
G1 Z1 F8000
G1 X180.01863 Y90.85994 F8000
G1 X177.60272 Y90.85994 F8000
G0 Z0
G1 X177.60272 Y91.10994 F8000
G1 Z1 F8000
G1 X177.60272 Y91.10994 F8000
G1 X180.01863 Y91.10994 F8000
G0 Z0
G1 X180.01863 Y91.35994 F8000
G1 Z1 F8000
G1 X180.01863 Y91.35994 F8000
G1 X177.60272 Y91.35994 F8000
G0 Z0
G1 X177.60272 Y91.60994 F8000
G1 Z1 F8000
G1 X177.60272 Y91.60994 F8000
G1 X180.01863 Y91.60994 F8000
G0 Z0
G1 X180.01863 Y91.85994 F8000
G1 Z1 F8000
G1 X180.01863 Y91.85994 F8000
G1 X177.60272 Y91.85994 F8000
G0 Z0
G1 X177.60272 Y92.10994 F8000
G1 Z1 F8000
G1 X177.60272 Y92.10994 F8000
G1 X180.01863 Y92.10994 F8000
G0 Z0
G1 X180.01863 Y92.35994 F8000
G1 Z1 F8000
G1 X180.01863 Y92.35994 F8000
G1 X177.60272 Y92.35994 F8000
G0 Z0
G1 X177.60272 Y92.60994 F8000
G1 Z1 F8000
G1 X177.60272 Y92.60994 F8000
G1 X180.01863 Y92.60994 F8000
G0 Z0
G1 X180.01863 Y92.85994 F8000
G1 Z1 F8000
G1 X180.01863 Y92.85994 F8000
G1 X177.60272 Y92.85994 F8000
G0 Z0
G1 X177.60272 Y93.10994 F8000
G1 Z1 F8000
G1 X177.60272 Y93.10994 F8000
G1 X180.01863 Y93.10994 F8000
G0 Z0
G1 X180.01863 Y93.35994 F8000
G1 Z1 F8000
G1 X180.01863 Y93.35994 F8000
G1 X177.60272 Y93.35994 F8000
G0 Z0
G1 X177.60272 Y93.60994 F8000
G1 Z1 F8000
G1 X177.60272 Y93.60994 F8000
G1 X180.01863 Y93.60994 F8000
G0 Z0
G1 X180.01863 Y93.85994 F8000
G1 Z1 F8000
G1 X180.01863 Y93.85994 F8000
G1 X177.60272 Y93.85994 F8000
G0 Z0
G1 X177.60272 Y94.10994 F8000
G1 Z1 F8000
G1 X177.60272 Y94.10994 F8000
G1 X180.01863 Y94.10994 F8000
G0 Z0
G1 X180.16847 Y94.35994 F8000
G1 Z1 F8000
G1 X180.16847 Y94.35994 F8000
G1 X177.60272 Y94.35994 F8000
G0 Z0
G1 X177.60272 Y94.60994 F8000
G1 Z1 F8000
G1 X177.60272 Y94.60994 F8000
G1 X180.60165 Y94.60994 F8000
G0 Z0
G1 X181.03483 Y94.85994 F8000
G1 Z1 F8000
G1 X181.03483 Y94.85994 F8000
G1 X177.60272 Y94.85994 F8000
G0 Z0
G1 X177.60272 Y95.10994 F8000
G1 Z1 F8000
G1 X177.60272 Y95.10994 F8000
G1 X181.46802 Y95.10994 F8000
G0 Z0
G1 X181.9012 Y95.35994 F8000
G1 Z1 F8000
G1 X181.9012 Y95.35994 F8000
G1 X177.60272 Y95.35994 F8000
G0 Z0
G1 X178.36858 Y96.10994 F8000
G1 Z1 F8000
G1 X178.36858 Y96.10994 F8000
G1 X183.20075 Y96.10994 F8000
G0 Z0
G1 X182.74678 Y95.42851 F8000
G1 Z1 F8000
G1 X182.74678 Y95.42851 F8000
G1 X195.97219 Y95.42851 F8000
G0 Z0
G1 X194.55049 Y96.1785 F8000
G1 Z1 F8000
G1 X194.55049 Y96.1785 F8000
G1 X184.16838 Y96.1785 F8000
G0 Z0
G1 X182.29549 Y85.10994 F8000
G1 Z1 F8000
G1 X182.29549 Y85.10994 F8000
G1 X179.16603 Y85.10994 F8000
G0 Z0
G1 X179.38903 Y84.85994 F8000
G1 Z1 F8000
G1 X179.38903 Y84.85994 F8000
G1 X182.36014 Y84.85994 F8000
G0 Z0
G1 X182.37279 Y84.60994 F8000
G1 Z1 F8000
G1 X182.37279 Y84.60994 F8000
G1 X179.61204 Y84.60994 F8000
G0 Z0
G1 X179.83504 Y84.35994 F8000
G1 Z1 F8000
G1 X179.83504 Y84.35994 F8000
G1 X182.33012 Y84.35994 F8000
G0 Z0
G1 X182.2314 Y84.10994 F8000
G1 Z1 F8000
G1 X182.2314 Y84.10994 F8000
G1 X180.05805 Y84.10994 F8000
G0 Z0
G1 X180.28219 Y83.85994 F8000
G1 Z1 F8000
G1 X180.28219 Y83.85994 F8000
G1 X182.05139 Y83.85994 F8000
G0 Z0
G1 X181.72312 Y83.60994 F8000
G1 Z1 F8000
G1 X181.72312 Y83.60994 F8000
G1 X180.60723 Y83.60994 F8000
G0 Z0
G1 X202.53245 Y131.89187 F8000
G1 Z1 F8000
G1 X202.53245 Y131.89187 F8000
G1 X204.94884 Y131.89187 F8000
G0 Z0
G1 X204.94884 Y132.14187 F8000
G1 Z1 F8000
G1 X204.94884 Y132.14187 F8000
G1 X202.53245 Y132.14187 F8000
G0 Z0
G1 X202.53245 Y132.39188 F8000
G1 Z1 F8000
G1 X202.53245 Y132.39188 F8000
G1 X204.94884 Y132.39188 F8000
G0 Z0
G1 X204.94884 Y132.64186 F8000
G1 Z1 F8000
G1 X204.94884 Y132.64186 F8000
G1 X202.53245 Y132.64186 F8000
G0 Z0
G1 X202.53245 Y132.89186 F8000
G1 Z1 F8000
G1 X202.53245 Y132.89186 F8000
G1 X204.94884 Y132.89186 F8000
G0 Z0
G1 X204.94884 Y133.14187 F8000
G1 Z1 F8000
G1 X204.94884 Y133.14187 F8000
G1 X202.53245 Y133.14187 F8000
G0 Z0
G1 X202.53245 Y133.39187 F8000
G1 Z1 F8000
G1 X202.53245 Y133.39187 F8000
G1 X204.94884 Y133.39187 F8000
G0 Z0
G1 X204.94884 Y133.64187 F8000
G1 Z1 F8000
G1 X204.94884 Y133.64187 F8000
G1 X202.53245 Y133.64187 F8000
G0 Z0
G1 X202.53245 Y133.89188 F8000
G1 Z1 F8000
G1 X202.53245 Y133.89188 F8000
G1 X204.94884 Y133.89188 F8000
G0 Z0
G1 X204.94884 Y134.14186 F8000
G1 Z1 F8000
G1 X204.94884 Y134.14186 F8000
G1 X202.53245 Y134.14186 F8000
G0 Z0
G1 X202.53245 Y134.39186 F8000
G1 Z1 F8000
G1 X202.53245 Y134.39186 F8000
G1 X204.94884 Y134.39186 F8000
G0 Z0
G1 X204.94884 Y134.64187 F8000
G1 Z1 F8000
G1 X204.94884 Y134.64187 F8000
G1 X202.53245 Y134.64187 F8000
G0 Z0
G1 X202.53245 Y134.89187 F8000
G1 Z1 F8000
G1 X202.53245 Y134.89187 F8000
G1 X204.94884 Y134.89187 F8000
G0 Z0
G1 X213.40673 Y115.1078 F8000
G1 Z1 F8000
G1 X213.40673 Y115.1078 F8000
G1 X214.01074 Y115.26965 F8000
G1 X214.45292 Y115.71182 F8000
G1 X214.61018 Y116.21056 F8000
G1 X214.50159 Y116.8264 F8000
G1 X214.26094 Y117.17007 F8000
G1 X210.95261 Y120.4784 F8000
G1 X204.94884 Y120.4784 F8000
G1 X204.94884 Y123.73814 F8000
G1 X209.95164 Y123.73814 F8000
G1 X212.63021 Y121.06606 F8000
G1 X212.99355 Y120.85629 F8000
G1 X213.30144 Y120.78803 F8000
G1 X213.91726 Y120.89662 F8000
G1 X214.39629 Y121.29857 F8000
G1 X214.5736 Y121.67881 F8000
G1 X214.61476 Y121.99147 F8000
G1 X214.45292 Y122.59549 F8000
G1 X210.95261 Y126.15403 F8000
G1 X204.94884 Y126.15403 F8000
G1 X204.94884 Y129.41325 F8000
G1 X209.95164 Y129.41325 F8000
G1 X212.63021 Y126.7417 F8000
G1 X212.99355 Y126.53192 F8000
G1 X213.30144 Y126.46366 F8000
G1 X213.91726 Y126.57225 F8000
G1 X214.39629 Y126.9742 F8000
G1 X214.61017 Y127.56182 F8000
G1 X214.50158 Y128.17764 F8000
G1 X214.26094 Y128.52131 F8000
G1 X210.95261 Y131.82964 F8000
G1 X204.94884 Y131.82964 F8000
G1 X204.94884 Y135.08888 F8000
G1 X209.95164 Y135.08888 F8000
G1 X212.63021 Y132.4168 F8000
G1 X212.99355 Y132.20703 F8000
G1 X213.30144 Y132.13877 F8000
G1 X213.91726 Y132.24736 F8000
G1 X214.39629 Y132.64931 F8000
G1 X214.61017 Y133.23692 F8000
G1 X214.50158 Y133.85274 F8000
G1 X214.26094 Y134.19642 F8000
G1 X210.95261 Y137.50527 F8000
G1 X203.74064 Y137.50527 F8000
G1 X203.32739 Y137.43245 F8000
G1 X203.04761 Y137.28682 F8000
G1 X202.7509 Y136.99011 F8000
G1 X202.60527 Y136.71033 F8000
G1 X202.53245 Y136.29708 F8000
G1 X202.53245 Y106.28958 F8000
G1 X187.14848 Y106.28499 F8000
G1 X186.74315 Y106.17643 F8000
G1 X186.3282 Y105.85804 F8000
G1 X186.11841 Y105.49463 F8000
G1 X186.04559 Y105.08139 F8000
G1 X186.11855 Y104.66828 F8000
G1 X186.32839 Y104.30503 F8000
G1 X186.74328 Y103.98681 F8000
G1 X187.14851 Y103.8783 F8000
G1 X202.53245 Y103.87372 F8000
G1 X202.53245 Y73.86622 F8000
G1 X202.60527 Y73.45297 F8000
G1 X202.96399 Y72.94064 F8000
G1 X203.23001 Y72.77118 F8000
G1 X203.63534 Y72.66261 F8000
G1 X209.95164 Y72.65803 F8000
G1 X212.63021 Y69.98595 F8000
G1 X212.99355 Y69.77617 F8000
G1 X213.40673 Y69.70332 F8000
G1 X214.01074 Y69.86517 F8000
G1 X214.45292 Y70.30734 F8000
G1 X214.61478 Y70.91137 F8000
G1 X214.50159 Y71.42191 F8000
G1 X214.26094 Y71.76559 F8000
G1 X210.95261 Y75.07442 F8000
G1 X204.94884 Y75.07442 F8000
G1 X204.94884 Y78.33366 F8000
G1 X209.95164 Y78.33366 F8000
G1 X212.63021 Y75.66158 F8000
G1 X212.99355 Y75.45181 F8000
G1 X213.30144 Y75.38355 F8000
G1 X213.91726 Y75.49214 F8000
G1 X214.39629 Y75.89409 F8000
G1 X214.61017 Y76.4817 F8000
G1 X214.5736 Y76.89965 F8000
G1 X214.45292 Y77.191 F8000
G1 X210.95261 Y80.74952 F8000
G1 X204.94884 Y80.74952 F8000
G1 X204.94884 Y84.00927 F8000
G1 X209.95164 Y84.00927 F8000
G1 X212.63021 Y81.33721 F8000
G1 X212.89619 Y81.16777 F8000
G1 X213.30144 Y81.05918 F8000
G1 X213.91726 Y81.16777 F8000
G1 X214.39629 Y81.56972 F8000
G1 X214.61017 Y82.15733 F8000
G1 X214.50158 Y82.77316 F8000
G1 X214.26094 Y83.11683 F8000
G1 X210.95261 Y86.42515 F8000
G1 X204.94884 Y86.42515 F8000
G1 X204.94884 Y89.6849 F8000
G1 X209.95164 Y89.6849 F8000
G1 X212.63021 Y87.01282 F8000
G1 X213.19695 Y86.74854 F8000
G1 X213.8199 Y86.80305 F8000
G1 X214.33214 Y87.16172 F8000
G1 X214.59642 Y87.72846 F8000
G1 X214.54192 Y88.35142 F8000
G1 X214.26094 Y88.79246 F8000
G1 X210.95261 Y92.10079 F8000
G1 X204.94884 Y92.10079 F8000
G1 X204.94884 Y95.36054 F8000
G1 X209.95164 Y95.36054 F8000
G1 X212.63021 Y92.68845 F8000
G1 X213.19695 Y92.42418 F8000
G1 X213.8199 Y92.47868 F8000
G1 X214.33214 Y92.83735 F8000
G1 X214.5736 Y93.3012 F8000
G1 X214.5736 Y93.92652 F8000
G1 X214.26094 Y94.46807 F8000
G1 X210.95261 Y97.77639 F8000
G1 X204.94884 Y97.77639 F8000
G1 X204.94884 Y101.03564 F8000
G1 X209.95164 Y101.03564 F8000
G1 X212.63021 Y98.36356 F8000
G1 X213.19695 Y98.09928 F8000
G1 X213.8199 Y98.15378 F8000
G1 X214.33214 Y98.51246 F8000
G1 X214.59642 Y99.0792 F8000
G1 X214.57361 Y99.60165 F8000
G1 X214.26094 Y100.1432 F8000
G1 X210.95261 Y103.45203 F8000
G1 X204.94884 Y103.45203 F8000
G1 X204.94884 Y106.71127 F8000
G1 X209.95164 Y106.71127 F8000
G1 X212.63021 Y104.03919 F8000
G1 X213.19695 Y103.77491 F8000
G1 X213.71939 Y103.79772 F8000
G1 X214.26094 Y104.11039 F8000
G1 X214.54191 Y104.55143 F8000
G1 X214.59641 Y105.17437 F8000
G1 X214.45292 Y105.56861 F8000
G1 X214.26094 Y105.81881 F8000
G1 X210.95261 Y109.12766 F8000
G1 X204.94884 Y109.12766 F8000
G1 X204.94884 Y112.38688 F8000
G1 X209.95164 Y112.38688 F8000
G1 X212.63021 Y109.71482 F8000
G1 X213.19695 Y109.45055 F8000
G1 X213.8199 Y109.50505 F8000
G1 X214.26094 Y109.78602 F8000
G1 X214.5736 Y110.32757 F8000
G1 X214.59641 Y110.85 F8000
G1 X214.50158 Y111.15077 F8000
G1 X214.26094 Y111.49444 F8000
G1 X210.95261 Y114.80276 F8000
G1 X204.94884 Y114.80276 F8000
G1 X204.94884 Y118.06251 F8000
G1 X209.95164 Y118.06251 F8000
G1 X212.63021 Y115.39043 F8000
G1 X212.99355 Y115.18066 F8000
G1 X213.40673 Y115.1078 F8000
G0 Z0
G1 X285.2099 Y91.33855 F8000
G1 Z1 F8000
G1 X285.2099 Y91.33855 F8000
G1 X273.003 Y103.5862 F8000
G1 X285.2099 Y115.83385 F8000
G1 X285.2099 Y91.33855 F8000
G0 Z0
G1 X275.72977 Y100.85035 F8000
G1 Z1 F8000
G1 X275.72977 Y100.85035 F8000
G1 X275.72977 Y81.20759 F8000
G1 X285.2099 Y79.09093 F8000
G1 X285.2099 Y91.33855 F8000
G1 X285.2099 Y79.09093 F8000
G1 X313.00022 Y79.09093 F8000
G1 X313.00022 Y89.09414 F8000
G0 Z0
G1 X313.00024 Y89.09414 F8000
G1 Z1 F8000
G1 X313.00024 Y89.09414 F8000
G1 X309.62365 Y89.09414 F8000
G1 X309.62365 Y118.05029 F8000
G1 X313.00024 Y118.05029 F8000
G1 X313.00024 Y89.09414 F8000
G0 Z0
G1 X306.76401 Y91.31058 F8000
G1 Z1 F8000
G1 X306.76401 Y91.31058 F8000
G1 X306.76401 Y115.83385 F8000
G1 X309.62365 Y115.83385 F8000
G1 X309.62365 Y91.31058 F8000
G1 X306.76401 Y91.31058 F8000
G0 Z0
G1 X304.74725 Y87.87049 F8000
G1 Z1 F8000
G1 X304.74725 Y87.87049 F8000
G1 X299.33129 Y82.45452 F8000
G0 Z0
G1 X304.74661 Y82.45339 F8000
G1 Z1 F8000
G1 X304.74661 Y82.45339 F8000
G1 X299.20999 Y82.45339 F8000
G1 X299.20999 Y87.99003 F8000
G1 X304.74661 Y87.99003 F8000
G1 X304.74661 Y82.45339 F8000
G0 Z0
G1 X299.20952 Y82.68631 F8000
G1 Z1 F8000
G1 X299.20952 Y82.68631 F8000
G1 X304.51282 Y87.98961 F8000
G0 Z0
G1 X304.15927 Y87.98961 F8000
G1 Z1 F8000
G1 X304.15927 Y87.98961 F8000
G1 X299.20952 Y83.03986 F8000
G0 Z0
G1 X299.20952 Y83.39341 F8000
G1 Z1 F8000
G1 X299.20952 Y83.39341 F8000
G1 X303.80571 Y87.98961 F8000
G0 Z0
G1 X303.45216 Y87.98961 F8000
G1 Z1 F8000
G1 X303.45216 Y87.98961 F8000
G1 X299.20952 Y83.74697 F8000
G0 Z0
G1 X299.20952 Y84.10052 F8000
G1 Z1 F8000
G1 X299.20952 Y84.10052 F8000
G1 X303.0986 Y87.98961 F8000
G0 Z0
G1 X302.74505 Y87.98961 F8000
G1 Z1 F8000
G1 X302.74505 Y87.98961 F8000
G1 X299.20952 Y84.45407 F8000
G0 Z0
G1 X299.20952 Y84.80763 F8000
G1 Z1 F8000
G1 X299.20952 Y84.80763 F8000
G1 X302.3915 Y87.98961 F8000
G0 Z0
G1 X302.03794 Y87.98961 F8000
G1 Z1 F8000
G1 X302.03794 Y87.98961 F8000
G1 X299.20952 Y85.16118 F8000
G0 Z0
G1 X299.20952 Y85.51474 F8000
G1 Z1 F8000
G1 X299.20952 Y85.51474 F8000
G1 X301.68439 Y87.98961 F8000
G0 Z0
G1 X301.33084 Y87.98961 F8000
G1 Z1 F8000
G1 X301.33084 Y87.98961 F8000
G1 X299.20952 Y85.86829 F8000
G0 Z0
G1 X299.20952 Y86.22184 F8000
G1 Z1 F8000
G1 X299.20952 Y86.22184 F8000
G1 X300.97728 Y87.98961 F8000
G0 Z0
G1 X300.62373 Y87.98961 F8000
G1 Z1 F8000
G1 X300.62373 Y87.98961 F8000
G1 X299.20952 Y86.5754 F8000
G0 Z0
G1 X299.20952 Y86.92895 F8000
G1 Z1 F8000
G1 X299.20952 Y86.92895 F8000
G1 X300.27018 Y87.98961 F8000
G0 Z0
G1 X299.91662 Y87.98961 F8000
G1 Z1 F8000
G1 X299.91662 Y87.98961 F8000
G1 X299.20952 Y87.2825 F8000
G0 Z0
G1 X299.20952 Y87.63606 F8000
G1 Z1 F8000
G1 X299.20952 Y87.63606 F8000
G1 X299.56307 Y87.98961 F8000
G0 Z0
G1 X294.97883 Y87.87049 F8000
G1 Z1 F8000
G1 X294.97883 Y87.87049 F8000
G1 X289.56286 Y82.45452 F8000
G0 Z0
G1 X289.44162 Y82.45339 F8000
G1 Z1 F8000
G1 X289.44162 Y82.45339 F8000
G1 X289.44162 Y87.99003 F8000
G1 X294.97827 Y87.99003 F8000
G1 X294.97827 Y82.45339 F8000
G1 X289.44162 Y82.45339 F8000
G0 Z0
G1 X289.44109 Y82.68631 F8000
G1 Z1 F8000
G1 X289.44109 Y82.68631 F8000
G1 X294.7444 Y87.98961 F8000
G0 Z0
G1 X294.39084 Y87.98961 F8000
G1 Z1 F8000
G1 X294.39084 Y87.98961 F8000
G1 X289.44109 Y83.03986 F8000
G0 Z0
G1 X289.44109 Y83.39341 F8000
G1 Z1 F8000
G1 X289.44109 Y83.39341 F8000
G1 X294.03729 Y87.98961 F8000
G0 Z0
G1 X293.68374 Y87.98961 F8000
G1 Z1 F8000
G1 X293.68374 Y87.98961 F8000
G1 X289.44109 Y83.74697 F8000
G0 Z0
G1 X289.44109 Y84.10052 F8000
G1 Z1 F8000
G1 X289.44109 Y84.10052 F8000
G1 X293.33018 Y87.98961 F8000
G0 Z0
G1 X292.97663 Y87.98961 F8000
G1 Z1 F8000
G1 X292.97663 Y87.98961 F8000
G1 X289.44109 Y84.45407 F8000
G0 Z0
G1 X289.44109 Y84.80763 F8000
G1 Z1 F8000
G1 X289.44109 Y84.80763 F8000
G1 X292.62308 Y87.98961 F8000
G0 Z0
G1 X292.26952 Y87.98961 F8000
G1 Z1 F8000
G1 X292.26952 Y87.98961 F8000
G1 X289.44109 Y85.16118 F8000
G0 Z0
G1 X289.44109 Y85.51474 F8000
G1 Z1 F8000
G1 X289.44109 Y85.51474 F8000
G1 X291.91597 Y87.98961 F8000
G0 Z0
G1 X291.56242 Y87.98961 F8000
G1 Z1 F8000
G1 X291.56242 Y87.98961 F8000
G1 X289.44109 Y85.86829 F8000
G0 Z0
G1 X289.44109 Y86.22184 F8000
G1 Z1 F8000
G1 X289.44109 Y86.22184 F8000
G1 X291.20886 Y87.98961 F8000
G0 Z0
G1 X290.85531 Y87.98961 F8000
G1 Z1 F8000
G1 X290.85531 Y87.98961 F8000
G1 X289.44109 Y86.5754 F8000
G0 Z0
G1 X289.44109 Y86.92895 F8000
G1 Z1 F8000
G1 X289.44109 Y86.92895 F8000
G1 X290.50175 Y87.98961 F8000
G0 Z0
G1 X290.1482 Y87.98961 F8000
G1 Z1 F8000
G1 X290.1482 Y87.98961 F8000
G1 X289.44109 Y87.2825 F8000
G0 Z0
G1 X289.44109 Y87.63606 F8000
G1 Z1 F8000
G1 X289.44109 Y87.63606 F8000
G1 X289.79465 Y87.98961 F8000
G0 Z0
G1 X294.97883 Y87.51693 F8000
G1 Z1 F8000
G1 X294.97883 Y87.51693 F8000
G1 X289.91642 Y82.45452 F8000
G0 Z0
G1 X290.26997 Y82.45452 F8000
G1 Z1 F8000
G1 X290.26997 Y82.45452 F8000
G1 X294.97883 Y87.16338 F8000
G0 Z0
G1 X294.97883 Y86.80982 F8000
G1 Z1 F8000
G1 X294.97883 Y86.80982 F8000
G1 X290.62353 Y82.45452 F8000
G0 Z0
G1 X290.97708 Y82.45452 F8000
G1 Z1 F8000
G1 X290.97708 Y82.45452 F8000
G1 X294.97883 Y86.45627 F8000
G0 Z0
G1 X294.97883 Y86.10272 F8000
G1 Z1 F8000
G1 X294.97883 Y86.10272 F8000
G1 X291.33063 Y82.45452 F8000
G0 Z0
G1 X291.68419 Y82.45452 F8000
G1 Z1 F8000
G1 X291.68419 Y82.45452 F8000
G1 X294.97883 Y85.74916 F8000
G0 Z0
G1 X294.97883 Y85.39561 F8000
G1 Z1 F8000
G1 X294.97883 Y85.39561 F8000
G1 X292.03774 Y82.45452 F8000
G0 Z0
G1 X292.39129 Y82.45452 F8000
G1 Z1 F8000
G1 X292.39129 Y82.45452 F8000
G1 X294.97883 Y85.04206 F8000
G0 Z0
G1 X294.97883 Y84.6885 F8000
G1 Z1 F8000
G1 X294.97883 Y84.6885 F8000
G1 X292.74485 Y82.45452 F8000
G0 Z0
G1 X293.0984 Y82.45452 F8000
G1 Z1 F8000
G1 X293.0984 Y82.45452 F8000
G1 X294.97883 Y84.33495 F8000
G0 Z0
G1 X294.97883 Y83.9814 F8000
G1 Z1 F8000
G1 X294.97883 Y83.9814 F8000
G1 X293.45195 Y82.45452 F8000
G0 Z0
G1 X293.80551 Y82.45452 F8000
G1 Z1 F8000
G1 X293.80551 Y82.45452 F8000
G1 X294.97883 Y83.62784 F8000
G0 Z0
G1 X294.97883 Y83.27429 F8000
G1 Z1 F8000
G1 X294.97883 Y83.27429 F8000
G1 X294.15906 Y82.45452 F8000
G0 Z0
G1 X294.51261 Y82.45452 F8000
G1 Z1 F8000
G1 X294.51261 Y82.45452 F8000
G1 X294.97883 Y82.92073 F8000
G0 Z0
G1 X294.97883 Y82.56718 F8000
G1 Z1 F8000
G1 X294.97883 Y82.56718 F8000
G1 X294.86617 Y82.45452 F8000
G0 Z0
G1 X299.68484 Y82.45452 F8000
G1 Z1 F8000
G1 X299.68484 Y82.45452 F8000
G1 X304.74725 Y87.51693 F8000
G0 Z0
G1 X304.74725 Y87.16338 F8000
G1 Z1 F8000
G1 X304.74725 Y87.16338 F8000
G1 X300.03839 Y82.45452 F8000
G0 Z0
G1 X300.39195 Y82.45452 F8000
G1 Z1 F8000
G1 X300.39195 Y82.45452 F8000
G1 X304.74725 Y86.80982 F8000
G0 Z0
G1 X304.74725 Y86.45627 F8000
G1 Z1 F8000
G1 X304.74725 Y86.45627 F8000
G1 X300.7455 Y82.45452 F8000
G0 Z0
G1 X301.09905 Y82.45452 F8000
G1 Z1 F8000
G1 X301.09905 Y82.45452 F8000
G1 X304.74725 Y86.10272 F8000
G0 Z0
G1 X304.74725 Y85.74916 F8000
G1 Z1 F8000
G1 X304.74725 Y85.74916 F8000
G1 X301.45261 Y82.45452 F8000
G0 Z0
G1 X301.80616 Y82.45452 F8000
G1 Z1 F8000
G1 X301.80616 Y82.45452 F8000
G1 X304.74725 Y85.39561 F8000
G0 Z0
G1 X304.74725 Y85.04206 F8000
G1 Z1 F8000
G1 X304.74725 Y85.04206 F8000
G1 X302.15972 Y82.45452 F8000
G0 Z0
G1 X302.51327 Y82.45452 F8000
G1 Z1 F8000
G1 X302.51327 Y82.45452 F8000
G1 X304.74725 Y84.6885 F8000
G0 Z0
G1 X304.74725 Y84.33495 F8000
G1 Z1 F8000
G1 X304.74725 Y84.33495 F8000
G1 X302.86682 Y82.45452 F8000
G0 Z0
G1 X303.22038 Y82.45452 F8000
G1 Z1 F8000
G1 X303.22038 Y82.45452 F8000
G1 X304.74725 Y83.9814 F8000
G0 Z0
G1 X304.74725 Y83.62784 F8000
G1 Z1 F8000
G1 X304.74725 Y83.62784 F8000
G1 X303.57393 Y82.45452 F8000
G0 Z0
G1 X303.92748 Y82.45452 F8000
G1 Z1 F8000
G1 X303.92748 Y82.45452 F8000
G1 X304.74725 Y83.27429 F8000
G0 Z0
G1 X304.74725 Y82.92073 F8000
G1 Z1 F8000
G1 X304.74725 Y82.92073 F8000
G1 X304.28104 Y82.45452 F8000
G0 Z0
G1 X304.63459 Y82.45452 F8000
G1 Z1 F8000
G1 X304.63459 Y82.45452 F8000
G1 X304.74725 Y82.56718 F8000
G0 Z0
G1 X306.20336 Y79.09093 F8000
G1 Z1 F8000
G1 X306.20336 Y79.09093 F8000
G1 X306.37682 Y75.82144 F8000
G1 X306.74594 Y72.94386 F8000
G1 X307.30336 Y70.48297 F8000
G1 X308.08158 Y68.2619 F8000
G1 X309.09229 Y66.26868 F8000
G1 X310.38806 Y64.43448 F8000
G1 X311.94365 Y62.81383 F8000
G1 X313.75692 Y61.39423 F8000
G1 X315.90103 Y60.12169 F8000
G1 X318.30972 Y59.035 F8000
G1 X321.07483 Y58.09009 F8000
G1 X324.21996 Y57.28927 F8000
G1 X327.76871 Y56.6348 F8000
G1 X331.59506 Y56.14448 F8000
G1 X335.83983 Y55.79443 F8000
G1 X340.52415 Y55.58673 F8000
G0 Z0
G1 X340.66989 Y55.51199 F8000
G1 Z1 F8000
G1 X340.66989 Y55.51199 F8000
G1 X337.82032 Y52.66242 F8000
G0 Z0
G1 X338.17387 Y52.66242 F8000
G1 Z1 F8000
G1 X338.17387 Y52.66242 F8000
G1 X341.02344 Y55.51199 F8000
G0 Z0
G1 X341.37699 Y55.51199 F8000
G1 Z1 F8000
G1 X341.37699 Y55.51199 F8000
G1 X338.52743 Y52.66242 F8000
G0 Z0
G1 X338.88098 Y52.66242 F8000
G1 Z1 F8000
G1 X338.88098 Y52.66242 F8000
G1 X341.73055 Y55.51199 F8000
G0 Z0
G1 X342.0841 Y55.51199 F8000
G1 Z1 F8000
G1 X342.0841 Y55.51199 F8000
G1 X339.23454 Y52.66242 F8000
G0 Z0
G1 X339.58809 Y52.66242 F8000
G1 Z1 F8000
G1 X339.58809 Y52.66242 F8000
G1 X342.43765 Y55.51199 F8000
G0 Z0
G1 X342.79121 Y55.51199 F8000
G1 Z1 F8000
G1 X342.79121 Y55.51199 F8000
G1 X339.94164 Y52.66242 F8000
G0 Z0
G1 X340.2952 Y52.66242 F8000
G1 Z1 F8000
G1 X340.2952 Y52.66242 F8000
G1 X343.14476 Y55.51199 F8000
G0 Z0
G1 X343.49831 Y55.51199 F8000
G1 Z1 F8000
G1 X343.49831 Y55.51199 F8000
G1 X340.64875 Y52.66242 F8000
G0 Z0
G1 X341.0023 Y52.66242 F8000
G1 Z1 F8000
G1 X341.0023 Y52.66242 F8000
G1 X343.85187 Y55.51199 F8000
G0 Z0
G1 X344.20542 Y55.51199 F8000
G1 Z1 F8000
G1 X344.20542 Y55.51199 F8000
G1 X341.35586 Y52.66242 F8000
G0 Z0
G1 X341.70941 Y52.66242 F8000
G1 Z1 F8000
G1 X341.70941 Y52.66242 F8000
G1 X344.55897 Y55.51199 F8000
G0 Z0
G1 X344.88631 Y55.48577 F8000
G1 Z1 F8000
G1 X344.88631 Y55.48577 F8000
G1 X342.06296 Y52.66242 F8000
G0 Z0
G1 X342.41652 Y52.66242 F8000
G1 Z1 F8000
G1 X342.41652 Y52.66242 F8000
G1 X345.16118 Y55.40709 F8000
G0 Z0
G1 X345.39427 Y55.28662 F8000
G1 Z1 F8000
G1 X345.39427 Y55.28662 F8000
G1 X342.77007 Y52.66242 F8000
G0 Z0
G1 X343.12362 Y52.66242 F8000
G1 Z1 F8000
G1 X343.12362 Y52.66242 F8000
G1 X345.59336 Y55.13216 F8000
G0 Z0
G1 X345.76248 Y54.94773 F8000
G1 Z1 F8000
G1 X345.76248 Y54.94773 F8000
G1 X343.47718 Y52.66242 F8000
G0 Z0
G1 X343.83073 Y52.66242 F8000
G1 Z1 F8000
G1 X343.83073 Y52.66242 F8000
G1 X345.89754 Y54.72923 F8000
G0 Z0
G1 X345.99673 Y54.47487 F8000
G1 Z1 F8000
G1 X345.99673 Y54.47487 F8000
G1 X344.18429 Y52.66242 F8000
G0 Z0
G1 X344.53784 Y52.66242 F8000
G1 Z1 F8000
G1 X344.53784 Y52.66242 F8000
G1 X346.04912 Y54.17371 F8000
G0 Z0
G1 X346.02107 Y53.7921 F8000
G1 Z1 F8000
G1 X346.02107 Y53.7921 F8000
G1 X344.9219 Y52.69294 F8000
G0 Z0
G1 X340.31633 Y55.51199 F8000
G1 Z1 F8000
G1 X340.31633 Y55.51199 F8000
G1 X337.46677 Y52.66242 F8000
G0 Z0
G1 X337.11321 Y52.66242 F8000
G1 Z1 F8000
G1 X337.11321 Y52.66242 F8000
G1 X339.96278 Y55.51199 F8000
G0 Z0
G1 X339.60922 Y55.51199 F8000
G1 Z1 F8000
G1 X339.60922 Y55.51199 F8000
G1 X336.75966 Y52.66242 F8000
G0 Z0
G1 X336.40611 Y52.66242 F8000
G1 Z1 F8000
G1 X336.40611 Y52.66242 F8000
G1 X339.25567 Y55.51199 F8000
G0 Z0
G1 X338.90212 Y55.51199 F8000
G1 Z1 F8000
G1 X338.90212 Y55.51199 F8000
G1 X336.05255 Y52.66242 F8000
G0 Z0
G1 X335.699 Y52.66242 F8000
G1 Z1 F8000
G1 X335.699 Y52.66242 F8000
G1 X338.54856 Y55.51199 F8000
G0 Z0
G1 X338.19501 Y55.51199 F8000
G1 Z1 F8000
G1 X338.19501 Y55.51199 F8000
G1 X335.34545 Y52.66242 F8000
G0 Z0
G1 X334.99189 Y52.66242 F8000
G1 Z1 F8000
G1 X334.99189 Y52.66242 F8000
G1 X337.84146 Y55.51199 F8000
G0 Z0
G1 X337.4879 Y55.51199 F8000
G1 Z1 F8000
G1 X337.4879 Y55.51199 F8000
G1 X334.63834 Y52.66242 F8000
G0 Z0
G1 X334.28479 Y52.66242 F8000
G1 Z1 F8000
G1 X334.28479 Y52.66242 F8000
G1 X337.13435 Y55.51199 F8000
G0 Z0
G1 X336.7808 Y55.51199 F8000
G1 Z1 F8000
G1 X336.7808 Y55.51199 F8000
G1 X333.93123 Y52.66242 F8000
G0 Z0
G1 X333.57768 Y52.66242 F8000
G1 Z1 F8000
G1 X333.57768 Y52.66242 F8000
G1 X336.42724 Y55.51199 F8000
G0 Z0
G1 X336.07369 Y55.51199 F8000
G1 Z1 F8000
G1 X336.07369 Y55.51199 F8000
G1 X333.22412 Y52.66242 F8000
G0 Z0
G1 X332.87057 Y52.66242 F8000
G1 Z1 F8000
G1 X332.87057 Y52.66242 F8000
G1 X335.72013 Y55.51199 F8000
G0 Z0
G1 X335.36658 Y55.51199 F8000
G1 Z1 F8000
G1 X335.36658 Y55.51199 F8000
G1 X332.51702 Y52.66242 F8000
G0 Z0
G1 X332.16346 Y52.66242 F8000
G1 Z1 F8000
G1 X332.16346 Y52.66242 F8000
G1 X335.01303 Y55.51199 F8000
G0 Z0
G1 X334.65947 Y55.51199 F8000
G1 Z1 F8000
G1 X334.65947 Y55.51199 F8000
G1 X331.80991 Y52.66242 F8000
G0 Z0
G1 X331.45636 Y52.66242 F8000
G1 Z1 F8000
G1 X331.45636 Y52.66242 F8000
G1 X334.30592 Y55.51199 F8000
G0 Z0
G1 X333.95237 Y55.51199 F8000
G1 Z1 F8000
G1 X333.95237 Y55.51199 F8000
G1 X331.1028 Y52.66242 F8000
G0 Z0
G1 X330.74925 Y52.66242 F8000
G1 Z1 F8000
G1 X330.74925 Y52.66242 F8000
G1 X333.59881 Y55.51199 F8000
G0 Z0
G1 X333.24526 Y55.51199 F8000
G1 Z1 F8000
G1 X333.24526 Y55.51199 F8000
G1 X330.3957 Y52.66242 F8000
G0 Z0
G1 X330.04214 Y52.66242 F8000
G1 Z1 F8000
G1 X330.04214 Y52.66242 F8000
G1 X332.89171 Y55.51199 F8000
G0 Z0
G1 X332.53815 Y55.51199 F8000
G1 Z1 F8000
G1 X332.53815 Y55.51199 F8000
G1 X329.68859 Y52.66242 F8000
G0 Z0
G1 X329.33504 Y52.66242 F8000
G1 Z1 F8000
G1 X329.33504 Y52.66242 F8000
G1 X332.1846 Y55.51199 F8000
G0 Z0
G1 X331.83105 Y55.51199 F8000
G1 Z1 F8000
G1 X331.83105 Y55.51199 F8000
G1 X328.98148 Y52.66242 F8000
G0 Z0
G1 X328.62793 Y52.66242 F8000
G1 Z1 F8000
G1 X328.62793 Y52.66242 F8000
G1 X331.47749 Y55.51199 F8000
G0 Z0
G1 X331.12394 Y55.51199 F8000
G1 Z1 F8000
G1 X331.12394 Y55.51199 F8000
G1 X328.27437 Y52.66242 F8000
G0 Z0
G1 X327.92082 Y52.66242 F8000
G1 Z1 F8000
G1 X327.92082 Y52.66242 F8000
G1 X330.77038 Y55.51199 F8000
G0 Z0
G1 X330.41683 Y55.51199 F8000
G1 Z1 F8000
G1 X330.41683 Y55.51199 F8000
G1 X327.5987 Y52.69386 F8000
G0 Z0
G1 X327.33284 Y52.78155 F8000
G1 Z1 F8000
G1 X327.33284 Y52.78155 F8000
G1 X330.06328 Y55.51199 F8000
G0 Z0
G1 X329.70972 Y55.51199 F8000
G1 Z1 F8000
G1 X329.70972 Y55.51199 F8000
G1 X327.10303 Y52.9053 F8000
G0 Z0
G1 X326.90806 Y53.06388 F8000
G1 Z1 F8000
G1 X326.90806 Y53.06388 F8000
G1 X329.35617 Y55.51199 F8000
G0 Z0
G1 X329.00262 Y55.51199 F8000
G1 Z1 F8000
G1 X329.00262 Y55.51199 F8000
G1 X326.74409 Y53.25346 F8000
G0 Z0
G1 X326.6124 Y53.47533 F8000
G1 Z1 F8000
G1 X326.6124 Y53.47533 F8000
G1 X328.64906 Y55.51199 F8000
G0 Z0
G1 X328.29551 Y55.51199 F8000
G1 Z1 F8000
G1 X328.29551 Y55.51199 F8000
G1 X326.51961 Y53.73609 F8000
G0 Z0
G1 X326.47445 Y54.08662 F8000
G1 Z1 F8000
G1 X326.47445 Y54.08662 F8000
G1 X326.60314 Y54.67821 F8000
G1 X326.89156 Y55.09363 F8000
G1 X327.30696 Y55.38202 F8000
G1 X327.79697 Y55.50709 F8000
G1 X344.62776 Y55.51072 F8000
G1 X345.12544 Y55.42095 F8000
G1 X345.63476 Y55.09363 F8000
G1 X345.96208 Y54.58431 F8000
G1 X346.04823 Y53.98502 F8000
G1 X345.92316 Y53.49502 F8000
G1 X345.63476 Y53.07962 F8000
G1 X345.21934 Y52.7912 F8000
G1 X344.72936 Y52.66613 F8000
G1 X327.79697 Y52.66613 F8000
G1 X327.30696 Y52.7912 F8000
G1 X326.89156 Y53.07962 F8000
G1 X326.60314 Y53.49502 F8000
G1 X326.47445 Y54.08662 F8000
G1 X327.94196 Y55.51199 F8000
G0 Z0
G1 X327.54076 Y55.46435 F8000
G1 Z1 F8000
G1 X327.54076 Y55.46435 F8000
G1 X326.52142 Y54.445 F8000
G0 Z0
G1 X329.74594 Y57.2446 F8000
G1 Z1 F8000
G1 X329.74594 Y57.2446 F8000
G1 X332.18317 Y59.68182 F8000
G0 Z0
G1 X332.53672 Y59.68182 F8000
G1 Z1 F8000
G1 X332.53672 Y59.68182 F8000
G1 X329.93985 Y57.08495 F8000
G0 Z0
G1 X330.16581 Y56.95736 F8000
G1 Z1 F8000
G1 X330.16581 Y56.95736 F8000
G1 X332.89027 Y59.68182 F8000
G0 Z0
G1 X333.24383 Y59.68182 F8000
G1 Z1 F8000
G1 X333.24383 Y59.68182 F8000
G1 X330.42975 Y56.86775 F8000
G0 Z0
G1 X330.74782 Y56.83226 F8000
G1 Z1 F8000
G1 X330.74782 Y56.83226 F8000
G1 X333.59738 Y59.68182 F8000
G0 Z0
G1 X333.95093 Y59.68182 F8000
G1 Z1 F8000
G1 X333.95093 Y59.68182 F8000
G1 X331.10137 Y56.83226 F8000
G0 Z0
G1 X331.45492 Y56.83226 F8000
G1 Z1 F8000
G1 X331.45492 Y56.83226 F8000
G1 X334.30128 Y59.67862 F8000
G0 Z0
G1 X334.60801 Y59.63179 F8000
G1 Z1 F8000
G1 X334.60801 Y59.63179 F8000
G1 X331.80848 Y56.83226 F8000
G0 Z0
G1 X332.16203 Y56.83226 F8000
G1 Z1 F8000
G1 X332.16203 Y56.83226 F8000
G1 X334.86564 Y59.53587 F8000
G0 Z0
G1 X335.08574 Y59.40242 F8000
G1 Z1 F8000
G1 X335.08574 Y59.40242 F8000
G1 X332.51558 Y56.83226 F8000
G0 Z0
G1 X332.86914 Y56.83226 F8000
G1 Z1 F8000
G1 X332.86914 Y56.83226 F8000
G1 X335.27358 Y59.2367 F8000
G0 Z0
G1 X335.42963 Y59.03919 F8000
G1 Z1 F8000
G1 X335.42963 Y59.03919 F8000
G1 X333.22269 Y56.83226 F8000
G0 Z0
G1 X333.57625 Y56.83226 F8000
G1 Z1 F8000
G1 X333.57625 Y56.83226 F8000
G1 X335.5527 Y58.80871 F8000
G0 Z0
G1 X335.63604 Y58.5385 F8000
G1 Z1 F8000
G1 X335.63604 Y58.5385 F8000
G1 X333.9298 Y56.83226 F8000
G0 Z0
G1 X334.28574 Y56.83465 F8000
G1 Z1 F8000
G1 X334.28574 Y56.83465 F8000
G1 X335.66267 Y58.21157 F8000
G0 Z0
G1 X335.57911 Y57.77446 F8000
G1 Z1 F8000
G1 X335.57911 Y57.77446 F8000
G1 X334.7214 Y56.91676 F8000
G0 Z0
G1 X331.82961 Y59.68182 F8000
G1 Z1 F8000
G1 X331.82961 Y59.68182 F8000
G1 X329.58273 Y57.43495 F8000
G0 Z0
G1 X329.45419 Y57.65996 F8000
G1 Z1 F8000
G1 X329.45419 Y57.65996 F8000
G1 X331.47606 Y59.68182 F8000
G0 Z0
G1 X331.12251 Y59.68182 F8000
G1 Z1 F8000
G1 X331.12251 Y59.68182 F8000
G1 X329.36229 Y57.92161 F8000
G0 Z0
G1 X329.32189 Y58.2568 F8000
G1 Z1 F8000
G1 X329.32189 Y58.2568 F8000
G1 X329.37957 Y58.65802 F8000
G1 X329.60595 Y59.11024 F8000
G1 X329.89257 Y59.39687 F8000
G1 X330.34477 Y59.62325 F8000
G1 X330.74601 Y59.68092 F8000
G1 X334.34207 Y59.6773 F8000
G1 X334.92297 Y59.50672 F8000
G1 X335.43851 Y59.02674 F8000
G1 X335.66094 Y58.3584 F8000
G1 X335.57479 Y57.75915 F8000
G1 X335.17305 Y57.18053 F8000
G1 X334.83206 Y56.9614 F8000
G1 X334.44314 Y56.84721 F8000
G1 X330.74601 Y56.83271 F8000
G1 X330.24833 Y56.92248 F8000
G1 X329.81341 Y57.18053 F8000
G1 X329.54795 Y57.48689 F8000
G1 X329.37957 Y57.85559 F8000
G1 X329.32189 Y58.2568 F8000
G1 X330.76895 Y59.68182 F8000
G0 Z0
G1 X330.36088 Y59.62731 F8000
G1 Z1 F8000
G1 X330.36088 Y59.62731 F8000
G1 X329.37571 Y58.64214 F8000
G0 Z0
G1 X329.33504 Y61.0021 F8000
G1 Z1 F8000
G1 X329.33504 Y61.0021 F8000
G1 X332.1846 Y63.85166 F8000
G0 Z0
G1 X331.83105 Y63.85166 F8000
G1 Z1 F8000
G1 X331.83105 Y63.85166 F8000
G1 X328.98148 Y61.0021 F8000
G0 Z0
G1 X328.62793 Y61.0021 F8000
G1 Z1 F8000
G1 X328.62793 Y61.0021 F8000
G1 X331.47749 Y63.85166 F8000
G0 Z0
G1 X331.12394 Y63.85166 F8000
G1 Z1 F8000
G1 X331.12394 Y63.85166 F8000
G1 X328.27437 Y61.0021 F8000
G0 Z0
G1 X327.92082 Y61.0021 F8000
G1 Z1 F8000
G1 X327.92082 Y61.0021 F8000
G1 X330.77038 Y63.85166 F8000
G0 Z0
G1 X330.41683 Y63.85166 F8000
G1 Z1 F8000
G1 X330.41683 Y63.85166 F8000
G1 X327.60089 Y61.03572 F8000
G0 Z0
G1 X327.33284 Y61.12122 F8000
G1 Z1 F8000
G1 X327.33284 Y61.12122 F8000
G1 X330.06328 Y63.85166 F8000
G0 Z0
G1 X329.70972 Y63.85166 F8000
G1 Z1 F8000
G1 X329.70972 Y63.85166 F8000
G1 X327.10458 Y61.24652 F8000
G0 Z0
G1 X326.90838 Y61.40387 F8000
G1 Z1 F8000
G1 X326.90838 Y61.40387 F8000
G1 X329.35617 Y63.85166 F8000
G0 Z0
G1 X329.00262 Y63.85166 F8000
G1 Z1 F8000
G1 X329.00262 Y63.85166 F8000
G1 X326.74434 Y61.59338 F8000
G0 Z0
G1 X326.61261 Y61.8152 F8000
G1 Z1 F8000
G1 X326.61261 Y61.8152 F8000
G1 X328.64906 Y63.85166 F8000
G0 Z0
G1 X328.29551 Y63.85166 F8000
G1 Z1 F8000
G1 X328.29551 Y63.85166 F8000
G1 X326.51961 Y62.07576 F8000
G0 Z0
G1 X326.47445 Y62.42701 F8000
G1 Z1 F8000
G1 X326.47445 Y62.42701 F8000
G1 X326.60314 Y63.01859 F8000
G1 X326.89156 Y63.43399 F8000
G1 X327.30696 Y63.72241 F8000
G1 X327.79697 Y63.84748 F8000
G1 X344.62776 Y63.8511 F8000
G1 X345.12544 Y63.76133 F8000
G1 X345.63476 Y63.43399 F8000
G1 X345.96208 Y62.92466 F8000
G1 X346.04823 Y62.32541 F8000
G1 X345.92316 Y61.8354 F8000
G1 X345.63476 Y61.42001 F8000
G1 X345.21934 Y61.13158 F8000
G1 X344.72936 Y61.00651 F8000
G1 X327.79697 Y61.00651 F8000
G1 X327.30696 Y61.13158 F8000
G1 X326.89156 Y61.42001 F8000
G1 X326.60314 Y61.8354 F8000
G1 X326.47445 Y62.42701 F8000
G1 X327.94196 Y63.85166 F8000
G0 Z0
G1 X327.54076 Y63.80402 F8000
G1 Z1 F8000
G1 X327.54076 Y63.80402 F8000
G1 X326.52142 Y62.78467 F8000
G0 Z0
G1 X329.68859 Y61.0021 F8000
G1 Z1 F8000
G1 X329.68859 Y61.0021 F8000
G1 X332.53815 Y63.85166 F8000
G0 Z0
G1 X332.89171 Y63.85166 F8000
G1 Z1 F8000
G1 X332.89171 Y63.85166 F8000
G1 X330.04214 Y61.0021 F8000
G0 Z0
G1 X330.3957 Y61.0021 F8000
G1 Z1 F8000
G1 X330.3957 Y61.0021 F8000
G1 X333.24526 Y63.85166 F8000
G0 Z0
G1 X333.59881 Y63.85166 F8000
G1 Z1 F8000
G1 X333.59881 Y63.85166 F8000
G1 X330.74925 Y61.0021 F8000
G0 Z0
G1 X331.1028 Y61.0021 F8000
G1 Z1 F8000
G1 X331.1028 Y61.0021 F8000
G1 X333.95237 Y63.85166 F8000
G0 Z0
G1 X334.30592 Y63.85166 F8000
G1 Z1 F8000
G1 X334.30592 Y63.85166 F8000
G1 X331.45636 Y61.0021 F8000
G0 Z0
G1 X331.80991 Y61.0021 F8000
G1 Z1 F8000
G1 X331.80991 Y61.0021 F8000
G1 X334.65947 Y63.85166 F8000
G0 Z0
G1 X335.01303 Y63.85166 F8000
G1 Z1 F8000
G1 X335.01303 Y63.85166 F8000
G1 X332.16346 Y61.0021 F8000
G0 Z0
G1 X332.51702 Y61.0021 F8000
G1 Z1 F8000
G1 X332.51702 Y61.0021 F8000
G1 X335.36658 Y63.85166 F8000
G0 Z0
G1 X335.72013 Y63.85166 F8000
G1 Z1 F8000
G1 X335.72013 Y63.85166 F8000
G1 X332.87057 Y61.0021 F8000
G0 Z0
G1 X333.22412 Y61.0021 F8000
G1 Z1 F8000
G1 X333.22412 Y61.0021 F8000
G1 X336.07369 Y63.85166 F8000
G0 Z0
G1 X336.42724 Y63.85166 F8000
G1 Z1 F8000
G1 X336.42724 Y63.85166 F8000
G1 X333.57768 Y61.0021 F8000
G0 Z0
G1 X333.93123 Y61.0021 F8000
G1 Z1 F8000
G1 X333.93123 Y61.0021 F8000
G1 X336.7808 Y63.85166 F8000
G0 Z0
G1 X337.13435 Y63.85166 F8000
G1 Z1 F8000
G1 X337.13435 Y63.85166 F8000
G1 X334.28479 Y61.0021 F8000
G0 Z0
G1 X334.63834 Y61.0021 F8000
G1 Z1 F8000
G1 X334.63834 Y61.0021 F8000
G1 X337.4879 Y63.85166 F8000
G0 Z0
G1 X337.84146 Y63.85166 F8000
G1 Z1 F8000
G1 X337.84146 Y63.85166 F8000
G1 X334.99189 Y61.0021 F8000
G0 Z0
G1 X335.34545 Y61.0021 F8000
G1 Z1 F8000
G1 X335.34545 Y61.0021 F8000
G1 X338.19501 Y63.85166 F8000
G0 Z0
G1 X338.54856 Y63.85166 F8000
G1 Z1 F8000
G1 X338.54856 Y63.85166 F8000
G1 X335.699 Y61.0021 F8000
G0 Z0
G1 X336.05255 Y61.0021 F8000
G1 Z1 F8000
G1 X336.05255 Y61.0021 F8000
G1 X338.90212 Y63.85166 F8000
G0 Z0
G1 X339.25567 Y63.85166 F8000
G1 Z1 F8000
G1 X339.25567 Y63.85166 F8000
G1 X336.40611 Y61.0021 F8000
G0 Z0
G1 X336.75966 Y61.0021 F8000
G1 Z1 F8000
G1 X336.75966 Y61.0021 F8000
G1 X339.60922 Y63.85166 F8000
G0 Z0
G1 X339.96278 Y63.85166 F8000
G1 Z1 F8000
G1 X339.96278 Y63.85166 F8000
G1 X337.11321 Y61.0021 F8000
G0 Z0
G1 X337.46677 Y61.0021 F8000
G1 Z1 F8000
G1 X337.46677 Y61.0021 F8000
G1 X340.31633 Y63.85166 F8000
G0 Z0
G1 X340.66989 Y63.85166 F8000
G1 Z1 F8000
G1 X340.66989 Y63.85166 F8000
G1 X337.82032 Y61.0021 F8000
G0 Z0
G1 X338.17387 Y61.0021 F8000
G1 Z1 F8000
G1 X338.17387 Y61.0021 F8000
G1 X341.02344 Y63.85166 F8000
G0 Z0
G1 X341.37699 Y63.85166 F8000
G1 Z1 F8000
G1 X341.37699 Y63.85166 F8000
G1 X338.52743 Y61.0021 F8000
G0 Z0
G1 X338.88098 Y61.0021 F8000
G1 Z1 F8000
G1 X338.88098 Y61.0021 F8000
G1 X341.73055 Y63.85166 F8000
G0 Z0
G1 X342.0841 Y63.85166 F8000
G1 Z1 F8000
G1 X342.0841 Y63.85166 F8000
G1 X339.23454 Y61.0021 F8000
G0 Z0
G1 X339.58809 Y61.0021 F8000
G1 Z1 F8000
G1 X339.58809 Y61.0021 F8000
G1 X342.43765 Y63.85166 F8000
G0 Z0
G1 X342.79121 Y63.85166 F8000
G1 Z1 F8000
G1 X342.79121 Y63.85166 F8000
G1 X339.94164 Y61.0021 F8000
G0 Z0
G1 X340.2952 Y61.0021 F8000
G1 Z1 F8000
G1 X340.2952 Y61.0021 F8000
G1 X343.14476 Y63.85166 F8000
G0 Z0
G1 X343.49831 Y63.85166 F8000
G1 Z1 F8000
G1 X343.49831 Y63.85166 F8000
G1 X340.64875 Y61.0021 F8000
G0 Z0
G1 X341.0023 Y61.0021 F8000
G1 Z1 F8000
G1 X341.0023 Y61.0021 F8000
G1 X343.85187 Y63.85166 F8000
G0 Z0
G1 X344.20542 Y63.85166 F8000
G1 Z1 F8000
G1 X344.20542 Y63.85166 F8000
G1 X341.35586 Y61.0021 F8000
G0 Z0
G1 X341.70941 Y61.0021 F8000
G1 Z1 F8000
G1 X341.70941 Y61.0021 F8000
G1 X344.55897 Y63.85166 F8000
G0 Z0
G1 X344.88631 Y63.82544 F8000
G1 Z1 F8000
G1 X344.88631 Y63.82544 F8000
G1 X342.06296 Y61.0021 F8000
G0 Z0
G1 X342.41652 Y61.0021 F8000
G1 Z1 F8000
G1 X342.41652 Y61.0021 F8000
G1 X345.16118 Y63.74676 F8000
G0 Z0
G1 X345.39427 Y63.62629 F8000
G1 Z1 F8000
G1 X345.39427 Y63.62629 F8000
G1 X342.77007 Y61.0021 F8000
G0 Z0
G1 X343.12362 Y61.0021 F8000
G1 Z1 F8000
G1 X343.12362 Y61.0021 F8000
G1 X345.59336 Y63.47183 F8000
G0 Z0
G1 X345.76248 Y63.2874 F8000
G1 Z1 F8000
G1 X345.76248 Y63.2874 F8000
G1 X343.47718 Y61.0021 F8000
G0 Z0
G1 X343.83073 Y61.0021 F8000
G1 Z1 F8000
G1 X343.83073 Y61.0021 F8000
G1 X345.89805 Y63.06941 F8000
G0 Z0
G1 X345.99673 Y62.81454 F8000
G1 Z1 F8000
G1 X345.99673 Y62.81454 F8000
G1 X344.18429 Y61.0021 F8000
G0 Z0
G1 X344.53784 Y61.0021 F8000
G1 Z1 F8000
G1 X344.53784 Y61.0021 F8000
G1 X346.04913 Y62.51339 F8000
G0 Z0
G1 X346.02107 Y62.13177 F8000
G1 Z1 F8000
G1 X346.02107 Y62.13177 F8000
G1 X344.92491 Y61.03562 F8000
G0 Z0
G1 X344.53943 Y69.34441 F8000
G1 Z1 F8000
G1 X344.53943 Y69.34441 F8000
G1 X346.04911 Y70.85409 F8000
G0 Z0
G1 X345.9965 Y71.15504 F8000
G1 Z1 F8000
G1 X345.9965 Y71.15504 F8000
G1 X344.18588 Y69.34441 F8000
G0 Z0
G1 X343.83232 Y69.34441 F8000
G1 Z1 F8000
G1 X343.83232 Y69.34441 F8000
G1 X345.89769 Y71.40978 F8000
G0 Z0
G1 X345.76201 Y71.62765 F8000
G1 Z1 F8000
G1 X345.76201 Y71.62765 F8000
G1 X343.47877 Y69.34441 F8000
G0 Z0
G1 X343.12522 Y69.34441 F8000
G1 Z1 F8000
G1 X343.12522 Y69.34441 F8000
G1 X345.59357 Y71.81277 F8000
G0 Z0
G1 X345.39521 Y71.96796 F8000
G1 Z1 F8000
G1 X345.39521 Y71.96796 F8000
G1 X342.77166 Y69.34441 F8000
G0 Z0
G1 X342.41811 Y69.34441 F8000
G1 Z1 F8000
G1 X342.41811 Y69.34441 F8000
G1 X345.16044 Y72.08674 F8000
G0 Z0
G1 X344.88765 Y72.16751 F8000
G1 Z1 F8000
G1 X344.88765 Y72.16751 F8000
G1 X342.06456 Y69.34441 F8000
G0 Z0
G1 X341.711 Y69.34441 F8000
G1 Z1 F8000
G1 X341.711 Y69.34441 F8000
G1 X344.55792 Y72.19133 F8000
G0 Z0
G1 X344.20437 Y72.19133 F8000
G1 Z1 F8000
G1 X344.20437 Y72.19133 F8000
G1 X341.35745 Y69.34441 F8000
G0 Z0
G1 X341.0039 Y69.34441 F8000
G1 Z1 F8000
G1 X341.0039 Y69.34441 F8000
G1 X343.85081 Y72.19133 F8000
G0 Z0
G1 X343.49726 Y72.19133 F8000
G1 Z1 F8000
G1 X343.49726 Y72.19133 F8000
G1 X340.65034 Y69.34441 F8000
G0 Z0
G1 X340.29679 Y69.34441 F8000
G1 Z1 F8000
G1 X340.29679 Y69.34441 F8000
G1 X343.14371 Y72.19133 F8000
G0 Z0
G1 X342.79015 Y72.19133 F8000
G1 Z1 F8000
G1 X342.79015 Y72.19133 F8000
G1 X339.94323 Y69.34441 F8000
G0 Z0
G1 X339.58968 Y69.34441 F8000
G1 Z1 F8000
G1 X339.58968 Y69.34441 F8000
G1 X342.4366 Y72.19133 F8000
G0 Z0
G1 X342.08305 Y72.19133 F8000
G1 Z1 F8000
G1 X342.08305 Y72.19133 F8000
G1 X339.23613 Y69.34441 F8000
G0 Z0
G1 X338.88257 Y69.34441 F8000
G1 Z1 F8000
G1 X338.88257 Y69.34441 F8000
G1 X341.72949 Y72.19133 F8000
G0 Z0
G1 X341.37594 Y72.19133 F8000
G1 Z1 F8000
G1 X341.37594 Y72.19133 F8000
G1 X338.52902 Y69.34441 F8000
G0 Z0
G1 X338.17547 Y69.34441 F8000
G1 Z1 F8000
G1 X338.17547 Y69.34441 F8000
G1 X341.02239 Y72.19133 F8000
G0 Z0
G1 X340.66883 Y72.19133 F8000
G1 Z1 F8000
G1 X340.66883 Y72.19133 F8000
G1 X337.82191 Y69.34441 F8000
G0 Z0
G1 X337.46836 Y69.34441 F8000
G1 Z1 F8000
G1 X337.46836 Y69.34441 F8000
G1 X340.31528 Y72.19133 F8000
G0 Z0
G1 X339.96172 Y72.19133 F8000
G1 Z1 F8000
G1 X339.96172 Y72.19133 F8000
G1 X337.11481 Y69.34441 F8000
G0 Z0
G1 X336.76125 Y69.34441 F8000
G1 Z1 F8000
G1 X336.76125 Y69.34441 F8000
G1 X339.60817 Y72.19133 F8000
G0 Z0
G1 X339.25462 Y72.19133 F8000
G1 Z1 F8000
G1 X339.25462 Y72.19133 F8000
G1 X336.4077 Y69.34441 F8000
G0 Z0
G1 X336.05415 Y69.34441 F8000
G1 Z1 F8000
G1 X336.05415 Y69.34441 F8000
G1 X338.90106 Y72.19133 F8000
G0 Z0
G1 X338.54751 Y72.19133 F8000
G1 Z1 F8000
G1 X338.54751 Y72.19133 F8000
G1 X335.70059 Y69.34441 F8000
G0 Z0
G1 X335.34704 Y69.34441 F8000
G1 Z1 F8000
G1 X335.34704 Y69.34441 F8000
G1 X338.19396 Y72.19133 F8000
G0 Z0
G1 X337.8404 Y72.19133 F8000
G1 Z1 F8000
G1 X337.8404 Y72.19133 F8000
G1 X334.99348 Y69.34441 F8000
G0 Z0
G1 X334.63993 Y69.34441 F8000
G1 Z1 F8000
G1 X334.63993 Y69.34441 F8000
G1 X337.48685 Y72.19133 F8000
G0 Z0
G1 X337.1333 Y72.19133 F8000
G1 Z1 F8000
G1 X337.1333 Y72.19133 F8000
G1 X334.28638 Y69.34441 F8000
G0 Z0
G1 X333.93282 Y69.34441 F8000
G1 Z1 F8000
G1 X333.93282 Y69.34441 F8000
G1 X336.77974 Y72.19133 F8000
G0 Z0
G1 X336.42619 Y72.19133 F8000
G1 Z1 F8000
G1 X336.42619 Y72.19133 F8000
G1 X333.57927 Y69.34441 F8000
G0 Z0
G1 X333.22572 Y69.34441 F8000
G1 Z1 F8000
G1 X333.22572 Y69.34441 F8000
G1 X336.07264 Y72.19133 F8000
G0 Z0
G1 X335.71908 Y72.19133 F8000
G1 Z1 F8000
G1 X335.71908 Y72.19133 F8000
G1 X332.87216 Y69.34441 F8000
G0 Z0
G1 X332.51861 Y69.34441 F8000
G1 Z1 F8000
G1 X332.51861 Y69.34441 F8000
G1 X335.36553 Y72.19133 F8000
G0 Z0
G1 X335.01197 Y72.19133 F8000
G1 Z1 F8000
G1 X335.01197 Y72.19133 F8000
G1 X332.16506 Y69.34441 F8000
G0 Z0
G1 X331.8115 Y69.34441 F8000
G1 Z1 F8000
G1 X331.8115 Y69.34441 F8000
G1 X334.65842 Y72.19133 F8000
G0 Z0
G1 X334.30487 Y72.19133 F8000
G1 Z1 F8000
G1 X334.30487 Y72.19133 F8000
G1 X331.45795 Y69.34441 F8000
G0 Z0
G1 X331.1044 Y69.34441 F8000
G1 Z1 F8000
G1 X331.1044 Y69.34441 F8000
G1 X333.95131 Y72.19133 F8000
G0 Z0
G1 X333.59776 Y72.19133 F8000
G1 Z1 F8000
G1 X333.59776 Y72.19133 F8000
G1 X330.75084 Y69.34441 F8000
G0 Z0
G1 X330.39729 Y69.34441 F8000
G1 Z1 F8000
G1 X330.39729 Y69.34441 F8000
G1 X333.24421 Y72.19133 F8000
G0 Z0
G1 X332.89065 Y72.19133 F8000
G1 Z1 F8000
G1 X332.89065 Y72.19133 F8000
G1 X330.04373 Y69.34441 F8000
G0 Z0
G1 X329.69018 Y69.34441 F8000
G1 Z1 F8000
G1 X329.69018 Y69.34441 F8000
G1 X332.5371 Y72.19133 F8000
G0 Z0
G1 X332.18355 Y72.19133 F8000
G1 Z1 F8000
G1 X332.18355 Y72.19133 F8000
G1 X329.33663 Y69.34441 F8000
G0 Z0
G1 X328.98307 Y69.34441 F8000
G1 Z1 F8000
G1 X328.98307 Y69.34441 F8000
G1 X331.82999 Y72.19133 F8000
G0 Z0
G1 X331.47644 Y72.19133 F8000
G1 Z1 F8000
G1 X331.47644 Y72.19133 F8000
G1 X328.62952 Y69.34441 F8000
G0 Z0
G1 X328.27597 Y69.34441 F8000
G1 Z1 F8000
G1 X328.27597 Y69.34441 F8000
G1 X331.12288 Y72.19133 F8000
G0 Z0
G1 X330.76933 Y72.19133 F8000
G1 Z1 F8000
G1 X330.76933 Y72.19133 F8000
G1 X327.92241 Y69.34441 F8000
G0 Z0
G1 X327.6 Y69.37555 F8000
G1 Z1 F8000
G1 X327.6 Y69.37555 F8000
G1 X330.41578 Y72.19133 F8000
G0 Z0
G1 X330.06222 Y72.19133 F8000
G1 Z1 F8000
G1 X330.06222 Y72.19133 F8000
G1 X327.3321 Y69.4612 F8000
G0 Z0
G1 X327.10396 Y69.58662 F8000
G1 Z1 F8000
G1 X327.10396 Y69.58662 F8000
G1 X329.70867 Y72.19133 F8000
G0 Z0
G1 X329.35512 Y72.19133 F8000
G1 Z1 F8000
G1 X329.35512 Y72.19133 F8000
G1 X326.90783 Y69.74404 F8000
G0 Z0
G1 X326.74391 Y69.93368 F8000
G1 Z1 F8000
G1 X326.74391 Y69.93368 F8000
G1 X329.00156 Y72.19133 F8000
G0 Z0
G1 X328.64801 Y72.19133 F8000
G1 Z1 F8000
G1 X328.64801 Y72.19133 F8000
G1 X326.61224 Y70.15556 F8000
G0 Z0
G1 X326.51939 Y70.41626 F8000
G1 Z1 F8000
G1 X326.51939 Y70.41626 F8000
G1 X328.29446 Y72.19133 F8000
G0 Z0
G1 X327.9409 Y72.19133 F8000
G1 Z1 F8000
G1 X327.9409 Y72.19133 F8000
G1 X326.47445 Y70.76737 F8000
G1 X326.60314 Y70.17579 F8000
G1 X326.89156 Y69.76036 F8000
G1 X327.30696 Y69.47197 F8000
G1 X327.79697 Y69.3469 F8000
G1 X344.72936 Y69.3469 F8000
G1 X345.21934 Y69.47197 F8000
G1 X345.63476 Y69.76036 F8000
G1 X345.92316 Y70.17579 F8000
G1 X346.04823 Y70.66577 F8000
G1 X345.96208 Y71.26505 F8000
G1 X345.63476 Y71.77437 F8000
G1 X345.21934 Y72.0628 F8000
G1 X344.62776 Y72.19149 F8000
G1 X327.79697 Y72.18784 F8000
G1 X327.30696 Y72.0628 F8000
G1 X326.89156 Y71.77437 F8000
G1 X326.60314 Y71.35898 F8000
G1 X326.47445 Y70.76737 F8000
G0 Z0
G1 X326.52181 Y71.12579 F8000
G1 Z1 F8000
G1 X326.52181 Y71.12579 F8000
G1 X327.54093 Y72.14491 F8000
G0 Z0
G1 X329.74565 Y73.92421 F8000
G1 Z1 F8000
G1 X329.74565 Y73.92421 F8000
G1 X332.18261 Y76.36117 F8000
G0 Z0
G1 X332.53616 Y76.36117 F8000
G1 Z1 F8000
G1 X332.53616 Y76.36117 F8000
G1 X329.93952 Y73.76452 F8000
G0 Z0
G1 X330.16563 Y73.63708 F8000
G1 Z1 F8000
G1 X330.16563 Y73.63708 F8000
G1 X332.88972 Y76.36117 F8000
G0 Z0
G1 X333.24327 Y76.36117 F8000
G1 Z1 F8000
G1 X333.24327 Y76.36117 F8000
G1 X330.4314 Y73.54929 F8000
G0 Z0
G1 X330.74991 Y73.51425 F8000
G1 Z1 F8000
G1 X330.74991 Y73.51425 F8000
G1 X333.59682 Y76.36117 F8000
G0 Z0
G1 X333.95038 Y76.36117 F8000
G1 Z1 F8000
G1 X333.95038 Y76.36117 F8000
G1 X331.10346 Y73.51425 F8000
G0 Z0
G1 X331.45701 Y73.51425 F8000
G1 Z1 F8000
G1 X331.45701 Y73.51425 F8000
G1 X334.3023 Y76.35954 F8000
G0 Z0
G1 X334.60829 Y76.31197 F8000
G1 Z1 F8000
G1 X334.60829 Y76.31197 F8000
G1 X331.81057 Y73.51425 F8000
G0 Z0
G1 X332.16412 Y73.51425 F8000
G1 Z1 F8000
G1 X332.16412 Y73.51425 F8000
G1 X334.86638 Y76.21651 F8000
G0 Z0
G1 X335.08698 Y76.08356 F8000
G1 Z1 F8000
G1 X335.08698 Y76.08356 F8000
G1 X332.51767 Y73.51425 F8000
G0 Z0
G1 X332.87123 Y73.51425 F8000
G1 Z1 F8000
G1 X332.87123 Y73.51425 F8000
G1 X335.27411 Y75.91713 F8000
G0 Z0
G1 X335.43048 Y75.71994 F8000
G1 Z1 F8000
G1 X335.43048 Y75.71994 F8000
G1 X333.22478 Y73.51425 F8000
G0 Z0
G1 X333.57833 Y73.51425 F8000
G1 Z1 F8000
G1 X333.57833 Y73.51425 F8000
G1 X335.55296 Y75.48888 F8000
G0 Z0
G1 X335.63604 Y75.2184 F8000
G1 Z1 F8000
G1 X335.63604 Y75.2184 F8000
G1 X333.93189 Y73.51425 F8000
G0 Z0
G1 X334.28666 Y73.51547 F8000
G1 Z1 F8000
G1 X334.28666 Y73.51547 F8000
G1 X335.66261 Y74.89141 F8000
G0 Z0
G1 X335.57828 Y74.45354 F8000
G1 Z1 F8000
G1 X335.57828 Y74.45354 F8000
G1 X334.72454 Y73.59979 F8000
G0 Z0
G1 X331.82906 Y76.36117 F8000
G1 Z1 F8000
G1 X331.82906 Y76.36117 F8000
G1 X329.58292 Y74.11503 F8000
G0 Z0
G1 X329.45406 Y74.33973 F8000
G1 Z1 F8000
G1 X329.45406 Y74.33973 F8000
G1 X331.4755 Y76.36117 F8000
G0 Z0
G1 X331.12195 Y76.36117 F8000
G1 Z1 F8000
G1 X331.12195 Y76.36117 F8000
G1 X329.36254 Y74.60176 F8000
G0 Z0
G1 X329.32189 Y74.93755 F8000
G1 Z1 F8000
G1 X329.32189 Y74.93755 F8000
G1 X329.37957 Y75.33879 F8000
G1 X329.60595 Y75.79099 F8000
G1 X329.97608 Y76.13561 F8000
G1 X330.34477 Y76.30399 F8000
G1 X330.74601 Y76.36167 F8000
G1 X334.34207 Y76.35804 F8000
G1 X335.01041 Y76.13561 F8000
G1 X335.43851 Y75.70749 F8000
G1 X335.66094 Y75.03915 F8000
G1 X335.57479 Y74.43989 F8000
G1 X335.38054 Y74.08413 F8000
G1 X335.09391 Y73.79751 F8000
G1 X334.44314 Y73.52795 F8000
G1 X330.74601 Y73.51345 F8000
G1 X330.24833 Y73.60325 F8000
G1 X329.81341 Y73.8613 F8000
G1 X329.54795 Y74.16764 F8000
G1 X329.37957 Y74.53633 F8000
G1 X329.32189 Y74.93755 F8000
G1 X330.7684 Y76.36117 F8000
G0 Z0
G1 X330.36068 Y76.30701 F8000
G1 Z1 F8000
G1 X330.36068 Y76.30701 F8000
G1 X329.37512 Y75.32144 F8000
G0 Z0
G1 X329.33663 Y77.68408 F8000
G1 Z1 F8000
G1 X329.33663 Y77.68408 F8000
G1 X332.18355 Y80.531 F8000
G0 Z0
G1 X332.5371 Y80.531 F8000
G1 Z1 F8000
G1 X332.5371 Y80.531 F8000
G1 X329.69018 Y77.68408 F8000
G0 Z0
G1 X330.04373 Y77.68408 F8000
G1 Z1 F8000
G1 X330.04373 Y77.68408 F8000
G1 X332.89065 Y80.531 F8000
G0 Z0
G1 X333.24421 Y80.531 F8000
G1 Z1 F8000
G1 X333.24421 Y80.531 F8000
G1 X330.39729 Y77.68408 F8000
G0 Z0
G1 X330.75084 Y77.68408 F8000
G1 Z1 F8000
G1 X330.75084 Y77.68408 F8000
G1 X333.59776 Y80.531 F8000
G0 Z0
G1 X333.95131 Y80.531 F8000
G1 Z1 F8000
G1 X333.95131 Y80.531 F8000
G1 X331.1044 Y77.68408 F8000
G0 Z0
G1 X331.45795 Y77.68408 F8000
G1 Z1 F8000
G1 X331.45795 Y77.68408 F8000
G1 X334.30487 Y80.531 F8000
G0 Z0
G1 X334.65842 Y80.531 F8000
G1 Z1 F8000
G1 X334.65842 Y80.531 F8000
G1 X331.8115 Y77.68408 F8000
G0 Z0
G1 X332.16506 Y77.68408 F8000
G1 Z1 F8000
G1 X332.16506 Y77.68408 F8000
G1 X335.01197 Y80.531 F8000
G0 Z0
G1 X335.36553 Y80.531 F8000
G1 Z1 F8000
G1 X335.36553 Y80.531 F8000
G1 X332.51861 Y77.68408 F8000
G0 Z0
G1 X332.87216 Y77.68408 F8000
G1 Z1 F8000
G1 X332.87216 Y77.68408 F8000
G1 X335.71908 Y80.531 F8000
G0 Z0
G1 X336.07264 Y80.531 F8000
G1 Z1 F8000
G1 X336.07264 Y80.531 F8000
G1 X333.22572 Y77.68408 F8000
G0 Z0
G1 X333.57927 Y77.68408 F8000
G1 Z1 F8000
G1 X333.57927 Y77.68408 F8000
G1 X336.42619 Y80.531 F8000
G0 Z0
G1 X336.77974 Y80.531 F8000
G1 Z1 F8000
G1 X336.77974 Y80.531 F8000
G1 X333.93282 Y77.68408 F8000
G0 Z0
G1 X334.28638 Y77.68408 F8000
G1 Z1 F8000
G1 X334.28638 Y77.68408 F8000
G1 X337.1333 Y80.531 F8000
G0 Z0
G1 X337.48685 Y80.531 F8000
G1 Z1 F8000
G1 X337.48685 Y80.531 F8000
G1 X334.63993 Y77.68408 F8000
G0 Z0
G1 X334.99348 Y77.68408 F8000
G1 Z1 F8000
G1 X334.99348 Y77.68408 F8000
G1 X337.8404 Y80.531 F8000
G0 Z0
G1 X338.19396 Y80.531 F8000
G1 Z1 F8000
G1 X338.19396 Y80.531 F8000
G1 X335.34704 Y77.68408 F8000
G0 Z0
G1 X335.70059 Y77.68408 F8000
G1 Z1 F8000
G1 X335.70059 Y77.68408 F8000
G1 X338.54751 Y80.531 F8000
G0 Z0
G1 X338.90106 Y80.531 F8000
G1 Z1 F8000
G1 X338.90106 Y80.531 F8000
G1 X336.05415 Y77.68408 F8000
G0 Z0
G1 X336.4077 Y77.68408 F8000
G1 Z1 F8000
G1 X336.4077 Y77.68408 F8000
G1 X339.25462 Y80.531 F8000
G0 Z0
G1 X339.60817 Y80.531 F8000
G1 Z1 F8000
G1 X339.60817 Y80.531 F8000
G1 X336.76125 Y77.68408 F8000
G0 Z0
G1 X337.11481 Y77.68408 F8000
G1 Z1 F8000
G1 X337.11481 Y77.68408 F8000
G1 X339.96172 Y80.531 F8000
G0 Z0
G1 X340.31528 Y80.531 F8000
G1 Z1 F8000
G1 X340.31528 Y80.531 F8000
G1 X337.46836 Y77.68408 F8000
G0 Z0
G1 X337.82191 Y77.68408 F8000
G1 Z1 F8000
G1 X337.82191 Y77.68408 F8000
G1 X340.66883 Y80.531 F8000
G0 Z0
G1 X341.02239 Y80.531 F8000
G1 Z1 F8000
G1 X341.02239 Y80.531 F8000
G1 X338.17547 Y77.68408 F8000
G0 Z0
G1 X338.52902 Y77.68408 F8000
G1 Z1 F8000
G1 X338.52902 Y77.68408 F8000
G1 X341.37594 Y80.531 F8000
G0 Z0
G1 X341.72949 Y80.531 F8000
G1 Z1 F8000
G1 X341.72949 Y80.531 F8000
G1 X338.88257 Y77.68408 F8000
G0 Z0
G1 X339.23613 Y77.68408 F8000
G1 Z1 F8000
G1 X339.23613 Y77.68408 F8000
G1 X342.08305 Y80.531 F8000
G0 Z0
G1 X342.4366 Y80.531 F8000
G1 Z1 F8000
G1 X342.4366 Y80.531 F8000
G1 X339.58968 Y77.68408 F8000
G0 Z0
G1 X339.94323 Y77.68408 F8000
G1 Z1 F8000
G1 X339.94323 Y77.68408 F8000
G1 X342.79015 Y80.531 F8000
G0 Z0
G1 X343.14371 Y80.531 F8000
G1 Z1 F8000
G1 X343.14371 Y80.531 F8000
G1 X340.29679 Y77.68408 F8000
G0 Z0
G1 X340.65034 Y77.68408 F8000
G1 Z1 F8000
G1 X340.65034 Y77.68408 F8000
G1 X343.49726 Y80.531 F8000
G0 Z0
G1 X343.85081 Y80.531 F8000
G1 Z1 F8000
G1 X343.85081 Y80.531 F8000
G1 X341.0039 Y77.68408 F8000
G0 Z0
G1 X341.35745 Y77.68408 F8000
G1 Z1 F8000
G1 X341.35745 Y77.68408 F8000
G1 X344.20437 Y80.531 F8000
G0 Z0
G1 X344.55792 Y80.531 F8000
G1 Z1 F8000
G1 X344.55792 Y80.531 F8000
G1 X341.711 Y77.68408 F8000
G0 Z0
G1 X342.06456 Y77.68408 F8000
G1 Z1 F8000
G1 X342.06456 Y77.68408 F8000
G1 X344.88765 Y80.50718 F8000
G0 Z0
G1 X345.16114 Y80.42712 F8000
G1 Z1 F8000
G1 X345.16114 Y80.42712 F8000
G1 X342.41811 Y77.68408 F8000
G0 Z0
G1 X342.77166 Y77.68408 F8000
G1 Z1 F8000
G1 X342.77166 Y77.68408 F8000
G1 X345.39521 Y80.30763 F8000
G0 Z0
G1 X345.5942 Y80.15306 F8000
G1 Z1 F8000
G1 X345.5942 Y80.15306 F8000
G1 X343.12522 Y77.68408 F8000
G0 Z0
G1 X343.47877 Y77.68408 F8000
G1 Z1 F8000
G1 X343.47877 Y77.68408 F8000
G1 X345.76319 Y79.9685 F8000
G0 Z0
G1 X345.89809 Y79.74985 F8000
G1 Z1 F8000
G1 X345.89809 Y79.74985 F8000
G1 X343.83232 Y77.68408 F8000
G0 Z0
G1 X344.18588 Y77.68408 F8000
G1 Z1 F8000
G1 X344.18588 Y77.68408 F8000
G1 X345.99699 Y79.49519 F8000
G0 Z0
G1 X346.04911 Y79.19376 F8000
G1 Z1 F8000
G1 X346.04911 Y79.19376 F8000
G1 X344.53943 Y77.68408 F8000
G0 Z0
G1 X344.92361 Y77.71471 F8000
G1 Z1 F8000
G1 X344.92361 Y77.71471 F8000
G1 X346.02075 Y78.81184 F8000
G0 Z0
G1 X344.9219 Y86.05427 F8000
G1 Z1 F8000
G1 X344.9219 Y86.05427 F8000
G1 X346.02107 Y87.15343 F8000
G0 Z0
G1 X346.04912 Y87.53504 F8000
G1 Z1 F8000
G1 X346.04912 Y87.53504 F8000
G1 X344.53784 Y86.02375 F8000
G0 Z0
G1 X344.18429 Y86.02375 F8000
G1 Z1 F8000
G1 X344.18429 Y86.02375 F8000
G1 X345.99673 Y87.8362 F8000
G0 Z0
G1 X345.89754 Y88.09056 F8000
G1 Z1 F8000
G1 X345.89754 Y88.09056 F8000
G1 X343.83073 Y86.02375 F8000
G0 Z0
G1 X343.47718 Y86.02375 F8000
G1 Z1 F8000
G1 X343.47718 Y86.02375 F8000
G1 X345.76248 Y88.30906 F8000
G0 Z0
G1 X345.59336 Y88.49349 F8000
G1 Z1 F8000
G1 X345.59336 Y88.49349 F8000
G1 X343.12362 Y86.02375 F8000
G0 Z0
G1 X342.77007 Y86.02375 F8000
G1 Z1 F8000
G1 X342.77007 Y86.02375 F8000
G1 X345.39427 Y88.64795 F8000
G0 Z0
G1 X345.16118 Y88.76842 F8000
G1 Z1 F8000
G1 X345.16118 Y88.76842 F8000
G1 X342.41652 Y86.02375 F8000
G0 Z0
G1 X342.06296 Y86.02375 F8000
G1 Z1 F8000
G1 X342.06296 Y86.02375 F8000
G1 X344.88631 Y88.8471 F8000
G0 Z0
G1 X344.55897 Y88.87332 F8000
G1 Z1 F8000
G1 X344.55897 Y88.87332 F8000
G1 X341.70941 Y86.02375 F8000
G0 Z0
G1 X341.35586 Y86.02375 F8000
G1 Z1 F8000
G1 X341.35586 Y86.02375 F8000
G1 X344.20542 Y88.87332 F8000
G0 Z0
G1 X343.85187 Y88.87332 F8000
G1 Z1 F8000
G1 X343.85187 Y88.87332 F8000
G1 X341.0023 Y86.02375 F8000
G0 Z0
G1 X340.64875 Y86.02375 F8000
G1 Z1 F8000
G1 X340.64875 Y86.02375 F8000
G1 X343.49831 Y88.87332 F8000
G0 Z0
G1 X343.14476 Y88.87332 F8000
G1 Z1 F8000
G1 X343.14476 Y88.87332 F8000
G1 X340.2952 Y86.02375 F8000
G0 Z0
G1 X339.94164 Y86.02375 F8000
G1 Z1 F8000
G1 X339.94164 Y86.02375 F8000
G1 X342.79121 Y88.87332 F8000
G0 Z0
G1 X342.43765 Y88.87332 F8000
G1 Z1 F8000
G1 X342.43765 Y88.87332 F8000
G1 X339.58809 Y86.02375 F8000
G0 Z0
G1 X339.23454 Y86.02375 F8000
G1 Z1 F8000
G1 X339.23454 Y86.02375 F8000
G1 X342.0841 Y88.87332 F8000
G0 Z0
G1 X341.73055 Y88.87332 F8000
G1 Z1 F8000
G1 X341.73055 Y88.87332 F8000
G1 X338.88098 Y86.02375 F8000
G0 Z0
G1 X338.52743 Y86.02375 F8000
G1 Z1 F8000
G1 X338.52743 Y86.02375 F8000
G1 X341.37699 Y88.87332 F8000
G0 Z0
G1 X341.02344 Y88.87332 F8000
G1 Z1 F8000
G1 X341.02344 Y88.87332 F8000
G1 X338.17387 Y86.02375 F8000
G0 Z0
G1 X337.82032 Y86.02375 F8000
G1 Z1 F8000
G1 X337.82032 Y86.02375 F8000
G1 X340.66989 Y88.87332 F8000
G0 Z0
G1 X340.31633 Y88.87332 F8000
G1 Z1 F8000
G1 X340.31633 Y88.87332 F8000
G1 X337.46677 Y86.02375 F8000
G0 Z0
G1 X337.11321 Y86.02375 F8000
G1 Z1 F8000
G1 X337.11321 Y86.02375 F8000
G1 X339.96278 Y88.87332 F8000
G0 Z0
G1 X339.60922 Y88.87332 F8000
G1 Z1 F8000
G1 X339.60922 Y88.87332 F8000
G1 X336.75966 Y86.02375 F8000
G0 Z0
G1 X336.40611 Y86.02375 F8000
G1 Z1 F8000
G1 X336.40611 Y86.02375 F8000
G1 X339.25567 Y88.87332 F8000
G0 Z0
G1 X338.90212 Y88.87332 F8000
G1 Z1 F8000
G1 X338.90212 Y88.87332 F8000
G1 X336.05255 Y86.02375 F8000
G0 Z0
G1 X335.699 Y86.02375 F8000
G1 Z1 F8000
G1 X335.699 Y86.02375 F8000
G1 X338.54856 Y88.87332 F8000
G0 Z0
G1 X338.19501 Y88.87332 F8000
G1 Z1 F8000
G1 X338.19501 Y88.87332 F8000
G1 X335.34545 Y86.02375 F8000
G0 Z0
G1 X334.99189 Y86.02375 F8000
G1 Z1 F8000
G1 X334.99189 Y86.02375 F8000
G1 X337.84146 Y88.87332 F8000
G0 Z0
G1 X337.4879 Y88.87332 F8000
G1 Z1 F8000
G1 X337.4879 Y88.87332 F8000
G1 X334.63834 Y86.02375 F8000
G0 Z0
G1 X334.28479 Y86.02375 F8000
G1 Z1 F8000
G1 X334.28479 Y86.02375 F8000
G1 X337.13435 Y88.87332 F8000
G0 Z0
G1 X336.7808 Y88.87332 F8000
G1 Z1 F8000
G1 X336.7808 Y88.87332 F8000
G1 X333.93123 Y86.02375 F8000
G0 Z0
G1 X333.57768 Y86.02375 F8000
G1 Z1 F8000
G1 X333.57768 Y86.02375 F8000
G1 X336.42724 Y88.87332 F8000
G0 Z0
G1 X336.07369 Y88.87332 F8000
G1 Z1 F8000
G1 X336.07369 Y88.87332 F8000
G1 X333.22412 Y86.02375 F8000
G0 Z0
G1 X332.87057 Y86.02375 F8000
G1 Z1 F8000
G1 X332.87057 Y86.02375 F8000
G1 X335.72013 Y88.87332 F8000
G0 Z0
G1 X335.36658 Y88.87332 F8000
G1 Z1 F8000
G1 X335.36658 Y88.87332 F8000
G1 X332.51702 Y86.02375 F8000
G0 Z0
G1 X332.16346 Y86.02375 F8000
G1 Z1 F8000
G1 X332.16346 Y86.02375 F8000
G1 X335.01303 Y88.87332 F8000
G0 Z0
G1 X334.65947 Y88.87332 F8000
G1 Z1 F8000
G1 X334.65947 Y88.87332 F8000
G1 X331.80991 Y86.02375 F8000
G0 Z0
G1 X331.45636 Y86.02375 F8000
G1 Z1 F8000
G1 X331.45636 Y86.02375 F8000
G1 X334.30592 Y88.87332 F8000
G0 Z0
G1 X333.95237 Y88.87332 F8000
G1 Z1 F8000
G1 X333.95237 Y88.87332 F8000
G1 X331.1028 Y86.02375 F8000
G0 Z0
G1 X330.74925 Y86.02375 F8000
G1 Z1 F8000
G1 X330.74925 Y86.02375 F8000
G1 X333.59881 Y88.87332 F8000
G0 Z0
G1 X333.24526 Y88.87332 F8000
G1 Z1 F8000
G1 X333.24526 Y88.87332 F8000
G1 X330.3957 Y86.02375 F8000
G0 Z0
G1 X330.04214 Y86.02375 F8000
G1 Z1 F8000
G1 X330.04214 Y86.02375 F8000
G1 X332.89171 Y88.87332 F8000
G0 Z0
G1 X332.53815 Y88.87332 F8000
G1 Z1 F8000
G1 X332.53815 Y88.87332 F8000
G1 X329.68859 Y86.02375 F8000
G0 Z0
G1 X329.33504 Y86.02375 F8000
G1 Z1 F8000
G1 X329.33504 Y86.02375 F8000
G1 X332.1846 Y88.87332 F8000
G0 Z0
G1 X331.83105 Y88.87332 F8000
G1 Z1 F8000
G1 X331.83105 Y88.87332 F8000
G1 X328.98148 Y86.02375 F8000
G0 Z0
G1 X328.62793 Y86.02375 F8000
G1 Z1 F8000
G1 X328.62793 Y86.02375 F8000
G1 X331.47749 Y88.87332 F8000
G0 Z0
G1 X331.12394 Y88.87332 F8000
G1 Z1 F8000
G1 X331.12394 Y88.87332 F8000
G1 X328.27437 Y86.02375 F8000
G0 Z0
G1 X327.92082 Y86.02375 F8000
G1 Z1 F8000
G1 X327.92082 Y86.02375 F8000
G1 X330.77038 Y88.87332 F8000
G0 Z0
G1 X330.41683 Y88.87332 F8000
G1 Z1 F8000
G1 X330.41683 Y88.87332 F8000
G1 X327.5987 Y86.05519 F8000
G0 Z0
G1 X327.33284 Y86.14288 F8000
G1 Z1 F8000
G1 X327.33284 Y86.14288 F8000
G1 X330.06328 Y88.87332 F8000
G0 Z0
G1 X329.70972 Y88.87332 F8000
G1 Z1 F8000
G1 X329.70972 Y88.87332 F8000
G1 X327.10412 Y86.26772 F8000
G0 Z0
G1 X326.90838 Y86.42553 F8000
G1 Z1 F8000
G1 X326.90838 Y86.42553 F8000
G1 X329.35617 Y88.87332 F8000
G0 Z0
G1 X329.00262 Y88.87332 F8000
G1 Z1 F8000
G1 X329.00262 Y88.87332 F8000
G1 X326.74409 Y86.61479 F8000
G0 Z0
G1 X326.6124 Y86.83666 F8000
G1 Z1 F8000
G1 X326.6124 Y86.83666 F8000
G1 X328.64906 Y88.87332 F8000
G0 Z0
G1 X328.29551 Y88.87332 F8000
G1 Z1 F8000
G1 X328.29551 Y88.87332 F8000
G1 X326.51961 Y87.09742 F8000
G0 Z0
G1 X326.47445 Y87.44811 F8000
G1 Z1 F8000
G1 X326.47445 Y87.44811 F8000
G1 X326.60314 Y88.0397 F8000
G1 X326.89156 Y88.45512 F8000
G1 X327.30696 Y88.74351 F8000
G1 X327.79697 Y88.86858 F8000
G1 X344.62776 Y88.87221 F8000
G1 X345.12544 Y88.78243 F8000
G1 X345.63476 Y88.45512 F8000
G1 X345.96208 Y87.94579 F8000
G1 X346.04823 Y87.34651 F8000
G1 X345.92316 Y86.8565 F8000
G1 X345.63476 Y86.44111 F8000
G1 X345.21934 Y86.15269 F8000
G1 X344.72936 Y86.02762 F8000
G1 X327.79697 Y86.02762 F8000
G1 X327.30696 Y86.15269 F8000
G1 X326.89156 Y86.44111 F8000
G1 X326.60314 Y86.8565 F8000
G1 X326.47445 Y87.44811 F8000
G1 X327.94196 Y88.87332 F8000
G0 Z0
G1 X327.54076 Y88.82568 F8000
G1 Z1 F8000
G1 X327.54076 Y88.82568 F8000
G1 X326.52142 Y87.80633 F8000
G0 Z0
G1 X322.4935 Y84.84226 F8000
G1 Z1 F8000
G1 X322.4935 Y84.84226 F8000
G1 X322.05032 Y85.08171 F8000
G1 X321.67622 Y85.56124 F8000
G1 X321.5465 Y86.05622 F8000
G1 X321.60262 Y86.56541 F8000
G1 X321.83685 Y87.01848 F8000
G1 X322.2168 Y87.35273 F8000
G1 X322.68995 Y87.52199 F8000
G1 X323.28825 Y87.47613 F8000
G1 X323.73143 Y87.23668 F8000
G1 X324.10552 Y86.75715 F8000
G1 X324.23525 Y86.2622 F8000
G1 X324.17913 Y85.75298 F8000
G1 X323.9449 Y85.29993 F8000
G1 X323.56495 Y84.96566 F8000
G1 X323.0918 Y84.79643 F8000
G1 X322.4935 Y84.84226 F8000
G0 Z0
G1 X322.24791 Y87.36953 F8000
G1 Z1 F8000
G1 X322.24791 Y87.36953 F8000
G1 X322.15181 Y87.92473 F8000
G1 X321.95256 Y88.32645 F8000
G1 X321.60725 Y88.58855 F8000
G1 X321.19945 Y88.6784 F8000
G1 X320.35124 Y88.67049 F8000
G1 X319.769 Y88.50359 F8000
G1 X319.22015 Y88.09555 F8000
G1 X318.82412 Y87.50942 F8000
G1 X318.57544 Y86.69101 F8000
G1 X316.96272 Y76.08491 F8000
G1 X317.11486 Y75.40904 F8000
G1 X317.53671 Y74.85431 F8000
G1 X318.24495 Y74.43174 F8000
G1 X318.97144 Y74.30212 F8000
G1 X320.48962 Y74.31305 F8000
G1 X321.16894 Y74.51022 F8000
G1 X321.58 Y74.78353 F8000
G1 X321.91004 Y75.14802 F8000
G1 X322.14213 Y75.58676 F8000
G1 X322.24463 Y75.97289 F8000
G0 Z0
G1 X322.27024 Y78.1125 F8000
G1 Z1 F8000
G1 X322.27024 Y78.1125 F8000
G1 X322.27024 Y84.93679 F8000
G0 Z0
G1 X318.2582 Y85.77399 F8000
G1 Z1 F8000
G1 X318.2582 Y85.77399 F8000
G1 X317.65231 Y85.69512 F8000
G0 Z0
G1 X317.65141 Y86.21195 F8000
G1 Z1 F8000
G1 X317.65141 Y86.21195 F8000
G1 X318.2582 Y86.21195 F8000
G0 Z0
G1 X318.25413 Y86.5992 F8000
G1 Z1 F8000
G1 X318.25413 Y86.5992 F8000
G1 X317.65548 Y86.83465 F8000
G0 Z0
G1 X317.65231 Y89.62566 F8000
G1 Z1 F8000
G1 X317.65231 Y89.62566 F8000
G1 X318.2582 Y89.70453 F8000
G0 Z0
G1 X318.2582 Y90.14253 F8000
G1 Z1 F8000
G1 X318.2582 Y90.14253 F8000
G1 X317.65141 Y90.14253 F8000
G0 Z0
G1 X317.65548 Y90.7652 F8000
G1 Z1 F8000
G1 X317.65548 Y90.7652 F8000
G1 X318.25413 Y90.52974 F8000
G0 Z0
G1 X317.65231 Y93.4504 F8000
G1 Z1 F8000
G1 X317.65231 Y93.4504 F8000
G1 X318.2582 Y93.52927 F8000
G0 Z0
G1 X318.2582 Y93.96724 F8000
G1 Z1 F8000
G1 X318.2582 Y93.96724 F8000
G1 X317.65141 Y93.96724 F8000
G0 Z0
G1 X317.65548 Y94.58991 F8000
G1 Z1 F8000
G1 X317.65548 Y94.58991 F8000
G1 X318.25413 Y94.35448 F8000
G0 Z0
G1 X321.04805 Y93.00061 F8000
G1 Z1 F8000
G1 X321.04805 Y93.00061 F8000
G1 X322.46447 Y92.76608 F8000
G0 Z0
G1 X322.4741 Y92.38035 F8000
G1 Z1 F8000
G1 X322.4741 Y92.38035 F8000
G1 X321.03842 Y92.38035 F8000
G0 Z0
G1 X321.04056 Y91.86555 F8000
G1 Z1 F8000
G1 X321.04056 Y91.86555 F8000
G1 X322.4741 Y91.9441 F8000
G0 Z0
G1 X322.4741 Y95.85925 F8000
G1 Z1 F8000
G1 X322.4741 Y95.85925 F8000
G1 X321.04056 Y95.78069 F8000
G0 Z0
G1 X321.03842 Y96.29552 F8000
G1 Z1 F8000
G1 X321.03842 Y96.29552 F8000
G1 X322.4741 Y96.29552 F8000
G0 Z0
G1 X322.46447 Y96.68123 F8000
G1 Z1 F8000
G1 X322.46447 Y96.68123 F8000
G1 X321.04805 Y96.91576 F8000
G0 Z0
G1 X321.04056 Y99.59038 F8000
G1 Z1 F8000
G1 X321.04056 Y99.59038 F8000
G1 X322.4741 Y99.66899 F8000
G0 Z0
G1 X322.4741 Y100.10526 F8000
G1 Z1 F8000
G1 X322.4741 Y100.10526 F8000
G1 X321.03842 Y100.10526 F8000
G0 Z0
G1 X321.04805 Y100.72549 F8000
G1 Z1 F8000
G1 X321.04805 Y100.72549 F8000
G1 X322.46447 Y100.49097 F8000
G0 Z0
G1 X322.4741 Y103.58413 F8000
G1 Z1 F8000
G1 X322.4741 Y103.58413 F8000
G1 X321.04056 Y103.50555 F8000
G0 Z0
G1 X321.03842 Y104.02041 F8000
G1 Z1 F8000
G1 X321.03842 Y104.02041 F8000
G1 X322.4741 Y104.02041 F8000
G0 Z0
G1 X322.46447 Y104.40612 F8000
G1 Z1 F8000
G1 X322.46447 Y104.40612 F8000
G1 X321.04805 Y104.64064 F8000
G0 Z0
G1 X318.2582 Y105.57203 F8000
G1 Z1 F8000
G1 X318.2582 Y105.57203 F8000
G1 X317.65231 Y105.49313 F8000
G0 Z0
G1 X317.65141 Y106.00999 F8000
G1 Z1 F8000
G1 X317.65141 Y106.00999 F8000
G1 X318.2582 Y106.00999 F8000
G0 Z0
G1 X318.25413 Y106.39724 F8000
G1 Z1 F8000
G1 X318.25413 Y106.39724 F8000
G1 X317.65548 Y106.63269 F8000
G0 Z0
G1 X317.65231 Y110.22192 F8000
G1 Z1 F8000
G1 X317.65231 Y110.22192 F8000
G1 X318.2582 Y110.30082 F8000
G0 Z0
G1 X318.2582 Y110.73879 F8000
G1 Z1 F8000
G1 X318.2582 Y110.73879 F8000
G1 X317.65141 Y110.73879 F8000
G0 Z0
G1 X317.65548 Y111.36149 F8000
G1 Z1 F8000
G1 X317.65548 Y111.36149 F8000
G1 X318.25413 Y111.12603 F8000
G0 Z0
G1 X321.04056 Y111.8996 F8000
G1 Z1 F8000
G1 X321.04056 Y111.8996 F8000
G1 X322.4741 Y111.9782 F8000
G0 Z0
G1 X322.4741 Y112.41445 F8000
G1 Z1 F8000
G1 X322.4741 Y112.41445 F8000
G1 X321.03842 Y112.41445 F8000
G0 Z0
G1 X321.04805 Y113.03471 F8000
G1 Z1 F8000
G1 X321.04805 Y113.03471 F8000
G1 X322.46447 Y112.80018 F8000
G0 Z0
G1 X322.4741 Y115.78794 F8000
G1 Z1 F8000
G1 X322.4741 Y115.78794 F8000
G1 X321.04056 Y115.70933 F8000
G0 Z0
G1 X321.03842 Y116.22419 F8000
G1 Z1 F8000
G1 X321.03842 Y116.22419 F8000
G1 X322.4741 Y116.22419 F8000
G0 Z0
G1 X322.46447 Y116.6099 F8000
G1 Z1 F8000
G1 X322.46447 Y116.6099 F8000
G1 X321.04805 Y116.84442 F8000
G0 Z0
G1 X321.04056 Y119.62448 F8000
G1 Z1 F8000
G1 X321.04056 Y119.62448 F8000
G1 X322.4741 Y119.70309 F8000
G0 Z0
G1 X322.4741 Y120.13933 F8000
G1 Z1 F8000
G1 X322.4741 Y120.13933 F8000
G1 X321.03842 Y120.13933 F8000
G0 Z0
G1 X321.04805 Y120.7596 F8000
G1 Z1 F8000
G1 X321.04805 Y120.7596 F8000
G1 X322.46447 Y120.52507 F8000
G0 Z0
G1 X322.46447 Y124.03376 F8000
G1 Z1 F8000
G1 X322.46447 Y124.03376 F8000
G1 X321.03091 Y123.95516 F8000
G0 Z0
G1 X321.02876 Y124.47001 F8000
G1 Z1 F8000
G1 X321.02876 Y124.47001 F8000
G1 X322.46447 Y124.47001 F8000
G0 Z0
G1 X322.45484 Y124.85575 F8000
G1 Z1 F8000
G1 X322.45484 Y124.85575 F8000
G1 X321.03842 Y125.09027 F8000
G0 Z0
G1 X321.03091 Y127.8703 F8000
G1 Z1 F8000
G1 X321.03091 Y127.8703 F8000
G1 X322.46447 Y127.94891 F8000
G0 Z0
G1 X322.46447 Y128.38518 F8000
G1 Z1 F8000
G1 X322.46447 Y128.38518 F8000
G1 X321.02876 Y128.38518 F8000
G0 Z0
G1 X321.03842 Y129.00542 F8000
G1 Z1 F8000
G1 X321.03842 Y129.00542 F8000
G1 X322.45484 Y128.77089 F8000
G0 Z0
G1 X322.46447 Y131.75865 F8000
G1 Z1 F8000
G1 X322.46447 Y131.75865 F8000
G1 X321.03091 Y131.68004 F8000
G0 Z0
G1 X321.02876 Y132.19489 F8000
G1 Z1 F8000
G1 X321.02876 Y132.19489 F8000
G1 X322.46447 Y132.19489 F8000
G0 Z0
G1 X322.45484 Y132.58063 F8000
G1 Z1 F8000
G1 X322.45484 Y132.58063 F8000
G1 X321.03842 Y132.81516 F8000
G0 Z0
G1 X321.03091 Y135.59522 F8000
G1 Z1 F8000
G1 X321.03091 Y135.59522 F8000
G1 X322.46447 Y135.6738 F8000
G0 Z0
G1 X322.46447 Y136.11004 F8000
G1 Z1 F8000
G1 X322.46447 Y136.11004 F8000
G1 X321.02876 Y136.11004 F8000
G0 Z0
G1 X321.03842 Y136.7303 F8000
G1 Z1 F8000
G1 X321.03842 Y136.7303 F8000
G1 X322.45484 Y136.49578 F8000
G0 Z0
G1 X322.46447 Y140.15269 F8000
G1 Z1 F8000
G1 X322.46447 Y140.15269 F8000
G1 X321.03091 Y140.07411 F8000
G0 Z0
G1 X321.02876 Y140.58896 F8000
G1 Z1 F8000
G1 X321.02876 Y140.58896 F8000
G1 X322.46447 Y140.58896 F8000
G0 Z0
G1 X322.45484 Y140.97467 F8000
G1 Z1 F8000
G1 X322.45484 Y140.97467 F8000
G1 X321.03842 Y141.2092 F8000
G0 Z0
G1 X321.03091 Y143.98926 F8000
G1 Z1 F8000
G1 X321.03091 Y143.98926 F8000
G1 X322.46447 Y144.06787 F8000
G0 Z0
G1 X322.46447 Y144.50411 F8000
G1 Z1 F8000
G1 X322.46447 Y144.50411 F8000
G1 X321.02876 Y144.50411 F8000
G0 Z0
G1 X321.03842 Y145.12437 F8000
G1 Z1 F8000
G1 X321.03842 Y145.12437 F8000
G1 X322.45484 Y144.88982 F8000
G0 Z0
G1 X326.51995 Y145.47916 F8000
G1 Z1 F8000
G1 X326.51995 Y145.47916 F8000
G1 X328.29446 Y147.25366 F8000
G0 Z0
G1 X327.9409 Y147.25366 F8000
G1 Z1 F8000
G1 X327.9409 Y147.25366 F8000
G1 X326.47445 Y145.83071 F8000
G1 X326.60314 Y145.2391 F8000
G1 X326.89156 Y144.8237 F8000
G1 X327.30696 Y144.53528 F8000
G1 X327.79697 Y144.41021 F8000
G1 X344.72936 Y144.41021 F8000
G1 X345.21934 Y144.53528 F8000
G1 X345.63476 Y144.8237 F8000
G1 X345.92316 Y145.2391 F8000
G1 X346.04823 Y145.72911 F8000
G1 X345.96208 Y146.32836 F8000
G1 X345.63476 Y146.83768 F8000
G1 X345.21934 Y147.12611 F8000
G1 X344.62776 Y147.2548 F8000
G1 X327.79697 Y147.25118 F8000
G1 X327.30696 Y147.12611 F8000
G1 X326.89156 Y146.83768 F8000
G1 X326.60314 Y146.42229 F8000
G1 X326.47445 Y145.83071 F8000
G0 Z0
G1 X326.52083 Y146.18714 F8000
G1 Z1 F8000
G1 X326.52083 Y146.18714 F8000
G1 X327.54285 Y147.20916 F8000
G0 Z0
G1 X328.64801 Y147.25366 F8000
G1 Z1 F8000
G1 X328.64801 Y147.25366 F8000
G1 X326.61294 Y145.2186 F8000
G0 Z0
G1 X326.74475 Y144.99685 F8000
G1 Z1 F8000
G1 X326.74475 Y144.99685 F8000
G1 X329.00156 Y147.25366 F8000
G0 Z0
G1 X329.35512 Y147.25366 F8000
G1 Z1 F8000
G1 X329.35512 Y147.25366 F8000
G1 X326.90888 Y144.80743 F8000
G0 Z0
G1 X327.10396 Y144.64896 F8000
G1 Z1 F8000
G1 X327.10396 Y144.64896 F8000
G1 X329.70867 Y147.25366 F8000
G0 Z0
G1 X330.06222 Y147.25366 F8000
G1 Z1 F8000
G1 X330.06222 Y147.25366 F8000
G1 X327.33395 Y144.52539 F8000
G0 Z0
G1 X327.6 Y144.43788 F8000
G1 Z1 F8000
G1 X327.6 Y144.43788 F8000
G1 X330.41578 Y147.25366 F8000
G0 Z0
G1 X330.76933 Y147.25366 F8000
G1 Z1 F8000
G1 X330.76933 Y147.25366 F8000
G1 X327.92241 Y144.40674 F8000
G0 Z0
G1 X328.27597 Y144.40674 F8000
G1 Z1 F8000
G1 X328.27597 Y144.40674 F8000
G1 X331.12288 Y147.25366 F8000
G0 Z0
G1 X331.47644 Y147.25366 F8000
G1 Z1 F8000
G1 X331.47644 Y147.25366 F8000
G1 X328.62952 Y144.40674 F8000
G0 Z0
G1 X328.98307 Y144.40674 F8000
G1 Z1 F8000
G1 X328.98307 Y144.40674 F8000
G1 X331.82999 Y147.25366 F8000
G0 Z0
G1 X332.18355 Y147.25366 F8000
G1 Z1 F8000
G1 X332.18355 Y147.25366 F8000
G1 X329.33663 Y144.40674 F8000
G0 Z0
G1 X329.69018 Y144.40674 F8000
G1 Z1 F8000
G1 X329.69018 Y144.40674 F8000
G1 X332.5371 Y147.25366 F8000
G0 Z0
G1 X332.89065 Y147.25366 F8000
G1 Z1 F8000
G1 X332.89065 Y147.25366 F8000
G1 X330.04373 Y144.40674 F8000
G0 Z0
G1 X330.39729 Y144.40674 F8000
G1 Z1 F8000
G1 X330.39729 Y144.40674 F8000
G1 X333.24421 Y147.25366 F8000
G0 Z0
G1 X333.59776 Y147.25366 F8000
G1 Z1 F8000
G1 X333.59776 Y147.25366 F8000
G1 X330.75084 Y144.40674 F8000
G0 Z0
G1 X331.1044 Y144.40674 F8000
G1 Z1 F8000
G1 X331.1044 Y144.40674 F8000
G1 X333.95131 Y147.25366 F8000
G0 Z0
G1 X334.30487 Y147.25366 F8000
G1 Z1 F8000
G1 X334.30487 Y147.25366 F8000
G1 X331.45795 Y144.40674 F8000
G0 Z0
G1 X331.8115 Y144.40674 F8000
G1 Z1 F8000
G1 X331.8115 Y144.40674 F8000
G1 X334.65842 Y147.25366 F8000
G0 Z0
G1 X335.01197 Y147.25366 F8000
G1 Z1 F8000
G1 X335.01197 Y147.25366 F8000
G1 X332.16506 Y144.40674 F8000
G0 Z0
G1 X332.51861 Y144.40674 F8000
G1 Z1 F8000
G1 X332.51861 Y144.40674 F8000
G1 X335.36553 Y147.25366 F8000
G0 Z0
G1 X335.71908 Y147.25366 F8000
G1 Z1 F8000
G1 X335.71908 Y147.25366 F8000
G1 X332.87216 Y144.40674 F8000
G0 Z0
G1 X333.22572 Y144.40674 F8000
G1 Z1 F8000
G1 X333.22572 Y144.40674 F8000
G1 X336.07264 Y147.25366 F8000
G0 Z0
G1 X336.42619 Y147.25366 F8000
G1 Z1 F8000
G1 X336.42619 Y147.25366 F8000
G1 X333.57927 Y144.40674 F8000
G0 Z0
G1 X333.93282 Y144.40674 F8000
G1 Z1 F8000
G1 X333.93282 Y144.40674 F8000
G1 X336.77974 Y147.25366 F8000
G0 Z0
G1 X337.1333 Y147.25366 F8000
G1 Z1 F8000
G1 X337.1333 Y147.25366 F8000
G1 X334.28638 Y144.40674 F8000
G0 Z0
G1 X334.63993 Y144.40674 F8000
G1 Z1 F8000
G1 X334.63993 Y144.40674 F8000
G1 X337.48685 Y147.25366 F8000
G0 Z0
G1 X337.8404 Y147.25366 F8000
G1 Z1 F8000
G1 X337.8404 Y147.25366 F8000
G1 X334.99348 Y144.40674 F8000
G0 Z0
G1 X335.34704 Y144.40674 F8000
G1 Z1 F8000
G1 X335.34704 Y144.40674 F8000
G1 X338.19396 Y147.25366 F8000
G0 Z0
G1 X338.54751 Y147.25366 F8000
G1 Z1 F8000
G1 X338.54751 Y147.25366 F8000
G1 X335.70059 Y144.40674 F8000
G0 Z0
G1 X336.05415 Y144.40674 F8000
G1 Z1 F8000
G1 X336.05415 Y144.40674 F8000
G1 X338.90106 Y147.25366 F8000
G0 Z0
G1 X339.25462 Y147.25366 F8000
G1 Z1 F8000
G1 X339.25462 Y147.25366 F8000
G1 X336.4077 Y144.40674 F8000
G0 Z0
G1 X336.76125 Y144.40674 F8000
G1 Z1 F8000
G1 X336.76125 Y144.40674 F8000
G1 X339.60817 Y147.25366 F8000
G0 Z0
G1 X339.96172 Y147.25366 F8000
G1 Z1 F8000
G1 X339.96172 Y147.25366 F8000
G1 X337.11481 Y144.40674 F8000
G0 Z0
G1 X337.46836 Y144.40674 F8000
G1 Z1 F8000
G1 X337.46836 Y144.40674 F8000
G1 X340.31528 Y147.25366 F8000
G0 Z0
G1 X340.66883 Y147.25366 F8000
G1 Z1 F8000
G1 X340.66883 Y147.25366 F8000
G1 X337.82191 Y144.40674 F8000
G0 Z0
G1 X338.17547 Y144.40674 F8000
G1 Z1 F8000
G1 X338.17547 Y144.40674 F8000
G1 X341.02239 Y147.25366 F8000
G0 Z0
G1 X341.37594 Y147.25366 F8000
G1 Z1 F8000
G1 X341.37594 Y147.25366 F8000
G1 X338.52902 Y144.40674 F8000
G0 Z0
G1 X338.88257 Y144.40674 F8000
G1 Z1 F8000
G1 X338.88257 Y144.40674 F8000
G1 X341.72949 Y147.25366 F8000
G0 Z0
G1 X342.08305 Y147.25366 F8000
G1 Z1 F8000
G1 X342.08305 Y147.25366 F8000
G1 X339.23613 Y144.40674 F8000
G0 Z0
G1 X339.58968 Y144.40674 F8000
G1 Z1 F8000
G1 X339.58968 Y144.40674 F8000
G1 X342.4366 Y147.25366 F8000
G0 Z0
G1 X342.79015 Y147.25366 F8000
G1 Z1 F8000
G1 X342.79015 Y147.25366 F8000
G1 X339.94323 Y144.40674 F8000
G0 Z0
G1 X340.29679 Y144.40674 F8000
G1 Z1 F8000
G1 X340.29679 Y144.40674 F8000
G1 X343.14371 Y147.25366 F8000
G0 Z0
G1 X343.49726 Y147.25366 F8000
G1 Z1 F8000
G1 X343.49726 Y147.25366 F8000
G1 X340.65034 Y144.40674 F8000
G0 Z0
G1 X341.0039 Y144.40674 F8000
G1 Z1 F8000
G1 X341.0039 Y144.40674 F8000
G1 X343.85081 Y147.25366 F8000
G0 Z0
G1 X344.20437 Y147.25366 F8000
G1 Z1 F8000
G1 X344.20437 Y147.25366 F8000
G1 X341.35745 Y144.40674 F8000
G0 Z0
G1 X341.711 Y144.40674 F8000
G1 Z1 F8000
G1 X341.711 Y144.40674 F8000
G1 X344.55792 Y147.25366 F8000
G0 Z0
G1 X344.88765 Y147.22984 F8000
G1 Z1 F8000
G1 X344.88765 Y147.22984 F8000
G1 X342.06456 Y144.40674 F8000
G0 Z0
G1 X342.41811 Y144.40674 F8000
G1 Z1 F8000
G1 X342.41811 Y144.40674 F8000
G1 X345.16114 Y147.14978 F8000
G0 Z0
G1 X345.39526 Y147.03034 F8000
G1 Z1 F8000
G1 X345.39526 Y147.03034 F8000
G1 X342.77166 Y144.40674 F8000
G0 Z0
G1 X343.12522 Y144.40674 F8000
G1 Z1 F8000
G1 X343.12522 Y144.40674 F8000
G1 X345.5942 Y146.87573 F8000
G0 Z0
G1 X345.76319 Y146.69116 F8000
G1 Z1 F8000
G1 X345.76319 Y146.69116 F8000
G1 X343.47877 Y144.40674 F8000
G0 Z0
G1 X343.83232 Y144.40674 F8000
G1 Z1 F8000
G1 X343.83232 Y144.40674 F8000
G1 X345.89809 Y146.47251 F8000
G0 Z0
G1 X345.99707 Y146.21793 F8000
G1 Z1 F8000
G1 X345.99707 Y146.21793 F8000
G1 X344.18588 Y144.40674 F8000
G0 Z0
G1 X344.53943 Y144.40674 F8000
G1 Z1 F8000
G1 X344.53943 Y144.40674 F8000
G1 X346.04916 Y145.91648 F8000
G0 Z0
G1 X346.02071 Y145.53447 F8000
G1 Z1 F8000
G1 X346.02071 Y145.53447 F8000
G1 X344.92361 Y144.43737 F8000
G0 Z0
G1 X344.55792 Y138.91399 F8000
G1 Z1 F8000
G1 X344.55792 Y138.91399 F8000
G1 X341.711 Y136.06707 F8000
G0 Z0
G1 X342.06456 Y136.06707 F8000
G1 Z1 F8000
G1 X342.06456 Y136.06707 F8000
G1 X344.88765 Y138.89017 F8000
G0 Z0
G1 X345.16114 Y138.81011 F8000
G1 Z1 F8000
G1 X345.16114 Y138.81011 F8000
G1 X342.41811 Y136.06707 F8000
G0 Z0
G1 X342.77166 Y136.06707 F8000
G1 Z1 F8000
G1 X342.77166 Y136.06707 F8000
G1 X345.39521 Y138.69062 F8000
G0 Z0
G1 X345.5942 Y138.53605 F8000
G1 Z1 F8000
G1 X345.5942 Y138.53605 F8000
G1 X343.12522 Y136.06707 F8000
G0 Z0
G1 X343.47877 Y136.06707 F8000
G1 Z1 F8000
G1 X343.47877 Y136.06707 F8000
G1 X345.76201 Y138.35031 F8000
G0 Z0
G1 X345.89809 Y138.13284 F8000
G1 Z1 F8000
G1 X345.89809 Y138.13284 F8000
G1 X343.83232 Y136.06707 F8000
G0 Z0
G1 X344.18588 Y136.06707 F8000
G1 Z1 F8000
G1 X344.18588 Y136.06707 F8000
G1 X345.99699 Y137.87818 F8000
G0 Z0
G1 X346.04911 Y137.57675 F8000
G1 Z1 F8000
G1 X346.04911 Y137.57675 F8000
G1 X344.53943 Y136.06707 F8000
G0 Z0
G1 X344.92361 Y136.0977 F8000
G1 Z1 F8000
G1 X344.92361 Y136.0977 F8000
G1 X346.02075 Y137.19483 F8000
G0 Z0
G1 X344.20437 Y138.91399 F8000
G1 Z1 F8000
G1 X344.20437 Y138.91399 F8000
G1 X341.35745 Y136.06707 F8000
G0 Z0
G1 X341.0039 Y136.06707 F8000
G1 Z1 F8000
G1 X341.0039 Y136.06707 F8000
G1 X343.85081 Y138.91399 F8000
G0 Z0
G1 X343.49726 Y138.91399 F8000
G1 Z1 F8000
G1 X343.49726 Y138.91399 F8000
G1 X340.65034 Y136.06707 F8000
G0 Z0
G1 X340.29679 Y136.06707 F8000
G1 Z1 F8000
G1 X340.29679 Y136.06707 F8000
G1 X343.14371 Y138.91399 F8000
G0 Z0
G1 X342.79015 Y138.91399 F8000
G1 Z1 F8000
G1 X342.79015 Y138.91399 F8000
G1 X339.94323 Y136.06707 F8000
G0 Z0
G1 X339.58968 Y136.06707 F8000
G1 Z1 F8000
G1 X339.58968 Y136.06707 F8000
G1 X342.4366 Y138.91399 F8000
G0 Z0
G1 X342.08305 Y138.91399 F8000
G1 Z1 F8000
G1 X342.08305 Y138.91399 F8000
G1 X339.23613 Y136.06707 F8000
G0 Z0
G1 X338.88257 Y136.06707 F8000
G1 Z1 F8000
G1 X338.88257 Y136.06707 F8000
G1 X341.72949 Y138.91399 F8000
G0 Z0
G1 X341.37594 Y138.91399 F8000
G1 Z1 F8000
G1 X341.37594 Y138.91399 F8000
G1 X338.52902 Y136.06707 F8000
G0 Z0
G1 X338.17547 Y136.06707 F8000
G1 Z1 F8000
G1 X338.17547 Y136.06707 F8000
G1 X341.02239 Y138.91399 F8000
G0 Z0
G1 X340.66883 Y138.91399 F8000
G1 Z1 F8000
G1 X340.66883 Y138.91399 F8000
G1 X337.82191 Y136.06707 F8000
G0 Z0
G1 X337.46836 Y136.06707 F8000
G1 Z1 F8000
G1 X337.46836 Y136.06707 F8000
G1 X340.31528 Y138.91399 F8000
G0 Z0
G1 X339.96172 Y138.91399 F8000
G1 Z1 F8000
G1 X339.96172 Y138.91399 F8000
G1 X337.11481 Y136.06707 F8000
G0 Z0
G1 X336.76125 Y136.06707 F8000
G1 Z1 F8000
G1 X336.76125 Y136.06707 F8000
G1 X339.60817 Y138.91399 F8000
G0 Z0
G1 X339.25462 Y138.91399 F8000
G1 Z1 F8000
G1 X339.25462 Y138.91399 F8000
G1 X336.4077 Y136.06707 F8000
G0 Z0
G1 X336.05415 Y136.06707 F8000
G1 Z1 F8000
G1 X336.05415 Y136.06707 F8000
G1 X338.90106 Y138.91399 F8000
G0 Z0
G1 X338.54751 Y138.91399 F8000
G1 Z1 F8000
G1 X338.54751 Y138.91399 F8000
G1 X335.70059 Y136.06707 F8000
G0 Z0
G1 X335.34704 Y136.06707 F8000
G1 Z1 F8000
G1 X335.34704 Y136.06707 F8000
G1 X338.19396 Y138.91399 F8000
G0 Z0
G1 X337.8404 Y138.91399 F8000
G1 Z1 F8000
G1 X337.8404 Y138.91399 F8000
G1 X334.99348 Y136.06707 F8000
G0 Z0
G1 X334.63993 Y136.06707 F8000
G1 Z1 F8000
G1 X334.63993 Y136.06707 F8000
G1 X337.48685 Y138.91399 F8000
G0 Z0
G1 X337.1333 Y138.91399 F8000
G1 Z1 F8000
G1 X337.1333 Y138.91399 F8000
G1 X334.28638 Y136.06707 F8000
G0 Z0
G1 X333.93282 Y136.06707 F8000
G1 Z1 F8000
G1 X333.93282 Y136.06707 F8000
G1 X336.77974 Y138.91399 F8000
G0 Z0
G1 X336.42619 Y138.91399 F8000
G1 Z1 F8000
G1 X336.42619 Y138.91399 F8000
G1 X333.57927 Y136.06707 F8000
G0 Z0
G1 X333.22572 Y136.06707 F8000
G1 Z1 F8000
G1 X333.22572 Y136.06707 F8000
G1 X336.07264 Y138.91399 F8000
G0 Z0
G1 X335.71908 Y138.91399 F8000
G1 Z1 F8000
G1 X335.71908 Y138.91399 F8000
G1 X332.87216 Y136.06707 F8000
G0 Z0
G1 X332.51861 Y136.06707 F8000
G1 Z1 F8000
G1 X332.51861 Y136.06707 F8000
G1 X335.36553 Y138.91399 F8000
G0 Z0
G1 X335.01197 Y138.91399 F8000
G1 Z1 F8000
G1 X335.01197 Y138.91399 F8000
G1 X332.16506 Y136.06707 F8000
G0 Z0
G1 X331.8115 Y136.06707 F8000
G1 Z1 F8000
G1 X331.8115 Y136.06707 F8000
G1 X334.65842 Y138.91399 F8000
G0 Z0
G1 X334.30487 Y138.91399 F8000
G1 Z1 F8000
G1 X334.30487 Y138.91399 F8000
G1 X331.45795 Y136.06707 F8000
G0 Z0
G1 X331.1044 Y136.06707 F8000
G1 Z1 F8000
G1 X331.1044 Y136.06707 F8000
G1 X333.95131 Y138.91399 F8000
G0 Z0
G1 X333.59776 Y138.91399 F8000
G1 Z1 F8000
G1 X333.59776 Y138.91399 F8000
G1 X330.75084 Y136.06707 F8000
G0 Z0
G1 X330.39729 Y136.06707 F8000
G1 Z1 F8000
G1 X330.39729 Y136.06707 F8000
G1 X333.24421 Y138.91399 F8000
G0 Z0
G1 X332.89065 Y138.91399 F8000
G1 Z1 F8000
G1 X332.89065 Y138.91399 F8000
G1 X330.04373 Y136.06707 F8000
G0 Z0
G1 X329.69018 Y136.06707 F8000
G1 Z1 F8000
G1 X329.69018 Y136.06707 F8000
G1 X332.5371 Y138.91399 F8000
G0 Z0
G1 X332.18355 Y138.91399 F8000
G1 Z1 F8000
G1 X332.18355 Y138.91399 F8000
G1 X329.33663 Y136.06707 F8000
G0 Z0
G1 X328.98307 Y136.06707 F8000
G1 Z1 F8000
G1 X328.98307 Y136.06707 F8000
G1 X331.82999 Y138.91399 F8000
G0 Z0
G1 X331.47644 Y138.91399 F8000
G1 Z1 F8000
G1 X331.47644 Y138.91399 F8000
G1 X328.62952 Y136.06707 F8000
G0 Z0
G1 X328.27597 Y136.06707 F8000
G1 Z1 F8000
G1 X328.27597 Y136.06707 F8000
G1 X331.12288 Y138.91399 F8000
G0 Z0
G1 X330.76933 Y138.91399 F8000
G1 Z1 F8000
G1 X330.76933 Y138.91399 F8000
G1 X327.92241 Y136.06707 F8000
G0 Z0
G1 X327.6 Y136.09821 F8000
G1 Z1 F8000
G1 X327.6 Y136.09821 F8000
G1 X330.41578 Y138.91399 F8000
G0 Z0
G1 X330.06222 Y138.91399 F8000
G1 Z1 F8000
G1 X330.06222 Y138.91399 F8000
G1 X327.33258 Y136.18435 F8000
G0 Z0
G1 X327.10396 Y136.30929 F8000
G1 Z1 F8000
G1 X327.10396 Y136.30929 F8000
G1 X329.70867 Y138.91399 F8000
G0 Z0
G1 X329.35512 Y138.91399 F8000
G1 Z1 F8000
G1 X329.35512 Y138.91399 F8000
G1 X326.90783 Y136.4667 F8000
G0 Z0
G1 X326.74391 Y136.65634 F8000
G1 Z1 F8000
G1 X326.74391 Y136.65634 F8000
G1 X329.00156 Y138.91399 F8000
G0 Z0
G1 X328.64801 Y138.91399 F8000
G1 Z1 F8000
G1 X328.64801 Y138.91399 F8000
G1 X326.61224 Y136.87822 F8000
G0 Z0
G1 X326.51967 Y137.13921 F8000
G1 Z1 F8000
G1 X326.51967 Y137.13921 F8000
G1 X328.29446 Y138.91399 F8000
G0 Z0
G1 X327.9409 Y138.91399 F8000
G1 Z1 F8000
G1 X327.9409 Y138.91399 F8000
G1 X326.47445 Y137.49032 F8000
G1 X326.60314 Y136.89874 F8000
G1 X326.89156 Y136.48334 F8000
G1 X327.30696 Y136.19492 F8000
G1 X327.79697 Y136.06985 F8000
G1 X344.72936 Y136.06985 F8000
G1 X345.21934 Y136.19492 F8000
G1 X345.63476 Y136.48334 F8000
G1 X345.92316 Y136.89874 F8000
G1 X346.04823 Y137.38872 F8000
G1 X345.96208 Y137.988 F8000
G1 X345.63476 Y138.49733 F8000
G1 X345.21934 Y138.78575 F8000
G1 X344.62776 Y138.91444 F8000
G1 X327.79697 Y138.91082 F8000
G1 X327.30696 Y138.78575 F8000
G1 X326.89156 Y138.49733 F8000
G1 X326.60314 Y138.08193 F8000
G1 X326.47445 Y137.49032 F8000
G0 Z0
G1 X326.52126 Y137.84791 F8000
G1 Z1 F8000
G1 X326.52126 Y137.84791 F8000
G1 X327.54093 Y138.86757 F8000
G0 Z0
G1 X329.74565 Y140.64687 F8000
G1 Z1 F8000
G1 X329.74565 Y140.64687 F8000
G1 X332.18261 Y143.08383 F8000
G0 Z0
G1 X332.53616 Y143.08383 F8000
G1 Z1 F8000
G1 X332.53616 Y143.08383 F8000
G1 X329.93952 Y140.48718 F8000
G0 Z0
G1 X330.16563 Y140.35974 F8000
G1 Z1 F8000
G1 X330.16563 Y140.35974 F8000
G1 X332.88972 Y143.08383 F8000
G0 Z0
G1 X333.24327 Y143.08383 F8000
G1 Z1 F8000
G1 X333.24327 Y143.08383 F8000
G1 X330.4314 Y140.27196 F8000
G0 Z0
G1 X330.74991 Y140.23691 F8000
G1 Z1 F8000
G1 X330.74991 Y140.23691 F8000
G1 X333.59682 Y143.08383 F8000
G0 Z0
G1 X333.95038 Y143.08383 F8000
G1 Z1 F8000
G1 X333.95038 Y143.08383 F8000
G1 X331.10346 Y140.23691 F8000
G0 Z0
G1 X331.45701 Y140.23691 F8000
G1 Z1 F8000
G1 X331.45701 Y140.23691 F8000
G1 X334.3023 Y143.0822 F8000
G0 Z0
G1 X334.6097 Y143.03604 F8000
G1 Z1 F8000
G1 X334.6097 Y143.03604 F8000
G1 X331.81057 Y140.23691 F8000
G0 Z0
G1 X332.16412 Y140.23691 F8000
G1 Z1 F8000
G1 X332.16412 Y140.23691 F8000
G1 X334.86638 Y142.93917 F8000
G0 Z0
G1 X335.08698 Y142.80622 F8000
G1 Z1 F8000
G1 X335.08698 Y142.80622 F8000
G1 X332.51767 Y140.23691 F8000
G0 Z0
G1 X332.87123 Y140.23691 F8000
G1 Z1 F8000
G1 X332.87123 Y140.23691 F8000
G1 X335.27458 Y142.64027 F8000
G0 Z0
G1 X335.43048 Y142.4426 F8000
G1 Z1 F8000
G1 X335.43048 Y142.4426 F8000
G1 X333.22478 Y140.23691 F8000
G0 Z0
G1 X333.57833 Y140.23691 F8000
G1 Z1 F8000
G1 X333.57833 Y140.23691 F8000
G1 X335.55296 Y142.21154 F8000
G0 Z0
G1 X335.63604 Y141.94106 F8000
G1 Z1 F8000
G1 X335.63604 Y141.94106 F8000
G1 X333.93189 Y140.23691 F8000
G0 Z0
G1 X334.28666 Y140.23813 F8000
G1 Z1 F8000
G1 X334.28666 Y140.23813 F8000
G1 X335.66261 Y141.61408 F8000
G0 Z0
G1 X335.57828 Y141.1762 F8000
G1 Z1 F8000
G1 X335.57828 Y141.1762 F8000
G1 X334.72454 Y140.32245 F8000
G0 Z0
G1 X331.82906 Y143.08383 F8000
G1 Z1 F8000
G1 X331.82906 Y143.08383 F8000
G1 X329.58292 Y140.83769 F8000
G0 Z0
G1 X329.45406 Y141.06239 F8000
G1 Z1 F8000
G1 X329.45406 Y141.06239 F8000
G1 X331.4755 Y143.08383 F8000
G0 Z0
G1 X331.12195 Y143.08383 F8000
G1 Z1 F8000
G1 X331.12195 Y143.08383 F8000
G1 X329.36254 Y141.32442 F8000
G0 Z0
G1 X329.32189 Y141.66053 F8000
G1 Z1 F8000
G1 X329.32189 Y141.66053 F8000
G1 X329.37957 Y142.06174 F8000
G1 X329.60595 Y142.51394 F8000
G1 X329.97608 Y142.85856 F8000
G1 X330.34477 Y143.02694 F8000
G1 X330.74601 Y143.08462 F8000
G1 X334.34207 Y143.081 F8000
G1 X335.01041 Y142.85856 F8000
G1 X335.43851 Y142.43044 F8000
G1 X335.66094 Y141.7621 F8000
G1 X335.57479 Y141.16285 F8000
G1 X335.38054 Y140.80709 F8000
G1 X335.09391 Y140.52046 F8000
G1 X334.44314 Y140.25091 F8000
G1 X330.74601 Y140.23641 F8000
G1 X330.24833 Y140.32621 F8000
G1 X329.81341 Y140.58425 F8000
G1 X329.54795 Y140.89059 F8000
G1 X329.37957 Y141.25929 F8000
G1 X329.32189 Y141.66053 F8000
G1 X330.7684 Y143.08383 F8000
G0 Z0
G1 X330.36364 Y143.03263 F8000
G1 Z1 F8000
G1 X330.36364 Y143.03263 F8000
G1 X329.37512 Y142.0441 F8000
G0 Z0
G1 X330.42975 Y148.61207 F8000
G1 Z1 F8000
G1 X330.42975 Y148.61207 F8000
G1 X333.24383 Y151.42614 F8000
G0 Z0
G1 X333.59738 Y151.42614 F8000
G1 Z1 F8000
G1 X333.59738 Y151.42614 F8000
G1 X330.74782 Y148.57658 F8000
G0 Z0
G1 X331.10137 Y148.57658 F8000
G1 Z1 F8000
G1 X331.10137 Y148.57658 F8000
G1 X333.95093 Y151.42614 F8000
G0 Z0
G1 X334.30128 Y151.42294 F8000
G1 Z1 F8000
G1 X334.30128 Y151.42294 F8000
G1 X331.45492 Y148.57658 F8000
G0 Z0
G1 X331.80848 Y148.57658 F8000
G1 Z1 F8000
G1 X331.80848 Y148.57658 F8000
G1 X334.60801 Y151.37611 F8000
G0 Z0
G1 X334.86564 Y151.28019 F8000
G1 Z1 F8000
G1 X334.86564 Y151.28019 F8000
G1 X332.16203 Y148.57658 F8000
G0 Z0
G1 X332.51558 Y148.57658 F8000
G1 Z1 F8000
G1 X332.51558 Y148.57658 F8000
G1 X335.08574 Y151.14674 F8000
G0 Z0
G1 X335.27358 Y150.98102 F8000
G1 Z1 F8000
G1 X335.27358 Y150.98102 F8000
G1 X332.86914 Y148.57658 F8000
G0 Z0
G1 X333.22269 Y148.57658 F8000
G1 Z1 F8000
G1 X333.22269 Y148.57658 F8000
G1 X335.42963 Y150.78351 F8000
G0 Z0
G1 X335.55238 Y150.55271 F8000
G1 Z1 F8000
G1 X335.55238 Y150.55271 F8000
G1 X333.57625 Y148.57658 F8000
G0 Z0
G1 X333.9298 Y148.57658 F8000
G1 Z1 F8000
G1 X333.9298 Y148.57658 F8000
G1 X335.63604 Y150.28282 F8000
G0 Z0
G1 X335.66267 Y149.95589 F8000
G1 Z1 F8000
G1 X335.66267 Y149.95589 F8000
G1 X334.28451 Y148.57774 F8000
G0 Z0
G1 X334.7214 Y148.66108 F8000
G1 Z1 F8000
G1 X334.7214 Y148.66108 F8000
G1 X335.57911 Y149.51878 F8000
G0 Z0
G1 X335.699 Y152.74642 F8000
G1 Z1 F8000
G1 X335.699 Y152.74642 F8000
G1 X338.54856 Y155.59598 F8000
G0 Z0
G1 X338.90212 Y155.59598 F8000
G1 Z1 F8000
G1 X338.90212 Y155.59598 F8000
G1 X336.05255 Y152.74642 F8000
G0 Z0
G1 X336.40611 Y152.74642 F8000
G1 Z1 F8000
G1 X336.40611 Y152.74642 F8000
G1 X339.25567 Y155.59598 F8000
G0 Z0
G1 X339.60922 Y155.59598 F8000
G1 Z1 F8000
G1 X339.60922 Y155.59598 F8000
G1 X336.75966 Y152.74642 F8000
G0 Z0
G1 X337.11321 Y152.74642 F8000
G1 Z1 F8000
G1 X337.11321 Y152.74642 F8000
G1 X339.96278 Y155.59598 F8000
G0 Z0
G1 X340.31633 Y155.59598 F8000
G1 Z1 F8000
G1 X340.31633 Y155.59598 F8000
G1 X337.46677 Y152.74642 F8000
G0 Z0
G1 X337.82032 Y152.74642 F8000
G1 Z1 F8000
G1 X337.82032 Y152.74642 F8000
G1 X340.66989 Y155.59598 F8000
G0 Z0
G1 X341.02344 Y155.59598 F8000
G1 Z1 F8000
G1 X341.02344 Y155.59598 F8000
G1 X338.17387 Y152.74642 F8000
G0 Z0
G1 X338.52743 Y152.74642 F8000
G1 Z1 F8000
G1 X338.52743 Y152.74642 F8000
G1 X341.37699 Y155.59598 F8000
G0 Z0
G1 X341.73055 Y155.59598 F8000
G1 Z1 F8000
G1 X341.73055 Y155.59598 F8000
G1 X338.88098 Y152.74642 F8000
G0 Z0
G1 X339.23454 Y152.74642 F8000
G1 Z1 F8000
G1 X339.23454 Y152.74642 F8000
G1 X342.0841 Y155.59598 F8000
G0 Z0
G1 X342.43765 Y155.59598 F8000
G1 Z1 F8000
G1 X342.43765 Y155.59598 F8000
G1 X339.58809 Y152.74642 F8000
G0 Z0
G1 X339.94164 Y152.74642 F8000
G1 Z1 F8000
G1 X339.94164 Y152.74642 F8000
G1 X342.79121 Y155.59598 F8000
G0 Z0
G1 X343.14476 Y155.59598 F8000
G1 Z1 F8000
G1 X343.14476 Y155.59598 F8000
G1 X340.2952 Y152.74642 F8000
G0 Z0
G1 X340.52415 Y152.67096 F8000
G1 Z1 F8000
G1 X340.52415 Y152.67096 F8000
G1 X336.61281 Y152.47657 F8000
G1 X333.00484 Y152.1221 F8000
G1 X329.56147 Y151.58968 F8000
G1 X326.41989 Y150.8964 F8000
G1 X323.56657 Y150.04854 F8000
G1 X320.89425 Y149.01119 F8000
G1 X318.50329 Y147.82088 F8000
G1 X316.30484 Y146.43245 F8000
G1 X314.37597 Y144.89493 F8000
G1 X312.64454 Y143.15362 F8000
G1 X311.16562 Y141.26945 F8000
G1 X309.88162 Y139.17918 F8000
G1 X308.7958 Y136.87858 F8000
G1 X307.90799 Y134.36498 F8000
G1 X307.21414 Y131.63734 F8000
G1 X306.68884 Y128.57068 F8000
G0 Z0
G1 X304.74725 Y124.59996 F8000
G1 Z1 F8000
G1 X304.74725 Y124.59996 F8000
G1 X299.32864 Y119.18136 F8000
G0 Z0
G1 X304.74661 Y124.71901 F8000
G1 Z1 F8000
G1 X304.74661 Y124.71901 F8000
G1 X304.74661 Y119.18236 F8000
G1 X299.20999 Y119.18236 F8000
G1 X299.20999 Y124.71901 F8000
G1 X304.74661 Y124.71901 F8000
G0 Z0
G1 X299.20952 Y119.41578 F8000
G1 Z1 F8000
G1 X299.20952 Y119.41578 F8000
G1 X304.51282 Y124.71909 F8000
G0 Z0
G1 X304.15927 Y124.71909 F8000
G1 Z1 F8000
G1 X304.15927 Y124.71909 F8000
G1 X299.20952 Y119.76934 F8000
G0 Z0
G1 X299.20952 Y120.12289 F8000
G1 Z1 F8000
G1 X299.20952 Y120.12289 F8000
G1 X303.80571 Y124.71909 F8000
G0 Z0
G1 X303.45216 Y124.71909 F8000
G1 Z1 F8000
G1 X303.45216 Y124.71909 F8000
G1 X299.20952 Y120.47645 F8000
G0 Z0
G1 X299.20952 Y120.83 F8000
G1 Z1 F8000
G1 X299.20952 Y120.83 F8000
G1 X303.09861 Y124.71909 F8000
G0 Z0
G1 X302.74505 Y124.71909 F8000
G1 Z1 F8000
G1 X302.74505 Y124.71909 F8000
G1 X299.20952 Y121.18355 F8000
G0 Z0
G1 X299.20952 Y121.53711 F8000
G1 Z1 F8000
G1 X299.20952 Y121.53711 F8000
G1 X302.3915 Y124.71909 F8000
G0 Z0
G1 X302.03794 Y124.71909 F8000
G1 Z1 F8000
G1 X302.03794 Y124.71909 F8000
G1 X299.20952 Y121.89066 F8000
G0 Z0
G1 X299.20952 Y122.24421 F8000
G1 Z1 F8000
G1 X299.20952 Y122.24421 F8000
G1 X301.68439 Y124.71909 F8000
G0 Z0
G1 X301.33084 Y124.71909 F8000
G1 Z1 F8000
G1 X301.33084 Y124.71909 F8000
G1 X299.20952 Y122.59777 F8000
G0 Z0
G1 X299.20952 Y122.95132 F8000
G1 Z1 F8000
G1 X299.20952 Y122.95132 F8000
G1 X300.97728 Y124.71909 F8000
G0 Z0
G1 X300.62373 Y124.71909 F8000
G1 Z1 F8000
G1 X300.62373 Y124.71909 F8000
G1 X299.20952 Y123.30487 F8000
G0 Z0
G1 X299.20952 Y123.65843 F8000
G1 Z1 F8000
G1 X299.20952 Y123.65843 F8000
G1 X300.27018 Y124.71909 F8000
G0 Z0
G1 X299.91662 Y124.71909 F8000
G1 Z1 F8000
G1 X299.91662 Y124.71909 F8000
G1 X299.20952 Y124.01198 F8000
G0 Z0
G1 X299.20952 Y124.36553 F8000
G1 Z1 F8000
G1 X299.20952 Y124.36553 F8000
G1 X299.56307 Y124.71909 F8000
G0 Z0
G1 X294.97883 Y124.59996 F8000
G1 Z1 F8000
G1 X294.97883 Y124.59996 F8000
G1 X289.56022 Y119.18136 F8000
G0 Z0
G1 X289.44162 Y124.71901 F8000
G1 Z1 F8000
G1 X289.44162 Y124.71901 F8000
G1 X294.97827 Y124.71901 F8000
G1 X294.97827 Y119.18236 F8000
G1 X289.44162 Y119.18236 F8000
G1 X289.44162 Y124.71901 F8000
G0 Z0
G1 X289.44109 Y119.41578 F8000
G1 Z1 F8000
G1 X289.44109 Y119.41578 F8000
G1 X294.7444 Y124.71909 F8000
G0 Z0
G1 X294.39084 Y124.71909 F8000
G1 Z1 F8000
G1 X294.39084 Y124.71909 F8000
G1 X289.44109 Y119.76934 F8000
G0 Z0
G1 X289.44109 Y120.12289 F8000
G1 Z1 F8000
G1 X289.44109 Y120.12289 F8000
G1 X294.03729 Y124.71909 F8000
G0 Z0
G1 X293.68374 Y124.71909 F8000
G1 Z1 F8000
G1 X293.68374 Y124.71909 F8000
G1 X289.44109 Y120.47645 F8000
G0 Z0
G1 X289.44109 Y120.83 F8000
G1 Z1 F8000
G1 X289.44109 Y120.83 F8000
G1 X293.33018 Y124.71909 F8000
G0 Z0
G1 X292.97663 Y124.71909 F8000
G1 Z1 F8000
G1 X292.97663 Y124.71909 F8000
G1 X289.44109 Y121.18355 F8000
G0 Z0
G1 X289.44109 Y121.53711 F8000
G1 Z1 F8000
G1 X289.44109 Y121.53711 F8000
G1 X292.62308 Y124.71909 F8000
G0 Z0
G1 X292.26952 Y124.71909 F8000
G1 Z1 F8000
G1 X292.26952 Y124.71909 F8000
G1 X289.44109 Y121.89066 F8000
G0 Z0
G1 X289.44109 Y122.24421 F8000
G1 Z1 F8000
G1 X289.44109 Y122.24421 F8000
G1 X291.91597 Y124.71909 F8000
G0 Z0
G1 X291.56242 Y124.71909 F8000
G1 Z1 F8000
G1 X291.56242 Y124.71909 F8000
G1 X289.44109 Y122.59777 F8000
G0 Z0
G1 X289.44109 Y122.95132 F8000
G1 Z1 F8000
G1 X289.44109 Y122.95132 F8000
G1 X291.20886 Y124.71909 F8000
G0 Z0
G1 X290.85531 Y124.71909 F8000
G1 Z1 F8000
G1 X290.85531 Y124.71909 F8000
G1 X289.44109 Y123.30487 F8000
G0 Z0
G1 X289.44109 Y123.65843 F8000
G1 Z1 F8000
G1 X289.44109 Y123.65843 F8000
G1 X290.50175 Y124.71909 F8000
G0 Z0
G1 X290.1482 Y124.71909 F8000
G1 Z1 F8000
G1 X290.1482 Y124.71909 F8000
G1 X289.44109 Y124.01198 F8000
G0 Z0
G1 X289.44109 Y124.36553 F8000
G1 Z1 F8000
G1 X289.44109 Y124.36553 F8000
G1 X289.79465 Y124.71909 F8000
G0 Z0
G1 X294.97883 Y124.24641 F8000
G1 Z1 F8000
G1 X294.97883 Y124.24641 F8000
G1 X289.91377 Y119.18136 F8000
G0 Z0
G1 X290.26733 Y119.18136 F8000
G1 Z1 F8000
G1 X290.26733 Y119.18136 F8000
G1 X294.97883 Y123.89286 F8000
G0 Z0
G1 X294.97883 Y123.5393 F8000
G1 Z1 F8000
G1 X294.97883 Y123.5393 F8000
G1 X290.62088 Y119.18136 F8000
G0 Z0
G1 X290.97443 Y119.18136 F8000
G1 Z1 F8000
G1 X290.97443 Y119.18136 F8000
G1 X294.97883 Y123.18575 F8000
G0 Z0
G1 X294.97883 Y122.8322 F8000
G1 Z1 F8000
G1 X294.97883 Y122.8322 F8000
G1 X291.32799 Y119.18136 F8000
G0 Z0
G1 X291.68154 Y119.18136 F8000
G1 Z1 F8000
G1 X291.68154 Y119.18136 F8000
G1 X294.97883 Y122.47864 F8000
G0 Z0
G1 X294.97883 Y122.12509 F8000
G1 Z1 F8000
G1 X294.97883 Y122.12509 F8000
G1 X292.03509 Y119.18136 F8000
G0 Z0
G1 X292.38865 Y119.18136 F8000
G1 Z1 F8000
G1 X292.38865 Y119.18136 F8000
G1 X294.97883 Y121.77153 F8000
G0 Z0
G1 X294.97883 Y121.41798 F8000
G1 Z1 F8000
G1 X294.97883 Y121.41798 F8000
G1 X292.7422 Y119.18136 F8000
G0 Z0
G1 X293.09575 Y119.18136 F8000
G1 Z1 F8000
G1 X293.09575 Y119.18136 F8000
G1 X294.97883 Y121.06443 F8000
G0 Z0
G1 X294.97883 Y120.71087 F8000
G1 Z1 F8000
G1 X294.97883 Y120.71087 F8000
G1 X293.44931 Y119.18136 F8000
G0 Z0
G1 X293.80286 Y119.18136 F8000
G1 Z1 F8000
G1 X293.80286 Y119.18136 F8000
G1 X294.97883 Y120.35732 F8000
G0 Z0
G1 X294.97883 Y120.00377 F8000
G1 Z1 F8000
G1 X294.97883 Y120.00377 F8000
G1 X294.15642 Y119.18136 F8000
G0 Z0
G1 X294.50997 Y119.18136 F8000
G1 Z1 F8000
G1 X294.50997 Y119.18136 F8000
G1 X294.97883 Y119.65021 F8000
G0 Z0
G1 X294.97883 Y119.29666 F8000
G1 Z1 F8000
G1 X294.97883 Y119.29666 F8000
G1 X294.86352 Y119.18136 F8000
G0 Z0
G1 X299.68219 Y119.18136 F8000
G1 Z1 F8000
G1 X299.68219 Y119.18136 F8000
G1 X304.74725 Y124.24641 F8000
G0 Z0
G1 X304.74725 Y123.89286 F8000
G1 Z1 F8000
G1 X304.74725 Y123.89286 F8000
G1 X300.03575 Y119.18136 F8000
G0 Z0
G1 X300.3893 Y119.18136 F8000
G1 Z1 F8000
G1 X300.3893 Y119.18136 F8000
G1 X304.74725 Y123.5393 F8000
G0 Z0
G1 X304.74725 Y123.18575 F8000
G1 Z1 F8000
G1 X304.74725 Y123.18575 F8000
G1 X300.74286 Y119.18136 F8000
G0 Z0
G1 X301.09641 Y119.18136 F8000
G1 Z1 F8000
G1 X301.09641 Y119.18136 F8000
G1 X304.74725 Y122.8322 F8000
G0 Z0
G1 X304.74725 Y122.47864 F8000
G1 Z1 F8000
G1 X304.74725 Y122.47864 F8000
G1 X301.44996 Y119.18136 F8000
G0 Z0
G1 X301.80352 Y119.18136 F8000
G1 Z1 F8000
G1 X301.80352 Y119.18136 F8000
G1 X304.74725 Y122.12509 F8000
G0 Z0
G1 X304.74725 Y121.77153 F8000
G1 Z1 F8000
G1 X304.74725 Y121.77153 F8000
G1 X302.15707 Y119.18136 F8000
G0 Z0
G1 X302.51062 Y119.18136 F8000
G1 Z1 F8000
G1 X302.51062 Y119.18136 F8000
G1 X304.74725 Y121.41798 F8000
G0 Z0
G1 X304.74725 Y121.06443 F8000
G1 Z1 F8000
G1 X304.74725 Y121.06443 F8000
G1 X302.86418 Y119.18136 F8000
G0 Z0
G1 X303.21773 Y119.18136 F8000
G1 Z1 F8000
G1 X303.21773 Y119.18136 F8000
G1 X304.74725 Y120.71087 F8000
G0 Z0
G1 X304.74725 Y120.35732 F8000
G1 Z1 F8000
G1 X304.74725 Y120.35732 F8000
G1 X303.57128 Y119.18136 F8000
G0 Z0
G1 X303.92484 Y119.18136 F8000
G1 Z1 F8000
G1 X303.92484 Y119.18136 F8000
G1 X304.74725 Y120.00377 F8000
G0 Z0
G1 X304.74725 Y119.65021 F8000
G1 Z1 F8000
G1 X304.74725 Y119.65021 F8000
G1 X304.27839 Y119.18136 F8000
G0 Z0
G1 X304.63194 Y119.18136 F8000
G1 Z1 F8000
G1 X304.63194 Y119.18136 F8000
G1 X304.74725 Y119.29666 F8000
G0 Z0
G1 X306.76401 Y115.83385 F8000
G1 Z1 F8000
G1 X306.76401 Y115.83385 F8000
G1 X285.2099 Y115.83385 F8000
G0 Z0
G1 X285.2099 Y116.1412 F8000
G1 Z1 F8000
G1 X285.2099 Y116.1412 F8000
G1 X285.2099 Y128.38885 F8000
G1 X313.06218 Y128.38885 F8000
G1 X313.06218 Y116.1412 F8000
G1 X313.00024 Y116.1412 F8000
G0 Z0
G1 X313.00024 Y115.83385 F8000
G1 Z1 F8000
G1 X313.00024 Y115.83385 F8000
G1 X313.00024 Y79.09093 F8000
G1 X285.01975 Y79.09093 F8000
G0 Z0
G1 X285.2099 Y91.33855 F8000
G1 Z1 F8000
G1 X285.2099 Y91.33855 F8000
G1 X306.76401 Y91.33855 F8000
G1 X306.76401 Y115.83385 F8000
G1 X285.2099 Y115.83385 F8000
G1 X285.2099 Y128.37547 F8000
G1 X275.72977 Y126.25881 F8000
G1 X275.72977 Y106.32204 F8000
G0 Z0
G1 X286.20835 Y104.42597 F8000
G1 Z1 F8000
G1 X286.20835 Y104.42597 F8000
G1 X288.837 Y107.05462 F8000
G0 Z0
G1 X289.2668 Y107.13087 F8000
G1 Z1 F8000
G1 X289.2668 Y107.13087 F8000
G1 X286.13254 Y103.99661 F8000
G0 Z0
G1 X286.10999 Y103.6205 F8000
G1 Z1 F8000
G1 X286.10999 Y103.6205 F8000
G1 X289.6784 Y107.15577 F8000
G1 X288.88409 Y107.06629 F8000
G1 X288.04002 Y106.75757 F8000
G1 X287.29982 Y106.24783 F8000
G1 X286.71038 Y105.56936 F8000
G1 X286.30911 Y104.76515 F8000
G1 X286.12144 Y103.88624 F8000
G1 X286.14385 Y103.08722 F8000
G1 X286.38052 Y102.22018 F8000
G1 X286.76719 Y101.52059 F8000
G1 X287.37538 Y100.8589 F8000
G1 X288.12961 Y100.37013 F8000
G1 X288.98199 Y100.0852 F8000
G1 X289.87853 Y100.02223 F8000
G1 X290.7624 Y100.18519 F8000
G1 X291.57753 Y100.56375 F8000
G1 X292.20247 Y101.06212 F8000
G1 X292.84978 Y101.94782 F8000
G1 X293.17937 Y102.88981 F8000
G1 X293.23533 Y103.88624 F8000
G1 X292.97625 Y104.95222 F8000
G1 X292.4692 Y105.81179 F8000
G1 X291.66153 Y106.55419 F8000
G1 X290.7624 Y106.98721 F8000
G1 X289.6784 Y107.15577 F8000
G0 Z0
G1 X289.98512 Y107.14208 F8000
G1 Z1 F8000
G1 X289.98512 Y107.14208 F8000
G1 X286.12132 Y103.27828 F8000
G0 Z0
G1 X286.16377 Y102.96718 F8000
G1 Z1 F8000
G1 X286.16377 Y102.96718 F8000
G1 X290.29835 Y107.10176 F8000
G0 Z0
G1 X290.58773 Y107.03758 F8000
G1 Z1 F8000
G1 X290.58773 Y107.03758 F8000
G1 X286.22626 Y102.67611 F8000
G0 Z0
G1 X286.30898 Y102.40528 F8000
G1 Z1 F8000
G1 X286.30898 Y102.40528 F8000
G1 X290.85811 Y106.95441 F8000
G0 Z0
G1 X291.11188 Y106.85463 F8000
G1 Z1 F8000
G1 X291.11188 Y106.85463 F8000
G1 X286.40934 Y102.15209 F8000
G0 Z0
G1 X286.5252 Y101.91439 F8000
G1 Z1 F8000
G1 X286.5252 Y101.91439 F8000
G1 X291.35021 Y106.7394 F8000
G0 Z0
G1 X291.57408 Y106.60972 F8000
G1 Z1 F8000
G1 X291.57408 Y106.60972 F8000
G1 X286.6537 Y101.68934 F8000
G0 Z0
G1 X286.79747 Y101.47956 F8000
G1 Z1 F8000
G1 X286.79747 Y101.47956 F8000
G1 X291.78518 Y106.46727 F8000
G0 Z0
G1 X291.9838 Y106.31233 F8000
G1 Z1 F8000
G1 X291.9838 Y106.31233 F8000
G1 X286.95249 Y101.28102 F8000
G0 Z0
G1 X287.1214 Y101.09637 F8000
G1 Z1 F8000
G1 X287.1214 Y101.09637 F8000
G1 X292.16901 Y106.14399 F8000
G0 Z0
G1 X292.34231 Y105.96374 F8000
G1 Z1 F8000
G1 X292.34231 Y105.96374 F8000
G1 X287.30223 Y100.92365 F8000
G0 Z0
G1 X287.49507 Y100.76294 F8000
G1 Z1 F8000
G1 X287.49507 Y100.76294 F8000
G1 X292.50177 Y105.76965 F8000
G0 Z0
G1 X292.64884 Y105.56316 F8000
G1 Z1 F8000
G1 X292.64884 Y105.56316 F8000
G1 X287.70029 Y100.61461 F8000
G0 Z0
G1 X287.91965 Y100.48041 F8000
G1 Z1 F8000
G1 X287.91965 Y100.48041 F8000
G1 X292.78359 Y105.34436 F8000
G0 Z0
G1 X292.90463 Y105.11184 F8000
G1 Z1 F8000
G1 X292.90463 Y105.11184 F8000
G1 X288.15175 Y100.35896 F8000
G0 Z0
G1 X288.3995 Y100.25316 F8000
G1 Z1 F8000
G1 X288.3995 Y100.25316 F8000
G1 X293.01092 Y104.86458 F8000
G0 Z0
G1 X293.10012 Y104.60022 F8000
G1 Z1 F8000
G1 X293.10012 Y104.60022 F8000
G1 X288.66316 Y100.16326 F8000
G0 Z0
G1 X288.94632 Y100.09287 F8000
G1 Z1 F8000
G1 X288.94632 Y100.09287 F8000
G1 X293.17192 Y104.31847 F8000
G0 Z0
G1 X293.22158 Y104.01458 F8000
G1 Z1 F8000
G1 X293.22158 Y104.01458 F8000
G1 X289.24969 Y100.04269 F8000
G0 Z0
G1 X289.57816 Y100.0176 F8000
G1 Z1 F8000
G1 X289.57816 Y100.0176 F8000
G1 X293.24586 Y103.6853 F8000
G0 Z0
G1 X293.2383 Y103.32419 F8000
G1 Z1 F8000
G1 X293.2383 Y103.32419 F8000
G1 X289.94027 Y100.02616 F8000
G0 Z0
G1 X290.34912 Y100.08146 F8000
G1 Z1 F8000
G1 X290.34912 Y100.08146 F8000
G1 X293.18457 Y102.9169 F8000
G0 Z0
G1 X293.05706 Y102.43584 F8000
G1 Z1 F8000
G1 X293.05706 Y102.43584 F8000
G1 X290.82754 Y100.20632 F8000
G0 Z0
G1 X291.48102 Y100.50624 F8000
G1 Z1 F8000
G1 X291.48102 Y100.50624 F8000
G1 X292.76225 Y101.78748 F8000
G0 Z0
G1 X294.87828 Y101.91419 F8000
G1 Z1 F8000
G1 X294.87828 Y101.91419 F8000
G1 X300.74984 Y107.78575 F8000
G0 Z0
G1 X300.39629 Y107.78575 F8000
G1 Z1 F8000
G1 X300.39629 Y107.78575 F8000
G1 X294.87828 Y102.26774 F8000
G0 Z0
G1 X294.87828 Y102.62129 F8000
G1 Z1 F8000
G1 X294.87828 Y102.62129 F8000
G1 X300.04274 Y107.78575 F8000
G0 Z0
G1 X299.68918 Y107.78575 F8000
G1 Z1 F8000
G1 X299.68918 Y107.78575 F8000
G1 X294.87828 Y102.97485 F8000
G0 Z0
G1 X294.87828 Y103.3284 F8000
G1 Z1 F8000
G1 X294.87828 Y103.3284 F8000
G1 X299.33563 Y107.78575 F8000
G0 Z0
G1 X298.98208 Y107.78575 F8000
G1 Z1 F8000
G1 X298.98208 Y107.78575 F8000
G1 X294.87828 Y103.68195 F8000
G0 Z0
G1 X294.87828 Y104.03551 F8000
G1 Z1 F8000
G1 X294.87828 Y104.03551 F8000
G1 X298.62852 Y107.78575 F8000
G0 Z0
G1 X298.27497 Y107.78575 F8000
G1 Z1 F8000
G1 X298.27497 Y107.78575 F8000
G1 X294.87828 Y104.38906 F8000
G0 Z0
G1 X294.87828 Y104.74261 F8000
G1 Z1 F8000
G1 X294.87828 Y104.74261 F8000
G1 X297.92142 Y107.78575 F8000
G0 Z0
G1 X297.56786 Y107.78575 F8000
G1 Z1 F8000
G1 X297.56786 Y107.78575 F8000
G1 X294.87828 Y105.09617 F8000
G0 Z0
G1 X294.87828 Y105.44972 F8000
G1 Z1 F8000
G1 X294.87828 Y105.44972 F8000
G1 X297.21431 Y107.78575 F8000
G0 Z0
G1 X296.86076 Y107.78575 F8000
G1 Z1 F8000
G1 X296.86076 Y107.78575 F8000
G1 X294.87828 Y105.80327 F8000
G0 Z0
G1 X294.87828 Y106.15683 F8000
G1 Z1 F8000
G1 X294.87828 Y106.15683 F8000
G1 X296.5072 Y107.78575 F8000
G0 Z0
G1 X296.15365 Y107.78575 F8000
G1 Z1 F8000
G1 X296.15365 Y107.78575 F8000
G1 X294.87828 Y106.51038 F8000
G0 Z0
G1 X294.87828 Y106.86394 F8000
G1 Z1 F8000
G1 X294.87828 Y106.86394 F8000
G1 X295.80009 Y107.78575 F8000
G0 Z0
G1 X295.44654 Y107.78575 F8000
G1 Z1 F8000
G1 X295.44654 Y107.78575 F8000
G1 X294.87828 Y107.21749 F8000
G0 Z0
G1 X294.87828 Y107.57104 F8000
G1 Z1 F8000
G1 X294.87828 Y107.57104 F8000
G1 X295.09299 Y107.78575 F8000
G0 Z0
G1 X301.1034 Y107.78575 F8000
G1 Z1 F8000
G1 X301.1034 Y107.78575 F8000
G1 X294.87828 Y101.56063 F8000
G0 Z0
G1 X294.87828 Y101.20708 F8000
G1 Z1 F8000
G1 X294.87828 Y101.20708 F8000
G1 X301.45695 Y107.78575 F8000
G0 Z0
G1 X301.81051 Y107.78575 F8000
G1 Z1 F8000
G1 X301.81051 Y107.78575 F8000
G1 X294.87828 Y100.85352 F8000
G0 Z0
G1 X294.87828 Y100.49997 F8000
G1 Z1 F8000
G1 X294.87828 Y100.49997 F8000
G1 X302.16406 Y107.78575 F8000
G0 Z0
G1 X302.51761 Y107.78575 F8000
G1 Z1 F8000
G1 X302.51761 Y107.78575 F8000
G1 X294.87828 Y100.14642 F8000
G0 Z0
G1 X294.87828 Y99.79286 F8000
G1 Z1 F8000
G1 X294.87828 Y99.79286 F8000
G1 X302.87117 Y107.78575 F8000
G0 Z0
G1 X303.22472 Y107.78575 F8000
G1 Z1 F8000
G1 X303.22472 Y107.78575 F8000
G1 X294.87828 Y99.43931 F8000
G0 Z0
G1 X306.63627 Y99.38599 F8000
G1 Z1 F8000
G1 X306.63627 Y99.38599 F8000
G1 X294.8785 Y99.38599 F8000
G1 X294.8785 Y107.78641 F8000
G1 X306.63627 Y107.78641 F8000
G1 X306.63627 Y99.38599 F8000
G0 Z0
G1 X295.17775 Y99.38522 F8000
G1 Z1 F8000
G1 X295.17775 Y99.38522 F8000
G1 X303.57827 Y107.78575 F8000
G0 Z0
G1 X303.93183 Y107.78575 F8000
G1 Z1 F8000
G1 X303.93183 Y107.78575 F8000
G1 X295.5313 Y99.38522 F8000
G0 Z0
G1 X295.88486 Y99.38522 F8000
G1 Z1 F8000
G1 X295.88486 Y99.38522 F8000
G1 X304.28538 Y107.78575 F8000
G0 Z0
G1 X304.63893 Y107.78575 F8000
G1 Z1 F8000
G1 X304.63893 Y107.78575 F8000
G1 X296.23841 Y99.38522 F8000
G0 Z0
G1 X296.59196 Y99.38522 F8000
G1 Z1 F8000
G1 X296.59196 Y99.38522 F8000
G1 X304.99249 Y107.78575 F8000
G0 Z0
G1 X305.34604 Y107.78575 F8000
G1 Z1 F8000
G1 X305.34604 Y107.78575 F8000
G1 X296.94552 Y99.38522 F8000
G0 Z0
G1 X297.29907 Y99.38522 F8000
G1 Z1 F8000
G1 X297.29907 Y99.38522 F8000
G1 X305.69959 Y107.78575 F8000
G0 Z0
G1 X306.05315 Y107.78575 F8000
G1 Z1 F8000
G1 X306.05315 Y107.78575 F8000
G1 X297.65262 Y99.38522 F8000
G0 Z0
G1 X298.00618 Y99.38522 F8000
G1 Z1 F8000
G1 X298.00618 Y99.38522 F8000
G1 X306.4067 Y107.78575 F8000
G0 Z0
G1 X306.63637 Y107.66186 F8000
G1 Z1 F8000
G1 X306.63637 Y107.66186 F8000
G1 X298.35973 Y99.38522 F8000
G0 Z0
G1 X298.71328 Y99.38522 F8000
G1 Z1 F8000
G1 X298.71328 Y99.38522 F8000
G1 X306.63637 Y107.30831 F8000
G0 Z0
G1 X306.63637 Y106.95476 F8000
G1 Z1 F8000
G1 X306.63637 Y106.95476 F8000
G1 X299.06684 Y99.38522 F8000
G0 Z0
G1 X299.42039 Y99.38522 F8000
G1 Z1 F8000
G1 X299.42039 Y99.38522 F8000
G1 X306.63637 Y106.6012 F8000
G0 Z0
G1 X306.63637 Y106.24765 F8000
G1 Z1 F8000
G1 X306.63637 Y106.24765 F8000
G1 X299.77394 Y99.38522 F8000
G0 Z0
G1 X300.1275 Y99.38522 F8000
G1 Z1 F8000
G1 X300.1275 Y99.38522 F8000
G1 X306.63637 Y105.8941 F8000
G0 Z0
G1 X306.63637 Y105.54054 F8000
G1 Z1 F8000
G1 X306.63637 Y105.54054 F8000
G1 X300.48105 Y99.38522 F8000
G0 Z0
G1 X300.83461 Y99.38522 F8000
G1 Z1 F8000
G1 X300.83461 Y99.38522 F8000
G1 X306.63637 Y105.18699 F8000
G0 Z0
G1 X306.63637 Y104.83344 F8000
G1 Z1 F8000
G1 X306.63637 Y104.83344 F8000
G1 X301.18816 Y99.38522 F8000
G0 Z0
G1 X301.54171 Y99.38522 F8000
G1 Z1 F8000
G1 X301.54171 Y99.38522 F8000
G1 X306.63637 Y104.47988 F8000
G0 Z0
G1 X306.63637 Y104.12633 F8000
G1 Z1 F8000
G1 X306.63637 Y104.12633 F8000
G1 X301.89527 Y99.38522 F8000
G0 Z0
G1 X302.24882 Y99.38522 F8000
G1 Z1 F8000
G1 X302.24882 Y99.38522 F8000
G1 X306.63637 Y103.77277 F8000
G0 Z0
G1 X306.63637 Y103.41922 F8000
G1 Z1 F8000
G1 X306.63637 Y103.41922 F8000
G1 X302.60237 Y99.38522 F8000
G0 Z0
G1 X302.95593 Y99.38522 F8000
G1 Z1 F8000
G1 X302.95593 Y99.38522 F8000
G1 X306.63637 Y103.06567 F8000
G0 Z0
G1 X306.63637 Y102.71211 F8000
G1 Z1 F8000
G1 X306.63637 Y102.71211 F8000
G1 X303.30948 Y99.38522 F8000
G0 Z0
G1 X303.66303 Y99.38522 F8000
G1 Z1 F8000
G1 X303.66303 Y99.38522 F8000
G1 X306.63637 Y102.35856 F8000
G0 Z0
G1 X306.63637 Y102.00501 F8000
G1 Z1 F8000
G1 X306.63637 Y102.00501 F8000
G1 X304.01659 Y99.38522 F8000
G0 Z0
G1 X304.37014 Y99.38522 F8000
G1 Z1 F8000
G1 X304.37014 Y99.38522 F8000
G1 X306.63637 Y101.65145 F8000
G0 Z0
G1 X306.63637 Y101.2979 F8000
G1 Z1 F8000
G1 X306.63637 Y101.2979 F8000
G1 X304.72369 Y99.38522 F8000
G0 Z0
G1 X305.07725 Y99.38522 F8000
G1 Z1 F8000
G1 X305.07725 Y99.38522 F8000
G1 X306.63637 Y100.94435 F8000
G0 Z0
G1 X306.63637 Y100.59079 F8000
G1 Z1 F8000
G1 X306.63637 Y100.59079 F8000
G1 X305.4308 Y99.38522 F8000
G0 Z0
G1 X305.78436 Y99.38522 F8000
G1 Z1 F8000
G1 X305.78436 Y99.38522 F8000
G1 X306.63637 Y100.23724 F8000
G0 Z0
G1 X306.63637 Y99.88369 F8000
G1 Z1 F8000
G1 X306.63637 Y99.88369 F8000
G1 X306.13791 Y99.38522 F8000
G0 Z0
G1 X306.49146 Y99.38522 F8000
G1 Z1 F8000
G1 X306.49146 Y99.38522 F8000
G1 X306.63637 Y99.53013 F8000
G0 Z0
G1 X317.65548 Y98.87741 F8000
G1 Z1 F8000
G1 X317.65548 Y98.87741 F8000
G1 X318.25413 Y98.64195 F8000
G0 Z0
G1 X318.2582 Y98.25471 F8000
G1 Z1 F8000
G1 X318.2582 Y98.25471 F8000
G1 X317.65141 Y98.25471 F8000
G0 Z0
G1 X317.65231 Y97.73784 F8000
G1 Z1 F8000
G1 X317.65231 Y97.73784 F8000
G1 X318.2582 Y97.81674 F8000
G0 Z0
G1 X317.65231 Y101.66839 F8000
G1 Z1 F8000
G1 X317.65231 Y101.66839 F8000
G1 X318.2582 Y101.74729 F8000
G0 Z0
G1 X318.2582 Y102.18528 F8000
G1 Z1 F8000
G1 X318.2582 Y102.18528 F8000
G1 X317.65141 Y102.18528 F8000
G0 Z0
G1 X317.65548 Y102.80795 F8000
G1 Z1 F8000
G1 X317.65548 Y102.80795 F8000
G1 X318.25413 Y102.5725 F8000
G0 Z0
G1 X321.04056 Y107.98445 F8000
G1 Z1 F8000
G1 X321.04056 Y107.98445 F8000
G1 X322.4741 Y108.06306 F8000
G0 Z0
G1 X322.4741 Y108.4993 F8000
G1 Z1 F8000
G1 X322.4741 Y108.4993 F8000
G1 X321.03842 Y108.4993 F8000
G0 Z0
G1 X321.04805 Y109.11954 F8000
G1 Z1 F8000
G1 X321.04805 Y109.11954 F8000
G1 X322.46447 Y108.88504 F8000
G0 Z0
G1 X326.74475 Y111.63552 F8000
G1 Z1 F8000
G1 X326.74475 Y111.63552 F8000
G1 X329.00156 Y113.89233 F8000
G0 Z0
G1 X328.64801 Y113.89233 F8000
G1 Z1 F8000
G1 X328.64801 Y113.89233 F8000
G1 X326.61294 Y111.85727 F8000
G0 Z0
G1 X326.51967 Y112.11755 F8000
G1 Z1 F8000
G1 X326.51967 Y112.11755 F8000
G1 X328.29446 Y113.89233 F8000
G0 Z0
G1 X327.9409 Y113.89233 F8000
G1 Z1 F8000
G1 X327.9409 Y113.89233 F8000
G1 X326.47445 Y112.46922 F8000
G1 X326.60314 Y111.87761 F8000
G1 X326.89156 Y111.46221 F8000
G1 X327.30696 Y111.17379 F8000
G1 X327.79697 Y111.04875 F8000
G1 X344.72936 Y111.04875 F8000
G1 X345.21934 Y111.17379 F8000
G1 X345.63476 Y111.46221 F8000
G1 X345.92316 Y111.87761 F8000
G1 X346.04823 Y112.36762 F8000
G1 X345.96208 Y112.9669 F8000
G1 X345.63476 Y113.47622 F8000
G1 X345.21934 Y113.76464 F8000
G1 X344.62776 Y113.89334 F8000
G1 X327.79697 Y113.88969 F8000
G1 X327.30696 Y113.76464 F8000
G1 X326.89156 Y113.47622 F8000
G1 X326.60314 Y113.06083 F8000
G1 X326.47445 Y112.46922 F8000
G0 Z0
G1 X326.52083 Y112.82581 F8000
G1 Z1 F8000
G1 X326.52083 Y112.82581 F8000
G1 X327.54285 Y113.84783 F8000
G0 Z0
G1 X329.35512 Y113.89233 F8000
G1 Z1 F8000
G1 X329.35512 Y113.89233 F8000
G1 X326.90888 Y111.4461 F8000
G0 Z0
G1 X327.10396 Y111.28763 F8000
G1 Z1 F8000
G1 X327.10396 Y111.28763 F8000
G1 X329.70867 Y113.89233 F8000
G0 Z0
G1 X330.06222 Y113.89233 F8000
G1 Z1 F8000
G1 X330.06222 Y113.89233 F8000
G1 X327.33395 Y111.16406 F8000
G0 Z0
G1 X327.6 Y111.07655 F8000
G1 Z1 F8000
G1 X327.6 Y111.07655 F8000
G1 X330.41578 Y113.89233 F8000
G0 Z0
G1 X330.76933 Y113.89233 F8000
G1 Z1 F8000
G1 X330.76933 Y113.89233 F8000
G1 X327.92241 Y111.04541 F8000
G0 Z0
G1 X328.27597 Y111.04541 F8000
G1 Z1 F8000
G1 X328.27597 Y111.04541 F8000
G1 X331.12288 Y113.89233 F8000
G0 Z0
G1 X331.47644 Y113.89233 F8000
G1 Z1 F8000
G1 X331.47644 Y113.89233 F8000
G1 X328.62952 Y111.04541 F8000
G0 Z0
G1 X328.98307 Y111.04541 F8000
G1 Z1 F8000
G1 X328.98307 Y111.04541 F8000
G1 X331.82999 Y113.89233 F8000
G0 Z0
G1 X332.18355 Y113.89233 F8000
G1 Z1 F8000
G1 X332.18355 Y113.89233 F8000
G1 X329.33663 Y111.04541 F8000
G0 Z0
G1 X329.69018 Y111.04541 F8000
G1 Z1 F8000
G1 X329.69018 Y111.04541 F8000
G1 X332.5371 Y113.89233 F8000
G0 Z0
G1 X332.89065 Y113.89233 F8000
G1 Z1 F8000
G1 X332.89065 Y113.89233 F8000
G1 X330.04373 Y111.04541 F8000
G0 Z0
G1 X330.39729 Y111.04541 F8000
G1 Z1 F8000
G1 X330.39729 Y111.04541 F8000
G1 X333.24421 Y113.89233 F8000
G0 Z0
G1 X333.59776 Y113.89233 F8000
G1 Z1 F8000
G1 X333.59776 Y113.89233 F8000
G1 X330.75084 Y111.04541 F8000
G0 Z0
G1 X331.1044 Y111.04541 F8000
G1 Z1 F8000
G1 X331.1044 Y111.04541 F8000
G1 X333.95131 Y113.89233 F8000
G0 Z0
G1 X334.30487 Y113.89233 F8000
G1 Z1 F8000
G1 X334.30487 Y113.89233 F8000
G1 X331.45795 Y111.04541 F8000
G0 Z0
G1 X331.8115 Y111.04541 F8000
G1 Z1 F8000
G1 X331.8115 Y111.04541 F8000
G1 X334.65842 Y113.89233 F8000
G0 Z0
G1 X335.01197 Y113.89233 F8000
G1 Z1 F8000
G1 X335.01197 Y113.89233 F8000
G1 X332.16506 Y111.04541 F8000
G0 Z0
G1 X332.51861 Y111.04541 F8000
G1 Z1 F8000
G1 X332.51861 Y111.04541 F8000
G1 X335.36553 Y113.89233 F8000
G0 Z0
G1 X335.71908 Y113.89233 F8000
G1 Z1 F8000
G1 X335.71908 Y113.89233 F8000
G1 X332.87216 Y111.04541 F8000
G0 Z0
G1 X333.22572 Y111.04541 F8000
G1 Z1 F8000
G1 X333.22572 Y111.04541 F8000
G1 X336.07264 Y113.89233 F8000
G0 Z0
G1 X336.42619 Y113.89233 F8000
G1 Z1 F8000
G1 X336.42619 Y113.89233 F8000
G1 X333.57927 Y111.04541 F8000
G0 Z0
G1 X333.93282 Y111.04541 F8000
G1 Z1 F8000
G1 X333.93282 Y111.04541 F8000
G1 X336.77974 Y113.89233 F8000
G0 Z0
G1 X337.1333 Y113.89233 F8000
G1 Z1 F8000
G1 X337.1333 Y113.89233 F8000
G1 X334.28638 Y111.04541 F8000
G0 Z0
G1 X334.63993 Y111.04541 F8000
G1 Z1 F8000
G1 X334.63993 Y111.04541 F8000
G1 X337.48685 Y113.89233 F8000
G0 Z0
G1 X337.8404 Y113.89233 F8000
G1 Z1 F8000
G1 X337.8404 Y113.89233 F8000
G1 X334.99348 Y111.04541 F8000
G0 Z0
G1 X335.34704 Y111.04541 F8000
G1 Z1 F8000
G1 X335.34704 Y111.04541 F8000
G1 X338.19396 Y113.89233 F8000
G0 Z0
G1 X338.54751 Y113.89233 F8000
G1 Z1 F8000
G1 X338.54751 Y113.89233 F8000
G1 X335.70059 Y111.04541 F8000
G0 Z0
G1 X336.05415 Y111.04541 F8000
G1 Z1 F8000
G1 X336.05415 Y111.04541 F8000
G1 X338.90106 Y113.89233 F8000
G0 Z0
G1 X339.25462 Y113.89233 F8000
G1 Z1 F8000
G1 X339.25462 Y113.89233 F8000
G1 X336.4077 Y111.04541 F8000
G0 Z0
G1 X336.76125 Y111.04541 F8000
G1 Z1 F8000
G1 X336.76125 Y111.04541 F8000
G1 X339.60817 Y113.89233 F8000
G0 Z0
G1 X339.96172 Y113.89233 F8000
G1 Z1 F8000
G1 X339.96172 Y113.89233 F8000
G1 X337.11481 Y111.04541 F8000
G0 Z0
G1 X337.46836 Y111.04541 F8000
G1 Z1 F8000
G1 X337.46836 Y111.04541 F8000
G1 X340.31528 Y113.89233 F8000
G0 Z0
G1 X340.66883 Y113.89233 F8000
G1 Z1 F8000
G1 X340.66883 Y113.89233 F8000
G1 X337.82191 Y111.04541 F8000
G0 Z0
G1 X338.17547 Y111.04541 F8000
G1 Z1 F8000
G1 X338.17547 Y111.04541 F8000
G1 X341.02239 Y113.89233 F8000
G0 Z0
G1 X341.37594 Y113.89233 F8000
G1 Z1 F8000
G1 X341.37594 Y113.89233 F8000
G1 X338.52902 Y111.04541 F8000
G0 Z0
G1 X338.88257 Y111.04541 F8000
G1 Z1 F8000
G1 X338.88257 Y111.04541 F8000
G1 X341.72949 Y113.89233 F8000
G0 Z0
G1 X342.08305 Y113.89233 F8000
G1 Z1 F8000
G1 X342.08305 Y113.89233 F8000
G1 X339.23613 Y111.04541 F8000
G0 Z0
G1 X339.58968 Y111.04541 F8000
G1 Z1 F8000
G1 X339.58968 Y111.04541 F8000
G1 X342.4366 Y113.89233 F8000
G0 Z0
G1 X342.79015 Y113.89233 F8000
G1 Z1 F8000
G1 X342.79015 Y113.89233 F8000
G1 X339.94323 Y111.04541 F8000
G0 Z0
G1 X340.29679 Y111.04541 F8000
G1 Z1 F8000
G1 X340.29679 Y111.04541 F8000
G1 X343.14371 Y113.89233 F8000
G0 Z0
G1 X343.49726 Y113.89233 F8000
G1 Z1 F8000
G1 X343.49726 Y113.89233 F8000
G1 X340.65034 Y111.04541 F8000
G0 Z0
G1 X341.0039 Y111.04541 F8000
G1 Z1 F8000
G1 X341.0039 Y111.04541 F8000
G1 X343.85081 Y113.89233 F8000
G0 Z0
G1 X344.20437 Y113.89233 F8000
G1 Z1 F8000
G1 X344.20437 Y113.89233 F8000
G1 X341.35745 Y111.04541 F8000
G0 Z0
G1 X341.711 Y111.04541 F8000
G1 Z1 F8000
G1 X341.711 Y111.04541 F8000
G1 X344.55792 Y113.89233 F8000
G0 Z0
G1 X344.88765 Y113.86851 F8000
G1 Z1 F8000
G1 X344.88765 Y113.86851 F8000
G1 X342.06456 Y111.04541 F8000
G0 Z0
G1 X342.41811 Y111.04541 F8000
G1 Z1 F8000
G1 X342.41811 Y111.04541 F8000
G1 X345.16114 Y113.78845 F8000
G0 Z0
G1 X345.39526 Y113.66901 F8000
G1 Z1 F8000
G1 X345.39526 Y113.66901 F8000
G1 X342.77166 Y111.04541 F8000
G0 Z0
G1 X343.12522 Y111.04541 F8000
G1 Z1 F8000
G1 X343.12522 Y111.04541 F8000
G1 X345.5942 Y113.51439 F8000
G0 Z0
G1 X345.76319 Y113.32983 F8000
G1 Z1 F8000
G1 X345.76319 Y113.32983 F8000
G1 X343.47877 Y111.04541 F8000
G0 Z0
G1 X343.83232 Y111.04541 F8000
G1 Z1 F8000
G1 X343.83232 Y111.04541 F8000
G1 X345.89809 Y113.11118 F8000
G0 Z0
G1 X345.99707 Y112.8566 F8000
G1 Z1 F8000
G1 X345.99707 Y112.8566 F8000
G1 X344.18588 Y111.04541 F8000
G0 Z0
G1 X344.53943 Y111.04541 F8000
G1 Z1 F8000
G1 X344.53943 Y111.04541 F8000
G1 X346.04916 Y112.55514 F8000
G0 Z0
G1 X346.02071 Y112.17314 F8000
G1 Z1 F8000
G1 X346.02071 Y112.17314 F8000
G1 X344.92361 Y111.07604 F8000
G0 Z0
G1 X344.55792 Y105.55266 F8000
G1 Z1 F8000
G1 X344.55792 Y105.55266 F8000
G1 X341.711 Y102.70574 F8000
G0 Z0
G1 X342.06456 Y102.70574 F8000
G1 Z1 F8000
G1 X342.06456 Y102.70574 F8000
G1 X344.88765 Y105.52884 F8000
G0 Z0
G1 X345.16044 Y105.44807 F8000
G1 Z1 F8000
G1 X345.16044 Y105.44807 F8000
G1 X342.41811 Y102.70574 F8000
G0 Z0
G1 X342.77166 Y102.70574 F8000
G1 Z1 F8000
G1 X342.77166 Y102.70574 F8000
G1 X345.39521 Y105.32929 F8000
G0 Z0
G1 X345.59357 Y105.1741 F8000
G1 Z1 F8000
G1 X345.59357 Y105.1741 F8000
G1 X343.12522 Y102.70574 F8000
G0 Z0
G1 X343.47877 Y102.70574 F8000
G1 Z1 F8000
G1 X343.47877 Y102.70574 F8000
G1 X345.76201 Y104.98898 F8000
G0 Z0
G1 X345.89769 Y104.77111 F8000
G1 Z1 F8000
G1 X345.89769 Y104.77111 F8000
G1 X343.83232 Y102.70574 F8000
G0 Z0
G1 X344.18588 Y102.70574 F8000
G1 Z1 F8000
G1 X344.18588 Y102.70574 F8000
G1 X345.99699 Y104.51685 F8000
G0 Z0
G1 X346.04911 Y104.21542 F8000
G1 Z1 F8000
G1 X346.04911 Y104.21542 F8000
G1 X344.53943 Y102.70574 F8000
G0 Z0
G1 X344.92361 Y102.73637 F8000
G1 Z1 F8000
G1 X344.92361 Y102.73637 F8000
G1 X346.02131 Y103.83406 F8000
G0 Z0
G1 X346.05185 Y104.12883 F8000
G1 Z1 F8000
G1 X346.05185 Y104.12883 F8000
G1 X345.96208 Y103.63115 F8000
G1 X345.63476 Y103.12185 F8000
G1 X345.21934 Y102.83343 F8000
G1 X344.72936 Y102.70836 F8000
G1 X327.79697 Y102.70836 F8000
G1 X327.30696 Y102.83343 F8000
G1 X326.89156 Y103.12185 F8000
G1 X326.60314 Y103.53725 F8000
G1 X326.47445 Y104.12883 F8000
G1 X326.60314 Y103.53725 F8000
G1 X326.89156 Y103.12185 F8000
G1 X327.40089 Y102.79451 F8000
G1 X327.89857 Y102.70474 F8000
G1 X344.72936 Y102.70836 F8000
G1 X345.21934 Y102.83343 F8000
G1 X345.63476 Y103.12185 F8000
G1 X345.92316 Y103.53725 F8000
G1 X346.04823 Y104.02723 F8000
G1 X345.96208 Y104.62651 F8000
G1 X345.63476 Y105.13584 F8000
G1 X345.21934 Y105.42426 F8000
G1 X344.62776 Y105.55295 F8000
G1 X327.79697 Y105.54933 F8000
G1 X327.30696 Y105.42426 F8000
G1 X326.82229 Y105.06144 F8000
G1 X326.56425 Y104.62651 F8000
G1 X326.47591 Y104.08767 F8000
G1 X327.9409 Y105.55266 F8000
G0 Z0
G1 X328.29446 Y105.55266 F8000
G1 Z1 F8000
G1 X328.29446 Y105.55266 F8000
G1 X326.51939 Y103.77759 F8000
G0 Z0
G1 X326.61224 Y103.51689 F8000
G1 Z1 F8000
G1 X326.61224 Y103.51689 F8000
G1 X328.64801 Y105.55266 F8000
G0 Z0
G1 X329.00156 Y105.55266 F8000
G1 Z1 F8000
G1 X329.00156 Y105.55266 F8000
G1 X326.74391 Y103.29501 F8000
G0 Z0
G1 X326.90783 Y103.10537 F8000
G1 Z1 F8000
G1 X326.90783 Y103.10537 F8000
G1 X329.35512 Y105.55266 F8000
G0 Z0
G1 X329.70867 Y105.55266 F8000
G1 Z1 F8000
G1 X329.70867 Y105.55266 F8000
G1 X327.10396 Y102.94795 F8000
G0 Z0
G1 X327.33258 Y102.82302 F8000
G1 Z1 F8000
G1 X327.33258 Y102.82302 F8000
G1 X330.06222 Y105.55266 F8000
G0 Z0
G1 X330.41578 Y105.55266 F8000
G1 Z1 F8000
G1 X330.41578 Y105.55266 F8000
G1 X327.6 Y102.73688 F8000
G0 Z0
G1 X327.92241 Y102.70574 F8000
G1 Z1 F8000
G1 X327.92241 Y102.70574 F8000
G1 X330.76933 Y105.55266 F8000
G0 Z0
G1 X331.12288 Y105.55266 F8000
G1 Z1 F8000
G1 X331.12288 Y105.55266 F8000
G1 X328.27597 Y102.70574 F8000
G0 Z0
G1 X328.62952 Y102.70574 F8000
G1 Z1 F8000
G1 X328.62952 Y102.70574 F8000
G1 X331.47644 Y105.55266 F8000
G0 Z0
G1 X331.82999 Y105.55266 F8000
G1 Z1 F8000
G1 X331.82999 Y105.55266 F8000
G1 X328.98307 Y102.70574 F8000
G0 Z0
G1 X329.33663 Y102.70574 F8000
G1 Z1 F8000
G1 X329.33663 Y102.70574 F8000
G1 X332.18355 Y105.55266 F8000
G0 Z0
G1 X332.5371 Y105.55266 F8000
G1 Z1 F8000
G1 X332.5371 Y105.55266 F8000
G1 X329.69018 Y102.70574 F8000
G0 Z0
G1 X330.04373 Y102.70574 F8000
G1 Z1 F8000
G1 X330.04373 Y102.70574 F8000
G1 X332.89065 Y105.55266 F8000
G0 Z0
G1 X333.24421 Y105.55266 F8000
G1 Z1 F8000
G1 X333.24421 Y105.55266 F8000
G1 X330.39729 Y102.70574 F8000
G0 Z0
G1 X330.75084 Y102.70574 F8000
G1 Z1 F8000
G1 X330.75084 Y102.70574 F8000
G1 X333.59776 Y105.55266 F8000
G0 Z0
G1 X333.95131 Y105.55266 F8000
G1 Z1 F8000
G1 X333.95131 Y105.55266 F8000
G1 X331.1044 Y102.70574 F8000
G0 Z0
G1 X331.45795 Y102.70574 F8000
G1 Z1 F8000
G1 X331.45795 Y102.70574 F8000
G1 X334.30487 Y105.55266 F8000
G0 Z0
G1 X334.65842 Y105.55266 F8000
G1 Z1 F8000
G1 X334.65842 Y105.55266 F8000
G1 X331.8115 Y102.70574 F8000
G0 Z0
G1 X332.16506 Y102.70574 F8000
G1 Z1 F8000
G1 X332.16506 Y102.70574 F8000
G1 X335.01197 Y105.55266 F8000
G0 Z0
G1 X335.36553 Y105.55266 F8000
G1 Z1 F8000
G1 X335.36553 Y105.55266 F8000
G1 X332.51861 Y102.70574 F8000
G0 Z0
G1 X332.87216 Y102.70574 F8000
G1 Z1 F8000
G1 X332.87216 Y102.70574 F8000
G1 X335.71908 Y105.55266 F8000
G0 Z0
G1 X336.07264 Y105.55266 F8000
G1 Z1 F8000
G1 X336.07264 Y105.55266 F8000
G1 X333.22572 Y102.70574 F8000
G0 Z0
G1 X333.57927 Y102.70574 F8000
G1 Z1 F8000
G1 X333.57927 Y102.70574 F8000
G1 X336.42619 Y105.55266 F8000
G0 Z0
G1 X336.77974 Y105.55266 F8000
G1 Z1 F8000
G1 X336.77974 Y105.55266 F8000
G1 X333.93282 Y102.70574 F8000
G0 Z0
G1 X334.28638 Y102.70574 F8000
G1 Z1 F8000
G1 X334.28638 Y102.70574 F8000
G1 X337.1333 Y105.55266 F8000
G0 Z0
G1 X337.48685 Y105.55266 F8000
G1 Z1 F8000
G1 X337.48685 Y105.55266 F8000
G1 X334.63993 Y102.70574 F8000
G0 Z0
G1 X334.99348 Y102.70574 F8000
G1 Z1 F8000
G1 X334.99348 Y102.70574 F8000
G1 X337.8404 Y105.55266 F8000
G0 Z0
G1 X338.19396 Y105.55266 F8000
G1 Z1 F8000
G1 X338.19396 Y105.55266 F8000
G1 X335.34704 Y102.70574 F8000
G0 Z0
G1 X335.70059 Y102.70574 F8000
G1 Z1 F8000
G1 X335.70059 Y102.70574 F8000
G1 X338.54751 Y105.55266 F8000
G0 Z0
G1 X338.90106 Y105.55266 F8000
G1 Z1 F8000
G1 X338.90106 Y105.55266 F8000
G1 X336.05415 Y102.70574 F8000
G0 Z0
G1 X336.4077 Y102.70574 F8000
G1 Z1 F8000
G1 X336.4077 Y102.70574 F8000
G1 X339.25462 Y105.55266 F8000
G0 Z0
G1 X339.60817 Y105.55266 F8000
G1 Z1 F8000
G1 X339.60817 Y105.55266 F8000
G1 X336.76125 Y102.70574 F8000
G0 Z0
G1 X337.11481 Y102.70574 F8000
G1 Z1 F8000
G1 X337.11481 Y102.70574 F8000
G1 X339.96172 Y105.55266 F8000
G0 Z0
G1 X340.31528 Y105.55266 F8000
G1 Z1 F8000
G1 X340.31528 Y105.55266 F8000
G1 X337.46836 Y102.70574 F8000
G0 Z0
G1 X337.82191 Y102.70574 F8000
G1 Z1 F8000
G1 X337.82191 Y102.70574 F8000
G1 X340.66883 Y105.55266 F8000
G0 Z0
G1 X341.02239 Y105.55266 F8000
G1 Z1 F8000
G1 X341.02239 Y105.55266 F8000
G1 X338.17547 Y102.70574 F8000
G0 Z0
G1 X338.52902 Y102.70574 F8000
G1 Z1 F8000
G1 X338.52902 Y102.70574 F8000
G1 X341.37594 Y105.55266 F8000
G0 Z0
G1 X341.72949 Y105.55266 F8000
G1 Z1 F8000
G1 X341.72949 Y105.55266 F8000
G1 X338.88257 Y102.70574 F8000
G0 Z0
G1 X339.23613 Y102.70574 F8000
G1 Z1 F8000
G1 X339.23613 Y102.70574 F8000
G1 X342.08305 Y105.55266 F8000
G0 Z0
G1 X342.4366 Y105.55266 F8000
G1 Z1 F8000
G1 X342.4366 Y105.55266 F8000
G1 X339.58968 Y102.70574 F8000
G0 Z0
G1 X339.94323 Y102.70574 F8000
G1 Z1 F8000
G1 X339.94323 Y102.70574 F8000
G1 X342.79015 Y105.55266 F8000
G0 Z0
G1 X343.14371 Y105.55266 F8000
G1 Z1 F8000
G1 X343.14371 Y105.55266 F8000
G1 X340.29679 Y102.70574 F8000
G0 Z0
G1 X340.65034 Y102.70574 F8000
G1 Z1 F8000
G1 X340.65034 Y102.70574 F8000
G1 X343.49726 Y105.55266 F8000
G0 Z0
G1 X343.85081 Y105.55266 F8000
G1 Z1 F8000
G1 X343.85081 Y105.55266 F8000
G1 X341.0039 Y102.70574 F8000
G0 Z0
G1 X341.35745 Y102.70574 F8000
G1 Z1 F8000
G1 X341.35745 Y102.70574 F8000
G1 X344.20437 Y105.55266 F8000
G0 Z0
G1 X344.20542 Y97.21299 F8000
G1 Z1 F8000
G1 X344.20542 Y97.21299 F8000
G1 X341.35586 Y94.36343 F8000
G0 Z0
G1 X341.0023 Y94.36343 F8000
G1 Z1 F8000
G1 X341.0023 Y94.36343 F8000
G1 X343.85187 Y97.21299 F8000
G0 Z0
G1 X343.49831 Y97.21299 F8000
G1 Z1 F8000
G1 X343.49831 Y97.21299 F8000
G1 X340.64875 Y94.36343 F8000
G0 Z0
G1 X340.2952 Y94.36343 F8000
G1 Z1 F8000
G1 X340.2952 Y94.36343 F8000
G1 X343.14476 Y97.21299 F8000
G0 Z0
G1 X342.79121 Y97.21299 F8000
G1 Z1 F8000
G1 X342.79121 Y97.21299 F8000
G1 X339.94164 Y94.36343 F8000
G0 Z0
G1 X339.58809 Y94.36343 F8000
G1 Z1 F8000
G1 X339.58809 Y94.36343 F8000
G1 X342.43765 Y97.21299 F8000
G0 Z0
G1 X342.0841 Y97.21299 F8000
G1 Z1 F8000
G1 X342.0841 Y97.21299 F8000
G1 X339.23454 Y94.36343 F8000
G0 Z0
G1 X338.88098 Y94.36343 F8000
G1 Z1 F8000
G1 X338.88098 Y94.36343 F8000
G1 X341.73055 Y97.21299 F8000
G0 Z0
G1 X341.37699 Y97.21299 F8000
G1 Z1 F8000
G1 X341.37699 Y97.21299 F8000
G1 X338.52743 Y94.36343 F8000
G0 Z0
G1 X338.17387 Y94.36343 F8000
G1 Z1 F8000
G1 X338.17387 Y94.36343 F8000
G1 X341.02344 Y97.21299 F8000
G0 Z0
G1 X340.66989 Y97.21299 F8000
G1 Z1 F8000
G1 X340.66989 Y97.21299 F8000
G1 X337.82032 Y94.36343 F8000
G0 Z0
G1 X337.46677 Y94.36343 F8000
G1 Z1 F8000
G1 X337.46677 Y94.36343 F8000
G1 X340.31633 Y97.21299 F8000
G0 Z0
G1 X339.96278 Y97.21299 F8000
G1 Z1 F8000
G1 X339.96278 Y97.21299 F8000
G1 X337.11321 Y94.36343 F8000
G0 Z0
G1 X336.75966 Y94.36343 F8000
G1 Z1 F8000
G1 X336.75966 Y94.36343 F8000
G1 X339.60922 Y97.21299 F8000
G0 Z0
G1 X339.25567 Y97.21299 F8000
G1 Z1 F8000
G1 X339.25567 Y97.21299 F8000
G1 X336.40611 Y94.36343 F8000
G0 Z0
G1 X336.05255 Y94.36343 F8000
G1 Z1 F8000
G1 X336.05255 Y94.36343 F8000
G1 X338.90212 Y97.21299 F8000
G0 Z0
G1 X338.54856 Y97.21299 F8000
G1 Z1 F8000
G1 X338.54856 Y97.21299 F8000
G1 X335.699 Y94.36343 F8000
G0 Z0
G1 X335.34545 Y94.36343 F8000
G1 Z1 F8000
G1 X335.34545 Y94.36343 F8000
G1 X338.19501 Y97.21299 F8000
G0 Z0
G1 X337.84146 Y97.21299 F8000
G1 Z1 F8000
G1 X337.84146 Y97.21299 F8000
G1 X334.99189 Y94.36343 F8000
G0 Z0
G1 X334.63834 Y94.36343 F8000
G1 Z1 F8000
G1 X334.63834 Y94.36343 F8000
G1 X337.4879 Y97.21299 F8000
G0 Z0
G1 X337.13435 Y97.21299 F8000
G1 Z1 F8000
G1 X337.13435 Y97.21299 F8000
G1 X334.28479 Y94.36343 F8000
G0 Z0
G1 X333.93123 Y94.36343 F8000
G1 Z1 F8000
G1 X333.93123 Y94.36343 F8000
G1 X336.7808 Y97.21299 F8000
G0 Z0
G1 X336.42724 Y97.21299 F8000
G1 Z1 F8000
G1 X336.42724 Y97.21299 F8000
G1 X333.57768 Y94.36343 F8000
G0 Z0
G1 X333.22412 Y94.36343 F8000
G1 Z1 F8000
G1 X333.22412 Y94.36343 F8000
G1 X336.07369 Y97.21299 F8000
G0 Z0
G1 X335.72013 Y97.21299 F8000
G1 Z1 F8000
G1 X335.72013 Y97.21299 F8000
G1 X332.87057 Y94.36343 F8000
G0 Z0
G1 X332.51702 Y94.36343 F8000
G1 Z1 F8000
G1 X332.51702 Y94.36343 F8000
G1 X335.36658 Y97.21299 F8000
G0 Z0
G1 X335.01303 Y97.21299 F8000
G1 Z1 F8000
G1 X335.01303 Y97.21299 F8000
G1 X332.16346 Y94.36343 F8000
G0 Z0
G1 X331.80991 Y94.36343 F8000
G1 Z1 F8000
G1 X331.80991 Y94.36343 F8000
G1 X334.65947 Y97.21299 F8000
G0 Z0
G1 X334.30592 Y97.21299 F8000
G1 Z1 F8000
G1 X334.30592 Y97.21299 F8000
G1 X331.45636 Y94.36343 F8000
G0 Z0
G1 X331.1028 Y94.36343 F8000
G1 Z1 F8000
G1 X331.1028 Y94.36343 F8000
G1 X333.95237 Y97.21299 F8000
G0 Z0
G1 X333.59881 Y97.21299 F8000
G1 Z1 F8000
G1 X333.59881 Y97.21299 F8000
G1 X330.74925 Y94.36343 F8000
G0 Z0
G1 X330.3957 Y94.36343 F8000
G1 Z1 F8000
G1 X330.3957 Y94.36343 F8000
G1 X333.24526 Y97.21299 F8000
G0 Z0
G1 X332.89171 Y97.21299 F8000
G1 Z1 F8000
G1 X332.89171 Y97.21299 F8000
G1 X330.04214 Y94.36343 F8000
G0 Z0
G1 X329.68859 Y94.36343 F8000
G1 Z1 F8000
G1 X329.68859 Y94.36343 F8000
G1 X332.53815 Y97.21299 F8000
G0 Z0
G1 X332.1846 Y97.21299 F8000
G1 Z1 F8000
G1 X332.1846 Y97.21299 F8000
G1 X329.33504 Y94.36343 F8000
G0 Z0
G1 X328.98148 Y94.36343 F8000
G1 Z1 F8000
G1 X328.98148 Y94.36343 F8000
G1 X331.83105 Y97.21299 F8000
G0 Z0
G1 X331.47749 Y97.21299 F8000
G1 Z1 F8000
G1 X331.47749 Y97.21299 F8000
G1 X328.62793 Y94.36343 F8000
G0 Z0
G1 X328.27437 Y94.36343 F8000
G1 Z1 F8000
G1 X328.27437 Y94.36343 F8000
G1 X331.12394 Y97.21299 F8000
G0 Z0
G1 X330.77038 Y97.21299 F8000
G1 Z1 F8000
G1 X330.77038 Y97.21299 F8000
G1 X327.92082 Y94.36343 F8000
G0 Z0
G1 X327.60089 Y94.39705 F8000
G1 Z1 F8000
G1 X327.60089 Y94.39705 F8000
G1 X330.41683 Y97.21299 F8000
G0 Z0
G1 X330.06328 Y97.21299 F8000
G1 Z1 F8000
G1 X330.06328 Y97.21299 F8000
G1 X327.33284 Y94.48255 F8000
G0 Z0
G1 X327.10458 Y94.60785 F8000
G1 Z1 F8000
G1 X327.10458 Y94.60785 F8000
G1 X329.70972 Y97.21299 F8000
G0 Z0
G1 X329.35617 Y97.21299 F8000
G1 Z1 F8000
G1 X329.35617 Y97.21299 F8000
G1 X326.90838 Y94.7652 F8000
G0 Z0
G1 X326.74434 Y94.95472 F8000
G1 Z1 F8000
G1 X326.74434 Y94.95472 F8000
G1 X329.00262 Y97.21299 F8000
G0 Z0
G1 X328.64906 Y97.21299 F8000
G1 Z1 F8000
G1 X328.64906 Y97.21299 F8000
G1 X326.61261 Y95.17653 F8000
G0 Z0
G1 X326.51961 Y95.43709 F8000
G1 Z1 F8000
G1 X326.51961 Y95.43709 F8000
G1 X328.29551 Y97.21299 F8000
G0 Z0
G1 X327.94196 Y97.21299 F8000
G1 Z1 F8000
G1 X327.94196 Y97.21299 F8000
G1 X326.47445 Y95.78847 F8000
G1 X326.60314 Y95.19689 F8000
G1 X326.89156 Y94.78147 F8000
G1 X327.30696 Y94.49307 F8000
G1 X327.79697 Y94.368 F8000
G1 X344.72936 Y94.368 F8000
G1 X345.21934 Y94.49307 F8000
G1 X345.63476 Y94.78147 F8000
G1 X345.92316 Y95.19689 F8000
G1 X346.04823 Y95.68687 F8000
G1 X345.96208 Y96.28615 F8000
G1 X345.63476 Y96.79548 F8000
G1 X345.21934 Y97.0839 F8000
G1 X344.62776 Y97.21259 F8000
G1 X327.79697 Y97.20897 F8000
G1 X327.30696 Y97.0839 F8000
G1 X326.89156 Y96.79548 F8000
G1 X326.60314 Y96.38008 F8000
G1 X326.47445 Y95.78847 F8000
G0 Z0
G1 X326.52142 Y96.146 F8000
G1 Z1 F8000
G1 X326.52142 Y96.146 F8000
G1 X327.54236 Y97.16695 F8000
G0 Z0
G1 X329.74594 Y98.9456 F8000
G1 Z1 F8000
G1 X329.74594 Y98.9456 F8000
G1 X332.18317 Y101.38283 F8000
G0 Z0
G1 X332.53672 Y101.38283 F8000
G1 Z1 F8000
G1 X332.53672 Y101.38283 F8000
G1 X329.93985 Y98.78595 F8000
G0 Z0
G1 X330.16581 Y98.65836 F8000
G1 Z1 F8000
G1 X330.16581 Y98.65836 F8000
G1 X332.89027 Y101.38283 F8000
G0 Z0
G1 X333.24383 Y101.38283 F8000
G1 Z1 F8000
G1 X333.24383 Y101.38283 F8000
G1 X330.43158 Y98.57058 F8000
G0 Z0
G1 X330.74782 Y98.53326 F8000
G1 Z1 F8000
G1 X330.74782 Y98.53326 F8000
G1 X333.59738 Y101.38283 F8000
G0 Z0
G1 X333.95093 Y101.38283 F8000
G1 Z1 F8000
G1 X333.95093 Y101.38283 F8000
G1 X331.10137 Y98.53326 F8000
G0 Z0
G1 X331.45492 Y98.53326 F8000
G1 Z1 F8000
G1 X331.45492 Y98.53326 F8000
G1 X334.30284 Y101.38118 F8000
G0 Z0
G1 X334.60873 Y101.33351 F8000
G1 Z1 F8000
G1 X334.60873 Y101.33351 F8000
G1 X331.80848 Y98.53326 F8000
G0 Z0
G1 X332.16203 Y98.53326 F8000
G1 Z1 F8000
G1 X332.16203 Y98.53326 F8000
G1 X334.86564 Y101.23687 F8000
G0 Z0
G1 X335.08731 Y101.10499 F8000
G1 Z1 F8000
G1 X335.08731 Y101.10499 F8000
G1 X332.51558 Y98.53326 F8000
G0 Z0
G1 X332.86914 Y98.53326 F8000
G1 Z1 F8000
G1 X332.86914 Y98.53326 F8000
G1 X335.27358 Y100.9377 F8000
G0 Z0
G1 X335.43055 Y100.74112 F8000
G1 Z1 F8000
G1 X335.43055 Y100.74112 F8000
G1 X333.22269 Y98.53326 F8000
G0 Z0
G1 X333.57625 Y98.53326 F8000
G1 Z1 F8000
G1 X333.57625 Y98.53326 F8000
G1 X335.5527 Y100.50971 F8000
G0 Z0
G1 X335.63604 Y100.2395 F8000
G1 Z1 F8000
G1 X335.63604 Y100.2395 F8000
G1 X333.9298 Y98.53326 F8000
G0 Z0
G1 X334.28574 Y98.53565 F8000
G1 Z1 F8000
G1 X334.28574 Y98.53565 F8000
G1 X335.66263 Y99.91254 F8000
G0 Z0
G1 X335.57801 Y99.47436 F8000
G1 Z1 F8000
G1 X335.57801 Y99.47436 F8000
G1 X334.7214 Y98.61776 F8000
G0 Z0
G1 X331.82961 Y101.38283 F8000
G1 Z1 F8000
G1 X331.82961 Y101.38283 F8000
G1 X329.58314 Y99.13636 F8000
G0 Z0
G1 X329.45425 Y99.36102 F8000
G1 Z1 F8000
G1 X329.45425 Y99.36102 F8000
G1 X331.47606 Y101.38283 F8000
G0 Z0
G1 X331.12251 Y101.38283 F8000
G1 Z1 F8000
G1 X331.12251 Y101.38283 F8000
G1 X329.36229 Y99.62261 F8000
G0 Z0
G1 X329.32189 Y99.95865 F8000
G1 Z1 F8000
G1 X329.32189 Y99.95865 F8000
G1 X329.37957 Y100.35987 F8000
G1 X329.60595 Y100.81209 F8000
G1 X329.89257 Y101.09872 F8000
G1 X330.34477 Y101.32507 F8000
G1 X330.74601 Y101.38277 F8000
G1 X334.34207 Y101.37915 F8000
G1 X334.92297 Y101.20857 F8000
G1 X335.43851 Y100.72859 F8000
G1 X335.66094 Y100.06025 F8000
G1 X335.57479 Y99.46097 F8000
G1 X335.38054 Y99.10521 F8000
G1 X335.09391 Y98.81859 F8000
G1 X334.44314 Y98.54903 F8000
G1 X330.74601 Y98.53456 F8000
G1 X330.24833 Y98.62433 F8000
G1 X329.81341 Y98.88238 F8000
G1 X329.54795 Y99.18871 F8000
G1 X329.37957 Y99.55744 F8000
G1 X329.32189 Y99.95865 F8000
G1 X330.76895 Y101.38283 F8000
G0 Z0
G1 X330.36145 Y101.32887 F8000
G1 Z1 F8000
G1 X330.36145 Y101.32887 F8000
G1 X329.37571 Y100.34314 F8000
G0 Z0
G1 X326.52126 Y104.48658 F8000
G1 Z1 F8000
G1 X326.52126 Y104.48658 F8000
G1 X327.54093 Y105.50624 F8000
G0 Z0
G1 X329.74565 Y107.28554 F8000
G1 Z1 F8000
G1 X329.74565 Y107.28554 F8000
G1 X332.18261 Y109.7225 F8000
G0 Z0
G1 X332.53616 Y109.7225 F8000
G1 Z1 F8000
G1 X332.53616 Y109.7225 F8000
G1 X329.93952 Y107.12585 F8000
G0 Z0
G1 X330.16563 Y106.99841 F8000
G1 Z1 F8000
G1 X330.16563 Y106.99841 F8000
G1 X332.88972 Y109.7225 F8000
G0 Z0
G1 X333.24327 Y109.7225 F8000
G1 Z1 F8000
G1 X333.24327 Y109.7225 F8000
G1 X330.4314 Y106.91062 F8000
G0 Z0
G1 X330.74991 Y106.87558 F8000
G1 Z1 F8000
G1 X330.74991 Y106.87558 F8000
G1 X333.59682 Y109.7225 F8000
G0 Z0
G1 X333.95038 Y109.7225 F8000
G1 Z1 F8000
G1 X333.95038 Y109.7225 F8000
G1 X331.10346 Y106.87558 F8000
G0 Z0
G1 X331.45701 Y106.87558 F8000
G1 Z1 F8000
G1 X331.45701 Y106.87558 F8000
G1 X334.3023 Y109.72087 F8000
G0 Z0
G1 X334.60829 Y109.6733 F8000
G1 Z1 F8000
G1 X334.60829 Y109.6733 F8000
G1 X331.81057 Y106.87558 F8000
G0 Z0
G1 X332.16412 Y106.87558 F8000
G1 Z1 F8000
G1 X332.16412 Y106.87558 F8000
G1 X334.86638 Y109.57784 F8000
G0 Z0
G1 X335.08698 Y109.44489 F8000
G1 Z1 F8000
G1 X335.08698 Y109.44489 F8000
G1 X332.51767 Y106.87558 F8000
G0 Z0
G1 X332.87123 Y106.87558 F8000
G1 Z1 F8000
G1 X332.87123 Y106.87558 F8000
G1 X335.27411 Y109.27846 F8000
G0 Z0
G1 X335.43048 Y109.08127 F8000
G1 Z1 F8000
G1 X335.43048 Y109.08127 F8000
G1 X333.22478 Y106.87558 F8000
G0 Z0
G1 X333.57833 Y106.87558 F8000
G1 Z1 F8000
G1 X333.57833 Y106.87558 F8000
G1 X335.55296 Y108.85021 F8000
G0 Z0
G1 X335.63604 Y108.57973 F8000
G1 Z1 F8000
G1 X335.63604 Y108.57973 F8000
G1 X333.93189 Y106.87558 F8000
G0 Z0
G1 X334.28666 Y106.8768 F8000
G1 Z1 F8000
G1 X334.28666 Y106.8768 F8000
G1 X335.66261 Y108.25275 F8000
G0 Z0
G1 X335.57828 Y107.81487 F8000
G1 Z1 F8000
G1 X335.57828 Y107.81487 F8000
G1 X334.72454 Y106.96112 F8000
G0 Z0
G1 X331.82906 Y109.7225 F8000
G1 Z1 F8000
G1 X331.82906 Y109.7225 F8000
G1 X329.58292 Y107.47636 F8000
G0 Z0
G1 X329.45406 Y107.70106 F8000
G1 Z1 F8000
G1 X329.45406 Y107.70106 F8000
G1 X331.4755 Y109.7225 F8000
G0 Z0
G1 X331.12195 Y109.7225 F8000
G1 Z1 F8000
G1 X331.12195 Y109.7225 F8000
G1 X329.36254 Y107.96309 F8000
G0 Z0
G1 X329.32189 Y108.29904 F8000
G1 Z1 F8000
G1 X329.32189 Y108.29904 F8000
G1 X329.37957 Y108.70025 F8000
G1 X329.60595 Y109.15248 F8000
G1 X329.89257 Y109.4391 F8000
G1 X330.34477 Y109.66545 F8000
G1 X330.74601 Y109.72313 F8000
G1 X334.34207 Y109.71951 F8000
G1 X335.01041 Y109.49707 F8000
G1 X335.43851 Y109.06898 F8000
G1 X335.66094 Y108.40064 F8000
G1 X335.57479 Y107.80136 F8000
G1 X335.38054 Y107.4456 F8000
G1 X335.09391 Y107.15897 F8000
G1 X334.44314 Y106.88942 F8000
G1 X330.74601 Y106.87492 F8000
G1 X330.24833 Y106.96472 F8000
G1 X329.81341 Y107.22276 F8000
G1 X329.54795 Y107.5291 F8000
G1 X329.37957 Y107.89782 F8000
G1 X329.32189 Y108.29904 F8000
G1 X330.7684 Y109.7225 F8000
G0 Z0
G1 X330.36068 Y109.66834 F8000
G1 Z1 F8000
G1 X330.36068 Y109.66834 F8000
G1 X329.37512 Y108.68277 F8000
G0 Z0
G1 X330.42975 Y115.25074 F8000
G1 Z1 F8000
G1 X330.42975 Y115.25074 F8000
G1 X333.24383 Y118.06481 F8000
G0 Z0
G1 X333.59738 Y118.06481 F8000
G1 Z1 F8000
G1 X333.59738 Y118.06481 F8000
G1 X330.74782 Y115.21525 F8000
G0 Z0
G1 X331.10137 Y115.21525 F8000
G1 Z1 F8000
G1 X331.10137 Y115.21525 F8000
G1 X333.95093 Y118.06481 F8000
G0 Z0
G1 X334.30128 Y118.06161 F8000
G1 Z1 F8000
G1 X334.30128 Y118.06161 F8000
G1 X331.45492 Y115.21525 F8000
G0 Z0
G1 X331.80848 Y115.21525 F8000
G1 Z1 F8000
G1 X331.80848 Y115.21525 F8000
G1 X334.60801 Y118.01478 F8000
G0 Z0
G1 X334.86564 Y117.91886 F8000
G1 Z1 F8000
G1 X334.86564 Y117.91886 F8000
G1 X332.16203 Y115.21525 F8000
G0 Z0
G1 X332.51558 Y115.21525 F8000
G1 Z1 F8000
G1 X332.51558 Y115.21525 F8000
G1 X335.08574 Y117.78541 F8000
G0 Z0
G1 X335.27358 Y117.61969 F8000
G1 Z1 F8000
G1 X335.27358 Y117.61969 F8000
G1 X332.86914 Y115.21525 F8000
G0 Z0
G1 X333.22269 Y115.21525 F8000
G1 Z1 F8000
G1 X333.22269 Y115.21525 F8000
G1 X335.42963 Y117.42218 F8000
G0 Z0
G1 X335.55238 Y117.19138 F8000
G1 Z1 F8000
G1 X335.55238 Y117.19138 F8000
G1 X333.57625 Y115.21525 F8000
G0 Z0
G1 X333.9298 Y115.21525 F8000
G1 Z1 F8000
G1 X333.9298 Y115.21525 F8000
G1 X335.63604 Y116.92149 F8000
G0 Z0
G1 X335.66267 Y116.59456 F8000
G1 Z1 F8000
G1 X335.66267 Y116.59456 F8000
G1 X334.28451 Y115.21641 F8000
G0 Z0
G1 X334.7214 Y115.29975 F8000
G1 Z1 F8000
G1 X334.7214 Y115.29975 F8000
G1 X335.57911 Y116.15745 F8000
G0 Z0
G1 X335.699 Y119.38509 F8000
G1 Z1 F8000
G1 X335.699 Y119.38509 F8000
G1 X338.54856 Y122.23465 F8000
G0 Z0
G1 X338.90212 Y122.23465 F8000
G1 Z1 F8000
G1 X338.90212 Y122.23465 F8000
G1 X336.05255 Y119.38509 F8000
G0 Z0
G1 X336.40611 Y119.38509 F8000
G1 Z1 F8000
G1 X336.40611 Y119.38509 F8000
G1 X339.25567 Y122.23465 F8000
G0 Z0
G1 X339.60922 Y122.23465 F8000
G1 Z1 F8000
G1 X339.60922 Y122.23465 F8000
G1 X336.75966 Y119.38509 F8000
G0 Z0
G1 X337.11321 Y119.38509 F8000
G1 Z1 F8000
G1 X337.11321 Y119.38509 F8000
G1 X339.96278 Y122.23465 F8000
G0 Z0
G1 X340.31633 Y122.23465 F8000
G1 Z1 F8000
G1 X340.31633 Y122.23465 F8000
G1 X337.46677 Y119.38509 F8000
G0 Z0
G1 X337.82032 Y119.38509 F8000
G1 Z1 F8000
G1 X337.82032 Y119.38509 F8000
G1 X340.66989 Y122.23465 F8000
G0 Z0
G1 X341.02344 Y122.23465 F8000
G1 Z1 F8000
G1 X341.02344 Y122.23465 F8000
G1 X338.17387 Y119.38509 F8000
G0 Z0
G1 X338.52743 Y119.38509 F8000
G1 Z1 F8000
G1 X338.52743 Y119.38509 F8000
G1 X341.37699 Y122.23465 F8000
G0 Z0
G1 X341.73055 Y122.23465 F8000
G1 Z1 F8000
G1 X341.73055 Y122.23465 F8000
G1 X338.88098 Y119.38509 F8000
G0 Z0
G1 X339.23454 Y119.38509 F8000
G1 Z1 F8000
G1 X339.23454 Y119.38509 F8000
G1 X342.0841 Y122.23465 F8000
G0 Z0
G1 X342.43765 Y122.23465 F8000
G1 Z1 F8000
G1 X342.43765 Y122.23465 F8000
G1 X339.58809 Y119.38509 F8000
G0 Z0
G1 X339.94164 Y119.38509 F8000
G1 Z1 F8000
G1 X339.94164 Y119.38509 F8000
G1 X342.79121 Y122.23465 F8000
G0 Z0
G1 X343.14476 Y122.23465 F8000
G1 Z1 F8000
G1 X343.14476 Y122.23465 F8000
G1 X340.2952 Y119.38509 F8000
G0 Z0
G1 X340.64875 Y119.38509 F8000
G1 Z1 F8000
G1 X340.64875 Y119.38509 F8000
G1 X343.49831 Y122.23465 F8000
G0 Z0
G1 X343.85187 Y122.23465 F8000
G1 Z1 F8000
G1 X343.85187 Y122.23465 F8000
G1 X341.0023 Y119.38509 F8000
G0 Z0
G1 X341.35586 Y119.38509 F8000
G1 Z1 F8000
G1 X341.35586 Y119.38509 F8000
G1 X344.20542 Y122.23465 F8000
G0 Z0
G1 X344.55897 Y122.23465 F8000
G1 Z1 F8000
G1 X344.55897 Y122.23465 F8000
G1 X341.70941 Y119.38509 F8000
G0 Z0
G1 X342.06296 Y119.38509 F8000
G1 Z1 F8000
G1 X342.06296 Y119.38509 F8000
G1 X344.88631 Y122.20843 F8000
G0 Z0
G1 X345.16118 Y122.12975 F8000
G1 Z1 F8000
G1 X345.16118 Y122.12975 F8000
G1 X342.41652 Y119.38509 F8000
G0 Z0
G1 X342.77007 Y119.38509 F8000
G1 Z1 F8000
G1 X342.77007 Y119.38509 F8000
G1 X345.39427 Y122.00928 F8000
G0 Z0
G1 X345.59336 Y121.85482 F8000
G1 Z1 F8000
G1 X345.59336 Y121.85482 F8000
G1 X343.12362 Y119.38509 F8000
G0 Z0
G1 X343.47718 Y119.38509 F8000
G1 Z1 F8000
G1 X343.47718 Y119.38509 F8000
G1 X345.76248 Y121.67039 F8000
G0 Z0
G1 X345.89754 Y121.4519 F8000
G1 Z1 F8000
G1 X345.89754 Y121.4519 F8000
G1 X343.83073 Y119.38509 F8000
G0 Z0
G1 X344.18429 Y119.38509 F8000
G1 Z1 F8000
G1 X344.18429 Y119.38509 F8000
G1 X345.99673 Y121.19753 F8000
G0 Z0
G1 X346.04912 Y120.89637 F8000
G1 Z1 F8000
G1 X346.04912 Y120.89637 F8000
G1 X344.53784 Y119.38509 F8000
G0 Z0
G1 X344.9219 Y119.4156 F8000
G1 Z1 F8000
G1 X344.9219 Y119.4156 F8000
G1 X346.02107 Y120.51476 F8000
G0 Z0
G1 X344.92491 Y127.75828 F8000
G1 Z1 F8000
G1 X344.92491 Y127.75828 F8000
G1 X346.02107 Y128.85443 F8000
G0 Z0
G1 X346.04913 Y129.23605 F8000
G1 Z1 F8000
G1 X346.04913 Y129.23605 F8000
G1 X344.53784 Y127.72476 F8000
G0 Z0
G1 X344.18429 Y127.72476 F8000
G1 Z1 F8000
G1 X344.18429 Y127.72476 F8000
G1 X345.99673 Y129.5372 F8000
G0 Z0
G1 X345.89805 Y129.79207 F8000
G1 Z1 F8000
G1 X345.89805 Y129.79207 F8000
G1 X343.83073 Y127.72476 F8000
G0 Z0
G1 X343.47718 Y127.72476 F8000
G1 Z1 F8000
G1 X343.47718 Y127.72476 F8000
G1 X345.76248 Y130.01006 F8000
G0 Z0
G1 X345.59336 Y130.19449 F8000
G1 Z1 F8000
G1 X345.59336 Y130.19449 F8000
G1 X343.12362 Y127.72476 F8000
G0 Z0
G1 X342.77007 Y127.72476 F8000
G1 Z1 F8000
G1 X342.77007 Y127.72476 F8000
G1 X345.39427 Y130.34895 F8000
G0 Z0
G1 X345.16118 Y130.46942 F8000
G1 Z1 F8000
G1 X345.16118 Y130.46942 F8000
G1 X342.41652 Y127.72476 F8000
G0 Z0
G1 X342.06296 Y127.72476 F8000
G1 Z1 F8000
G1 X342.06296 Y127.72476 F8000
G1 X344.88758 Y130.54937 F8000
G0 Z0
G1 X344.55897 Y130.57432 F8000
G1 Z1 F8000
G1 X344.55897 Y130.57432 F8000
G1 X341.70941 Y127.72476 F8000
G0 Z0
G1 X341.35586 Y127.72476 F8000
G1 Z1 F8000
G1 X341.35586 Y127.72476 F8000
G1 X344.20542 Y130.57432 F8000
G0 Z0
G1 X343.85187 Y130.57432 F8000
G1 Z1 F8000
G1 X343.85187 Y130.57432 F8000
G1 X341.0023 Y127.72476 F8000
G0 Z0
G1 X340.64875 Y127.72476 F8000
G1 Z1 F8000
G1 X340.64875 Y127.72476 F8000
G1 X343.49831 Y130.57432 F8000
G0 Z0
G1 X343.14476 Y130.57432 F8000
G1 Z1 F8000
G1 X343.14476 Y130.57432 F8000
G1 X340.2952 Y127.72476 F8000
G0 Z0
G1 X339.94164 Y127.72476 F8000
G1 Z1 F8000
G1 X339.94164 Y127.72476 F8000
G1 X342.79121 Y130.57432 F8000
G0 Z0
G1 X342.43765 Y130.57432 F8000
G1 Z1 F8000
G1 X342.43765 Y130.57432 F8000
G1 X339.58809 Y127.72476 F8000
G0 Z0
G1 X339.23454 Y127.72476 F8000
G1 Z1 F8000
G1 X339.23454 Y127.72476 F8000
G1 X342.0841 Y130.57432 F8000
G0 Z0
G1 X341.73055 Y130.57432 F8000
G1 Z1 F8000
G1 X341.73055 Y130.57432 F8000
G1 X338.88098 Y127.72476 F8000
G0 Z0
G1 X338.52743 Y127.72476 F8000
G1 Z1 F8000
G1 X338.52743 Y127.72476 F8000
G1 X341.37699 Y130.57432 F8000
G0 Z0
G1 X341.02344 Y130.57432 F8000
G1 Z1 F8000
G1 X341.02344 Y130.57432 F8000
G1 X338.17387 Y127.72476 F8000
G0 Z0
G1 X337.82032 Y127.72476 F8000
G1 Z1 F8000
G1 X337.82032 Y127.72476 F8000
G1 X340.66989 Y130.57432 F8000
G0 Z0
G1 X340.31633 Y130.57432 F8000
G1 Z1 F8000
G1 X340.31633 Y130.57432 F8000
G1 X337.46677 Y127.72476 F8000
G0 Z0
G1 X337.11321 Y127.72476 F8000
G1 Z1 F8000
G1 X337.11321 Y127.72476 F8000
G1 X339.96278 Y130.57432 F8000
G0 Z0
G1 X339.60922 Y130.57432 F8000
G1 Z1 F8000
G1 X339.60922 Y130.57432 F8000
G1 X336.75966 Y127.72476 F8000
G0 Z0
G1 X336.40611 Y127.72476 F8000
G1 Z1 F8000
G1 X336.40611 Y127.72476 F8000
G1 X339.25567 Y130.57432 F8000
G0 Z0
G1 X338.90212 Y130.57432 F8000
G1 Z1 F8000
G1 X338.90212 Y130.57432 F8000
G1 X336.05255 Y127.72476 F8000
G0 Z0
G1 X335.699 Y127.72476 F8000
G1 Z1 F8000
G1 X335.699 Y127.72476 F8000
G1 X338.54856 Y130.57432 F8000
G0 Z0
G1 X338.19501 Y130.57432 F8000
G1 Z1 F8000
G1 X338.19501 Y130.57432 F8000
G1 X335.34545 Y127.72476 F8000
G0 Z0
G1 X334.99189 Y127.72476 F8000
G1 Z1 F8000
G1 X334.99189 Y127.72476 F8000
G1 X337.84146 Y130.57432 F8000
G0 Z0
G1 X337.4879 Y130.57432 F8000
G1 Z1 F8000
G1 X337.4879 Y130.57432 F8000
G1 X334.63834 Y127.72476 F8000
G0 Z0
G1 X334.28479 Y127.72476 F8000
G1 Z1 F8000
G1 X334.28479 Y127.72476 F8000
G1 X337.13435 Y130.57432 F8000
G0 Z0
G1 X336.7808 Y130.57432 F8000
G1 Z1 F8000
G1 X336.7808 Y130.57432 F8000
G1 X333.93123 Y127.72476 F8000
G0 Z0
G1 X333.57768 Y127.72476 F8000
G1 Z1 F8000
G1 X333.57768 Y127.72476 F8000
G1 X336.42724 Y130.57432 F8000
G0 Z0
G1 X336.07369 Y130.57432 F8000
G1 Z1 F8000
G1 X336.07369 Y130.57432 F8000
G1 X333.22412 Y127.72476 F8000
G0 Z0
G1 X332.87057 Y127.72476 F8000
G1 Z1 F8000
G1 X332.87057 Y127.72476 F8000
G1 X335.72013 Y130.57432 F8000
G0 Z0
G1 X335.36658 Y130.57432 F8000
G1 Z1 F8000
G1 X335.36658 Y130.57432 F8000
G1 X332.51702 Y127.72476 F8000
G0 Z0
G1 X332.16346 Y127.72476 F8000
G1 Z1 F8000
G1 X332.16346 Y127.72476 F8000
G1 X335.01303 Y130.57432 F8000
G0 Z0
G1 X334.65947 Y130.57432 F8000
G1 Z1 F8000
G1 X334.65947 Y130.57432 F8000
G1 X331.80991 Y127.72476 F8000
G0 Z0
G1 X331.45636 Y127.72476 F8000
G1 Z1 F8000
G1 X331.45636 Y127.72476 F8000
G1 X334.30592 Y130.57432 F8000
G0 Z0
G1 X333.95237 Y130.57432 F8000
G1 Z1 F8000
G1 X333.95237 Y130.57432 F8000
G1 X331.1028 Y127.72476 F8000
G0 Z0
G1 X330.74925 Y127.72476 F8000
G1 Z1 F8000
G1 X330.74925 Y127.72476 F8000
G1 X333.59881 Y130.57432 F8000
G0 Z0
G1 X333.24526 Y130.57432 F8000
G1 Z1 F8000
G1 X333.24526 Y130.57432 F8000
G1 X330.3957 Y127.72476 F8000
G0 Z0
G1 X330.04214 Y127.72476 F8000
G1 Z1 F8000
G1 X330.04214 Y127.72476 F8000
G1 X332.89171 Y130.57432 F8000
G0 Z0
G1 X332.53815 Y130.57432 F8000
G1 Z1 F8000
G1 X332.53815 Y130.57432 F8000
G1 X329.68859 Y127.72476 F8000
G0 Z0
G1 X329.33504 Y127.72476 F8000
G1 Z1 F8000
G1 X329.33504 Y127.72476 F8000
G1 X332.1846 Y130.57432 F8000
G0 Z0
G1 X331.83105 Y130.57432 F8000
G1 Z1 F8000
G1 X331.83105 Y130.57432 F8000
G1 X328.98148 Y127.72476 F8000
G0 Z0
G1 X328.62793 Y127.72476 F8000
G1 Z1 F8000
G1 X328.62793 Y127.72476 F8000
G1 X331.47749 Y130.57432 F8000
G0 Z0
G1 X331.12394 Y130.57432 F8000
G1 Z1 F8000
G1 X331.12394 Y130.57432 F8000
G1 X328.27437 Y127.72476 F8000
G0 Z0
G1 X327.92082 Y127.72476 F8000
G1 Z1 F8000
G1 X327.92082 Y127.72476 F8000
G1 X330.77038 Y130.57432 F8000
G0 Z0
G1 X330.41683 Y130.57432 F8000
G1 Z1 F8000
G1 X330.41683 Y130.57432 F8000
G1 X327.60089 Y127.75838 F8000
G0 Z0
G1 X327.33284 Y127.84388 F8000
G1 Z1 F8000
G1 X327.33284 Y127.84388 F8000
G1 X330.06328 Y130.57432 F8000
G0 Z0
G1 X329.70972 Y130.57432 F8000
G1 Z1 F8000
G1 X329.70972 Y130.57432 F8000
G1 X327.10458 Y127.96918 F8000
G0 Z0
G1 X326.90838 Y128.12653 F8000
G1 Z1 F8000
G1 X326.90838 Y128.12653 F8000
G1 X329.35617 Y130.57432 F8000
G0 Z0
G1 X329.00262 Y130.57432 F8000
G1 Z1 F8000
G1 X329.00262 Y130.57432 F8000
G1 X326.74434 Y128.31605 F8000
G0 Z0
G1 X326.61261 Y128.53786 F8000
G1 Z1 F8000
G1 X326.61261 Y128.53786 F8000
G1 X328.64906 Y130.57432 F8000
G0 Z0
G1 X328.29551 Y130.57432 F8000
G1 Z1 F8000
G1 X328.29551 Y130.57432 F8000
G1 X326.51961 Y128.79842 F8000
G0 Z0
G1 X326.47445 Y129.14996 F8000
G1 Z1 F8000
G1 X326.47445 Y129.14996 F8000
G1 X326.60314 Y129.74154 F8000
G1 X326.89156 Y130.15694 F8000
G1 X327.30696 Y130.44536 F8000
G1 X327.79697 Y130.57043 F8000
G1 X344.62776 Y130.57406 F8000
G1 X345.12544 Y130.48428 F8000
G1 X345.63476 Y130.15694 F8000
G1 X345.96208 Y129.64762 F8000
G1 X346.04823 Y129.04836 F8000
G1 X345.92316 Y128.55835 F8000
G1 X345.63476 Y128.14296 F8000
G1 X345.21934 Y127.85453 F8000
G1 X344.72936 Y127.72947 F8000
G1 X327.79697 Y127.72947 F8000
G1 X327.30696 Y127.85453 F8000
G1 X326.89156 Y128.14296 F8000
G1 X326.60314 Y128.55835 F8000
G1 X326.47445 Y129.14996 F8000
G1 X327.94196 Y130.57432 F8000
G0 Z0
G1 X327.54236 Y130.52828 F8000
G1 Z1 F8000
G1 X327.54236 Y130.52828 F8000
G1 X326.52142 Y129.50733 F8000
G0 Z0
G1 X329.74565 Y132.3072 F8000
G1 Z1 F8000
G1 X329.74565 Y132.3072 F8000
G1 X332.18261 Y134.74416 F8000
G0 Z0
G1 X332.53616 Y134.74416 F8000
G1 Z1 F8000
G1 X332.53616 Y134.74416 F8000
G1 X329.93952 Y132.14751 F8000
G0 Z0
G1 X330.16542 Y132.01986 F8000
G1 Z1 F8000
G1 X330.16542 Y132.01986 F8000
G1 X332.88972 Y134.74416 F8000
G0 Z0
G1 X333.24327 Y134.74416 F8000
G1 Z1 F8000
G1 X333.24327 Y134.74416 F8000
G1 X330.43113 Y131.93202 F8000
G0 Z0
G1 X330.74991 Y131.89724 F8000
G1 Z1 F8000
G1 X330.74991 Y131.89724 F8000
G1 X333.59682 Y134.74416 F8000
G0 Z0
G1 X333.95038 Y134.74416 F8000
G1 Z1 F8000
G1 X333.95038 Y134.74416 F8000
G1 X331.10346 Y131.89724 F8000
G0 Z0
G1 X331.45701 Y131.89724 F8000
G1 Z1 F8000
G1 X331.45701 Y131.89724 F8000
G1 X334.3023 Y134.74253 F8000
G0 Z0
G1 X334.60829 Y134.69496 F8000
G1 Z1 F8000
G1 X334.60829 Y134.69496 F8000
G1 X331.81057 Y131.89724 F8000
G0 Z0
G1 X332.16412 Y131.89724 F8000
G1 Z1 F8000
G1 X332.16412 Y131.89724 F8000
G1 X334.86527 Y134.59839 F8000
G0 Z0
G1 X335.08698 Y134.46655 F8000
G1 Z1 F8000
G1 X335.08698 Y134.46655 F8000
G1 X332.51767 Y131.89724 F8000
G0 Z0
G1 X332.87123 Y131.89724 F8000
G1 Z1 F8000
G1 X332.87123 Y131.89724 F8000
G1 X335.27331 Y134.29932 F8000
G0 Z0
G1 X335.43032 Y134.10277 F8000
G1 Z1 F8000
G1 X335.43032 Y134.10277 F8000
G1 X333.22478 Y131.89724 F8000
G0 Z0
G1 X333.57833 Y131.89724 F8000
G1 Z1 F8000
G1 X333.57833 Y131.89724 F8000
G1 X335.55254 Y133.87144 F8000
G0 Z0
G1 X335.63595 Y133.6013 F8000
G1 Z1 F8000
G1 X335.63595 Y133.6013 F8000
G1 X333.93189 Y131.89724 F8000
G0 Z0
G1 X334.28666 Y131.89846 F8000
G1 Z1 F8000
G1 X334.28666 Y131.89846 F8000
G1 X335.66264 Y133.27444 F8000
G0 Z0
G1 X335.57828 Y132.83653 F8000
G1 Z1 F8000
G1 X335.57828 Y132.83653 F8000
G1 X334.72057 Y131.97881 F8000
G0 Z0
G1 X331.82906 Y134.74416 F8000
G1 Z1 F8000
G1 X331.82906 Y134.74416 F8000
G1 X329.58292 Y132.49802 F8000
G0 Z0
G1 X329.45406 Y132.72272 F8000
G1 Z1 F8000
G1 X329.45406 Y132.72272 F8000
G1 X331.4755 Y134.74416 F8000
G0 Z0
G1 X331.12195 Y134.74416 F8000
G1 Z1 F8000
G1 X331.12195 Y134.74416 F8000
G1 X329.36217 Y132.98438 F8000
G0 Z0
G1 X329.32189 Y133.32014 F8000
G1 Z1 F8000
G1 X329.32189 Y133.32014 F8000
G1 X329.37957 Y133.72136 F8000
G1 X329.60595 Y134.17358 F8000
G1 X329.89257 Y134.46021 F8000
G1 X330.34477 Y134.68656 F8000
G1 X330.74601 Y134.74426 F8000
G1 X334.34207 Y134.74061 F8000
G1 X334.92297 Y134.57006 F8000
G1 X335.43851 Y134.09008 F8000
G1 X335.66094 Y133.42174 F8000
G1 X335.57479 Y132.82246 F8000
G1 X335.38054 Y132.4667 F8000
G1 X335.09391 Y132.18008 F8000
G1 X334.44314 Y131.91052 F8000
G1 X330.74601 Y131.89602 F8000
G1 X330.24833 Y131.98582 F8000
G1 X329.81341 Y132.24387 F8000
G1 X329.54795 Y132.5502 F8000
G1 X329.37957 Y132.91893 F8000
G1 X329.32189 Y133.32014 F8000
G1 X330.7684 Y134.74416 F8000
G0 Z0
G1 X330.36068 Y134.69 F8000
G1 Z1 F8000
G1 X330.36068 Y134.69 F8000
G1 X329.37592 Y133.70523 F8000
G0 Z0
G1 X330.36088 Y126.34997 F8000
G1 Z1 F8000
G1 X330.36088 Y126.34997 F8000
G1 X329.37571 Y125.3648 F8000
G0 Z0
G1 X329.32189 Y124.97978 F8000
G1 Z1 F8000
G1 X329.32189 Y124.97978 F8000
G1 X329.37957 Y125.381 F8000
G1 X329.60595 Y125.83322 F8000
G1 X329.89257 Y126.11985 F8000
G1 X330.34477 Y126.3462 F8000
G1 X330.74601 Y126.40388 F8000
G1 X334.34207 Y126.40025 F8000
G1 X334.92297 Y126.2297 F8000
G1 X335.43851 Y125.74972 F8000
G1 X335.66094 Y125.08138 F8000
G1 X335.57479 Y124.4821 F8000
G1 X335.38054 Y124.12634 F8000
G1 X335.09391 Y123.83972 F8000
G1 X334.44314 Y123.57016 F8000
G1 X330.74601 Y123.55566 F8000
G1 X330.24833 Y123.64546 F8000
G1 X329.81341 Y123.90351 F8000
G1 X329.54795 Y124.20984 F8000
G1 X329.37957 Y124.57857 F8000
G1 X329.32189 Y124.97978 F8000
G1 X330.76895 Y126.40448 F8000
G0 Z0
G1 X331.12251 Y126.40448 F8000
G1 Z1 F8000
G1 X331.12251 Y126.40448 F8000
G1 X329.36229 Y124.64427 F8000
G0 Z0
G1 X329.45425 Y124.38267 F8000
G1 Z1 F8000
G1 X329.45425 Y124.38267 F8000
G1 X331.47606 Y126.40448 F8000
G0 Z0
G1 X331.82961 Y126.40448 F8000
G1 Z1 F8000
G1 X331.82961 Y126.40448 F8000
G1 X329.58314 Y124.15802 F8000
G0 Z0
G1 X329.74594 Y123.96726 F8000
G1 Z1 F8000
G1 X329.74594 Y123.96726 F8000
G1 X332.18317 Y126.40448 F8000
G0 Z0
G1 X332.53672 Y126.40448 F8000
G1 Z1 F8000
G1 X332.53672 Y126.40448 F8000
G1 X329.93985 Y123.80761 F8000
G0 Z0
G1 X330.16581 Y123.68002 F8000
G1 Z1 F8000
G1 X330.16581 Y123.68002 F8000
G1 X332.89027 Y126.40448 F8000
G0 Z0
G1 X333.24383 Y126.40448 F8000
G1 Z1 F8000
G1 X333.24383 Y126.40448 F8000
G1 X330.43158 Y123.59224 F8000
G0 Z0
G1 X330.74782 Y123.55492 F8000
G1 Z1 F8000
G1 X330.74782 Y123.55492 F8000
G1 X333.59738 Y126.40448 F8000
G0 Z0
G1 X333.95093 Y126.40448 F8000
G1 Z1 F8000
G1 X333.95093 Y126.40448 F8000
G1 X331.10137 Y123.55492 F8000
G0 Z0
G1 X331.45492 Y123.55492 F8000
G1 Z1 F8000
G1 X331.45492 Y123.55492 F8000
G1 X334.30128 Y126.40128 F8000
G0 Z0
G1 X334.60801 Y126.35445 F8000
G1 Z1 F8000
G1 X334.60801 Y126.35445 F8000
G1 X331.80848 Y123.55492 F8000
G0 Z0
G1 X332.16203 Y123.55492 F8000
G1 Z1 F8000
G1 X332.16203 Y123.55492 F8000
G1 X334.86564 Y126.25853 F8000
G0 Z0
G1 X335.08574 Y126.12508 F8000
G1 Z1 F8000
G1 X335.08574 Y126.12508 F8000
G1 X332.51558 Y123.55492 F8000
G0 Z0
G1 X332.86914 Y123.55492 F8000
G1 Z1 F8000
G1 X332.86914 Y123.55492 F8000
G1 X335.27358 Y125.95936 F8000
G0 Z0
G1 X335.43055 Y125.76278 F8000
G1 Z1 F8000
G1 X335.43055 Y125.76278 F8000
G1 X333.22269 Y123.55492 F8000
G0 Z0
G1 X333.57625 Y123.55492 F8000
G1 Z1 F8000
G1 X333.57625 Y123.55492 F8000
G1 X335.5527 Y125.53137 F8000
G0 Z0
G1 X335.63604 Y125.26116 F8000
G1 Z1 F8000
G1 X335.63604 Y125.26116 F8000
G1 X333.9298 Y123.55492 F8000
G0 Z0
G1 X334.28574 Y123.55731 F8000
G1 Z1 F8000
G1 X334.28574 Y123.55731 F8000
G1 X335.66263 Y124.93419 F8000
G0 Z0
G1 X335.57911 Y124.49712 F8000
G1 Z1 F8000
G1 X335.57911 Y124.49712 F8000
G1 X334.7214 Y123.63942 F8000
G0 Z0
G1 X334.65947 Y122.23465 F8000
G1 Z1 F8000
G1 X334.65947 Y122.23465 F8000
G1 X331.80991 Y119.38509 F8000
G0 Z0
G1 X332.16346 Y119.38509 F8000
G1 Z1 F8000
G1 X332.16346 Y119.38509 F8000
G1 X335.01303 Y122.23465 F8000
G0 Z0
G1 X335.36658 Y122.23465 F8000
G1 Z1 F8000
G1 X335.36658 Y122.23465 F8000
G1 X332.51702 Y119.38509 F8000
G0 Z0
G1 X332.87057 Y119.38509 F8000
G1 Z1 F8000
G1 X332.87057 Y119.38509 F8000
G1 X335.72013 Y122.23465 F8000
G0 Z0
G1 X336.07369 Y122.23465 F8000
G1 Z1 F8000
G1 X336.07369 Y122.23465 F8000
G1 X333.22412 Y119.38509 F8000
G0 Z0
G1 X333.57768 Y119.38509 F8000
G1 Z1 F8000
G1 X333.57768 Y119.38509 F8000
G1 X336.42724 Y122.23465 F8000
G0 Z0
G1 X336.7808 Y122.23465 F8000
G1 Z1 F8000
G1 X336.7808 Y122.23465 F8000
G1 X333.93123 Y119.38509 F8000
G0 Z0
G1 X334.28479 Y119.38509 F8000
G1 Z1 F8000
G1 X334.28479 Y119.38509 F8000
G1 X337.13435 Y122.23465 F8000
G0 Z0
G1 X337.4879 Y122.23465 F8000
G1 Z1 F8000
G1 X337.4879 Y122.23465 F8000
G1 X334.63834 Y119.38509 F8000
G0 Z0
G1 X334.99189 Y119.38509 F8000
G1 Z1 F8000
G1 X334.99189 Y119.38509 F8000
G1 X337.84146 Y122.23465 F8000
G0 Z0
G1 X338.19501 Y122.23465 F8000
G1 Z1 F8000
G1 X338.19501 Y122.23465 F8000
G1 X335.34545 Y119.38509 F8000
G0 Z0
G1 X332.89027 Y118.06481 F8000
G1 Z1 F8000
G1 X332.89027 Y118.06481 F8000
G1 X330.16581 Y115.34035 F8000
G0 Z0
G1 X329.9383 Y115.46639 F8000
G1 Z1 F8000
G1 X329.9383 Y115.46639 F8000
G1 X332.53672 Y118.06481 F8000
G0 Z0
G1 X332.18317 Y118.06481 F8000
G1 Z1 F8000
G1 X332.18317 Y118.06481 F8000
G1 X329.74583 Y115.62748 F8000
G0 Z0
G1 X329.58273 Y115.81793 F8000
G1 Z1 F8000
G1 X329.58273 Y115.81793 F8000
G1 X331.82961 Y118.06481 F8000
G0 Z0
G1 X331.47606 Y118.06481 F8000
G1 Z1 F8000
G1 X331.47606 Y118.06481 F8000
G1 X329.45419 Y116.04295 F8000
G0 Z0
G1 X329.36229 Y116.3046 F8000
G1 Z1 F8000
G1 X329.36229 Y116.3046 F8000
G1 X331.12251 Y118.06481 F8000
G0 Z0
G1 X330.76895 Y118.06481 F8000
G1 Z1 F8000
G1 X330.76895 Y118.06481 F8000
G1 X329.32189 Y116.6394 F8000
G1 X329.37957 Y116.23818 F8000
G1 X329.54795 Y115.86946 F8000
G1 X329.81341 Y115.56312 F8000
G1 X330.24833 Y115.30508 F8000
G1 X330.74601 Y115.2153 F8000
G1 X334.44314 Y115.2298 F8000
G1 X335.09391 Y115.49933 F8000
G1 X335.38054 Y115.78596 F8000
G1 X335.57479 Y116.14172 F8000
G1 X335.66094 Y116.741 F8000
G1 X335.43851 Y117.40933 F8000
G1 X334.92297 Y117.88932 F8000
G1 X334.34207 Y118.05989 F8000
G1 X330.74601 Y118.06352 F8000
G1 X330.34477 Y118.00584 F8000
G1 X329.89257 Y117.77946 F8000
G1 X329.60595 Y117.49284 F8000
G1 X329.37957 Y117.04061 F8000
G1 X329.32189 Y116.6394 F8000
G0 Z0
G1 X329.37571 Y117.02513 F8000
G1 Z1 F8000
G1 X329.37571 Y117.02513 F8000
G1 X330.36088 Y118.0103 F8000
G0 Z0
G1 X330.3957 Y119.38509 F8000
G1 Z1 F8000
G1 X330.3957 Y119.38509 F8000
G1 X333.24526 Y122.23465 F8000
G0 Z0
G1 X333.59881 Y122.23465 F8000
G1 Z1 F8000
G1 X333.59881 Y122.23465 F8000
G1 X330.74925 Y119.38509 F8000
G0 Z0
G1 X331.1028 Y119.38509 F8000
G1 Z1 F8000
G1 X331.1028 Y119.38509 F8000
G1 X333.95237 Y122.23465 F8000
G0 Z0
G1 X334.30592 Y122.23465 F8000
G1 Z1 F8000
G1 X334.30592 Y122.23465 F8000
G1 X331.45636 Y119.38509 F8000
G0 Z0
G1 X330.04214 Y119.38509 F8000
G1 Z1 F8000
G1 X330.04214 Y119.38509 F8000
G1 X332.89171 Y122.23465 F8000
G0 Z0
G1 X332.53815 Y122.23465 F8000
G1 Z1 F8000
G1 X332.53815 Y122.23465 F8000
G1 X329.68859 Y119.38509 F8000
G0 Z0
G1 X329.33504 Y119.38509 F8000
G1 Z1 F8000
G1 X329.33504 Y119.38509 F8000
G1 X332.1846 Y122.23465 F8000
G0 Z0
G1 X331.83105 Y122.23465 F8000
G1 Z1 F8000
G1 X331.83105 Y122.23465 F8000
G1 X328.98148 Y119.38509 F8000
G0 Z0
G1 X328.62793 Y119.38509 F8000
G1 Z1 F8000
G1 X328.62793 Y119.38509 F8000
G1 X331.47749 Y122.23465 F8000
G0 Z0
G1 X331.12394 Y122.23465 F8000
G1 Z1 F8000
G1 X331.12394 Y122.23465 F8000
G1 X328.27437 Y119.38509 F8000
G0 Z0
G1 X327.92082 Y119.38509 F8000
G1 Z1 F8000
G1 X327.92082 Y119.38509 F8000
G1 X330.77038 Y122.23465 F8000
G0 Z0
G1 X330.41683 Y122.23465 F8000
G1 Z1 F8000
G1 X330.41683 Y122.23465 F8000
G1 X327.5987 Y119.41652 F8000
G0 Z0
G1 X327.33284 Y119.50421 F8000
G1 Z1 F8000
G1 X327.33284 Y119.50421 F8000
G1 X330.06328 Y122.23465 F8000
G0 Z0
G1 X329.70972 Y122.23465 F8000
G1 Z1 F8000
G1 X329.70972 Y122.23465 F8000
G1 X327.10458 Y119.62951 F8000
G0 Z0
G1 X326.90838 Y119.78686 F8000
G1 Z1 F8000
G1 X326.90838 Y119.78686 F8000
G1 X329.35617 Y122.23465 F8000
G0 Z0
G1 X329.00262 Y122.23465 F8000
G1 Z1 F8000
G1 X329.00262 Y122.23465 F8000
G1 X326.74409 Y119.97612 F8000
G0 Z0
G1 X326.6124 Y120.19799 F8000
G1 Z1 F8000
G1 X326.6124 Y120.19799 F8000
G1 X328.64906 Y122.23465 F8000
G0 Z0
G1 X328.29551 Y122.23465 F8000
G1 Z1 F8000
G1 X328.29551 Y122.23465 F8000
G1 X326.51961 Y120.45875 F8000
G0 Z0
G1 X326.47445 Y120.80958 F8000
G1 Z1 F8000
G1 X326.47445 Y120.80958 F8000
G1 X326.60314 Y121.40118 F8000
G1 X326.89156 Y121.81658 F8000
G1 X327.30696 Y122.105 F8000
G1 X327.79697 Y122.23007 F8000
G1 X344.62776 Y122.2337 F8000
G1 X345.21934 Y122.105 F8000
G1 X345.63476 Y121.81658 F8000
G1 X345.96208 Y121.30726 F8000
G1 X346.04823 Y120.708 F8000
G1 X345.92316 Y120.21799 F8000
G1 X345.63476 Y119.8026 F8000
G1 X345.21934 Y119.51418 F8000
G1 X344.72936 Y119.38911 F8000
G1 X327.79697 Y119.38911 F8000
G1 X327.30696 Y119.51418 F8000
G1 X326.89156 Y119.8026 F8000
G1 X326.60314 Y120.21799 F8000
G1 X326.47445 Y120.80958 F8000
G1 X327.94196 Y122.23465 F8000
G0 Z0
G1 X327.54076 Y122.18701 F8000
G1 Z1 F8000
G1 X327.54076 Y122.18701 F8000
G1 X326.52142 Y121.16766 F8000
G0 Z0
G1 X318.2582 Y122.34358 F8000
G1 Z1 F8000
G1 X318.2582 Y122.34358 F8000
G1 X317.65231 Y122.26468 F8000
G0 Z0
G1 X317.65141 Y122.78154 F8000
G1 Z1 F8000
G1 X317.65141 Y122.78154 F8000
G1 X318.2582 Y122.78154 F8000
G0 Z0
G1 X318.25413 Y123.16879 F8000
G1 Z1 F8000
G1 X318.25413 Y123.16879 F8000
G1 X317.65548 Y123.40424 F8000
G0 Z0
G1 X317.65231 Y126.19523 F8000
G1 Z1 F8000
G1 X317.65231 Y126.19523 F8000
G1 X318.2582 Y126.27412 F8000
G0 Z0
G1 X318.2582 Y126.71212 F8000
G1 Z1 F8000
G1 X318.2582 Y126.71212 F8000
G1 X317.65141 Y126.71212 F8000
G0 Z0
G1 X317.65548 Y127.33479 F8000
G1 Z1 F8000
G1 X317.65548 Y127.33479 F8000
G1 X318.25413 Y127.09933 F8000
G0 Z0
G1 X317.65231 Y130.01994 F8000
G1 Z1 F8000
G1 X317.65231 Y130.01994 F8000
G1 X318.2582 Y130.09884 F8000
G0 Z0
G1 X318.2582 Y130.53683 F8000
G1 Z1 F8000
G1 X318.2582 Y130.53683 F8000
G1 X317.65141 Y130.53683 F8000
G0 Z0
G1 X317.65548 Y131.1595 F8000
G1 Z1 F8000
G1 X317.65548 Y131.1595 F8000
G1 X318.25413 Y130.92405 F8000
G0 Z0
G1 X317.65231 Y134.36152 F8000
G1 Z1 F8000
G1 X317.65231 Y134.36152 F8000
G1 X318.2582 Y134.44041 F8000
G0 Z0
G1 X318.2582 Y134.87838 F8000
G1 Z1 F8000
G1 X318.2582 Y134.87838 F8000
G1 X317.65141 Y134.87838 F8000
G0 Z0
G1 X317.65548 Y135.50108 F8000
G1 Z1 F8000
G1 X317.65548 Y135.50108 F8000
G1 X318.25413 Y135.26562 F8000
G0 Z0
G1 X317.65231 Y138.29209 F8000
G1 Z1 F8000
G1 X317.65231 Y138.29209 F8000
G1 X318.2582 Y138.37099 F8000
G0 Z0
G1 X318.2582 Y138.80895 F8000
G1 Z1 F8000
G1 X318.2582 Y138.80895 F8000
G1 X317.65141 Y138.80895 F8000
G0 Z0
G1 X317.65548 Y139.43162 F8000
G1 Z1 F8000
G1 X317.65548 Y139.43162 F8000
G1 X318.25413 Y139.1962 F8000
G0 Z0
G1 X317.65231 Y142.1168 F8000
G1 Z1 F8000
G1 X317.65231 Y142.1168 F8000
G1 X318.2582 Y142.1957 F8000
G0 Z0
G1 X318.2582 Y142.63366 F8000
G1 Z1 F8000
G1 X318.2582 Y142.63366 F8000
G1 X317.65141 Y142.63366 F8000
G0 Z0
G1 X317.65548 Y143.25636 F8000
G1 Z1 F8000
G1 X317.65548 Y143.25636 F8000
G1 X318.25413 Y143.02091 F8000
G0 Z0
G1 X329.45419 Y149.40428 F8000
G1 Z1 F8000
G1 X329.45419 Y149.40428 F8000
G1 X331.47606 Y151.42614 F8000
G0 Z0
G1 X331.12251 Y151.42614 F8000
G1 Z1 F8000
G1 X331.12251 Y151.42614 F8000
G1 X329.36229 Y149.66593 F8000
G0 Z0
G1 X329.32189 Y150.00089 F8000
G1 Z1 F8000
G1 X329.32189 Y150.00089 F8000
G1 X329.37957 Y150.4021 F8000
G1 X329.60595 Y150.8543 F8000
G1 X329.97608 Y151.19892 F8000
G1 X330.34477 Y151.3673 F8000
G1 X330.74601 Y151.42498 F8000
G1 X334.34207 Y151.42136 F8000
G1 X335.01041 Y151.19892 F8000
G1 X335.43851 Y150.7708 F8000
G1 X335.66094 Y150.10246 F8000
G1 X335.57479 Y149.5032 F8000
G1 X335.38054 Y149.14745 F8000
G1 X335.09391 Y148.86082 F8000
G1 X334.44314 Y148.59126 F8000
G1 X330.74601 Y148.57677 F8000
G1 X330.24833 Y148.66657 F8000
G1 X329.81341 Y148.92461 F8000
G1 X329.54795 Y149.23095 F8000
G1 X329.37957 Y149.59965 F8000
G1 X329.32189 Y150.00089 F8000
G1 X330.76895 Y151.42614 F8000
G0 Z0
G1 X330.36088 Y151.37163 F8000
G1 Z1 F8000
G1 X330.36088 Y151.37163 F8000
G1 X329.37571 Y150.38646 F8000
G0 Z0
G1 X329.58273 Y149.17927 F8000
G1 Z1 F8000
G1 X329.58273 Y149.17927 F8000
G1 X331.82961 Y151.42614 F8000
G0 Z0
G1 X332.18317 Y151.42614 F8000
G1 Z1 F8000
G1 X332.18317 Y151.42614 F8000
G1 X329.74594 Y148.98892 F8000
G0 Z0
G1 X329.93916 Y148.82859 F8000
G1 Z1 F8000
G1 X329.93916 Y148.82859 F8000
G1 X332.53672 Y151.42614 F8000
G0 Z0
G1 X332.89027 Y151.42614 F8000
G1 Z1 F8000
G1 X332.89027 Y151.42614 F8000
G1 X330.16581 Y148.70168 F8000
G0 Z0
G1 X330.04214 Y152.74642 F8000
G1 Z1 F8000
G1 X330.04214 Y152.74642 F8000
G1 X332.89171 Y155.59598 F8000
G0 Z0
G1 X332.53815 Y155.59598 F8000
G1 Z1 F8000
G1 X332.53815 Y155.59598 F8000
G1 X329.68859 Y152.74642 F8000
G0 Z0
G1 X329.33504 Y152.74642 F8000
G1 Z1 F8000
G1 X329.33504 Y152.74642 F8000
G1 X332.1846 Y155.59598 F8000
G0 Z0
G1 X331.83105 Y155.59598 F8000
G1 Z1 F8000
G1 X331.83105 Y155.59598 F8000
G1 X328.98148 Y152.74642 F8000
G0 Z0
G1 X328.62793 Y152.74642 F8000
G1 Z1 F8000
G1 X328.62793 Y152.74642 F8000
G1 X331.47749 Y155.59598 F8000
G0 Z0
G1 X331.12394 Y155.59598 F8000
G1 Z1 F8000
G1 X331.12394 Y155.59598 F8000
G1 X328.27437 Y152.74642 F8000
G0 Z0
G1 X327.92082 Y152.74642 F8000
G1 Z1 F8000
G1 X327.92082 Y152.74642 F8000
G1 X330.77038 Y155.59598 F8000
G0 Z0
G1 X330.41683 Y155.59598 F8000
G1 Z1 F8000
G1 X330.41683 Y155.59598 F8000
G1 X327.5987 Y152.77785 F8000
G0 Z0
G1 X327.33284 Y152.86554 F8000
G1 Z1 F8000
G1 X327.33284 Y152.86554 F8000
G1 X330.06328 Y155.59598 F8000
G0 Z0
G1 X329.70972 Y155.59598 F8000
G1 Z1 F8000
G1 X329.70972 Y155.59598 F8000
G1 X327.10458 Y152.99084 F8000
G0 Z0
G1 X326.90838 Y153.14819 F8000
G1 Z1 F8000
G1 X326.90838 Y153.14819 F8000
G1 X329.35617 Y155.59598 F8000
G0 Z0
G1 X329.00262 Y155.59598 F8000
G1 Z1 F8000
G1 X329.00262 Y155.59598 F8000
G1 X326.74409 Y153.33745 F8000
G0 Z0
G1 X326.6124 Y153.55932 F8000
G1 Z1 F8000
G1 X326.6124 Y153.55932 F8000
G1 X328.64906 Y155.59598 F8000
G0 Z0
G1 X328.29551 Y155.59598 F8000
G1 Z1 F8000
G1 X328.29551 Y155.59598 F8000
G1 X326.51961 Y153.82008 F8000
G0 Z0
G1 X326.47445 Y154.17107 F8000
G1 Z1 F8000
G1 X326.47445 Y154.17107 F8000
G1 X326.60314 Y154.76265 F8000
G1 X326.89156 Y155.17804 F8000
G1 X327.30696 Y155.46647 F8000
G1 X327.79697 Y155.59153 F8000
G1 X344.62776 Y155.59516 F8000
G1 X345.12544 Y155.50539 F8000
G1 X345.63476 Y155.17804 F8000
G1 X345.96208 Y154.66872 F8000
G1 X346.04823 Y154.06947 F8000
G1 X345.92316 Y153.57946 F8000
G1 X345.63476 Y153.16406 F8000
G1 X345.21934 Y152.87564 F8000
G1 X344.72936 Y152.75057 F8000
G1 X327.79697 Y152.75057 F8000
G1 X327.30696 Y152.87564 F8000
G1 X326.89156 Y153.16406 F8000
G1 X326.60314 Y153.57946 F8000
G1 X326.47445 Y154.17107 F8000
G1 X327.94196 Y155.59598 F8000
G0 Z0
G1 X327.54076 Y155.54834 F8000
G1 Z1 F8000
G1 X327.54076 Y155.54834 F8000
G1 X326.52142 Y154.52899 F8000
G0 Z0
G1 X330.3957 Y152.74642 F8000
G1 Z1 F8000
G1 X330.3957 Y152.74642 F8000
G1 X333.24526 Y155.59598 F8000
G0 Z0
G1 X333.59881 Y155.59598 F8000
G1 Z1 F8000
G1 X333.59881 Y155.59598 F8000
G1 X330.74925 Y152.74642 F8000
G0 Z0
G1 X331.1028 Y152.74642 F8000
G1 Z1 F8000
G1 X331.1028 Y152.74642 F8000
G1 X333.95237 Y155.59598 F8000
G0 Z0
G1 X334.30592 Y155.59598 F8000
G1 Z1 F8000
G1 X334.30592 Y155.59598 F8000
G1 X331.45636 Y152.74642 F8000
G0 Z0
G1 X331.80991 Y152.74642 F8000
G1 Z1 F8000
G1 X331.80991 Y152.74642 F8000
G1 X334.65947 Y155.59598 F8000
G0 Z0
G1 X335.01303 Y155.59598 F8000
G1 Z1 F8000
G1 X335.01303 Y155.59598 F8000
G1 X332.16346 Y152.74642 F8000
G0 Z0
G1 X332.51702 Y152.74642 F8000
G1 Z1 F8000
G1 X332.51702 Y152.74642 F8000
G1 X335.36658 Y155.59598 F8000
G0 Z0
G1 X335.72013 Y155.59598 F8000
G1 Z1 F8000
G1 X335.72013 Y155.59598 F8000
G1 X332.87057 Y152.74642 F8000
G0 Z0
G1 X333.22412 Y152.74642 F8000
G1 Z1 F8000
G1 X333.22412 Y152.74642 F8000
G1 X336.07369 Y155.59598 F8000
G0 Z0
G1 X336.42724 Y155.59598 F8000
G1 Z1 F8000
G1 X336.42724 Y155.59598 F8000
G1 X333.57768 Y152.74642 F8000
G0 Z0
G1 X333.93123 Y152.74642 F8000
G1 Z1 F8000
G1 X333.93123 Y152.74642 F8000
G1 X336.7808 Y155.59598 F8000
G0 Z0
G1 X337.13435 Y155.59598 F8000
G1 Z1 F8000
G1 X337.13435 Y155.59598 F8000
G1 X334.28479 Y152.74642 F8000
G0 Z0
G1 X334.63834 Y152.74642 F8000
G1 Z1 F8000
G1 X334.63834 Y152.74642 F8000
G1 X337.4879 Y155.59598 F8000
G0 Z0
G1 X337.84146 Y155.59598 F8000
G1 Z1 F8000
G1 X337.84146 Y155.59598 F8000
G1 X334.99189 Y152.74642 F8000
G0 Z0
G1 X335.34545 Y152.74642 F8000
G1 Z1 F8000
G1 X335.34545 Y152.74642 F8000
G1 X338.19501 Y155.59598 F8000
G0 Z0
G1 X340.64875 Y152.74642 F8000
G1 Z1 F8000
G1 X340.64875 Y152.74642 F8000
G1 X343.49831 Y155.59598 F8000
G0 Z0
G1 X343.85187 Y155.59598 F8000
G1 Z1 F8000
G1 X343.85187 Y155.59598 F8000
G1 X341.0023 Y152.74642 F8000
G0 Z0
G1 X341.35586 Y152.74642 F8000
G1 Z1 F8000
G1 X341.35586 Y152.74642 F8000
G1 X344.20542 Y155.59598 F8000
G0 Z0
G1 X344.55897 Y155.59598 F8000
G1 Z1 F8000
G1 X344.55897 Y155.59598 F8000
G1 X341.70941 Y152.74642 F8000
G0 Z0
G1 X342.06296 Y152.74642 F8000
G1 Z1 F8000
G1 X342.06296 Y152.74642 F8000
G1 X344.88631 Y155.56976 F8000
G0 Z0
G1 X345.16118 Y155.49108 F8000
G1 Z1 F8000
G1 X345.16118 Y155.49108 F8000
G1 X342.41652 Y152.74642 F8000
G0 Z0
G1 X342.77007 Y152.74642 F8000
G1 Z1 F8000
G1 X342.77007 Y152.74642 F8000
G1 X345.39427 Y155.37061 F8000
G0 Z0
G1 X345.59336 Y155.21615 F8000
G1 Z1 F8000
G1 X345.59336 Y155.21615 F8000
G1 X343.12362 Y152.74642 F8000
G0 Z0
G1 X343.47718 Y152.74642 F8000
G1 Z1 F8000
G1 X343.47718 Y152.74642 F8000
G1 X345.76248 Y155.03172 F8000
G0 Z0
G1 X345.89754 Y154.81323 F8000
G1 Z1 F8000
G1 X345.89754 Y154.81323 F8000
G1 X343.83073 Y152.74642 F8000
G0 Z0
G1 X344.18429 Y152.74642 F8000
G1 Z1 F8000
G1 X344.18429 Y152.74642 F8000
G1 X345.99673 Y154.55886 F8000
G0 Z0
G1 X346.04912 Y154.2577 F8000
G1 Z1 F8000
G1 X346.04912 Y154.2577 F8000
G1 X344.53784 Y152.74642 F8000
G0 Z0
G1 X344.9219 Y152.77693 F8000
G1 Z1 F8000
G1 X344.9219 Y152.77693 F8000
G1 X346.02107 Y153.87609 F8000
G0 Z0
G1 X377.86228 Y132.85228 F8000
G1 Z1 F8000
G1 X377.86228 Y132.85228 F8000
G1 X377.86228 Y115.90619 F8000
G0 Z0
G1 X377.61228 Y116.28573 F8000
G1 Z1 F8000
G1 X377.61228 Y116.28573 F8000
G1 X377.61228 Y132.47178 F8000
G0 Z0
G1 X377.36228 Y132.09129 F8000
G1 Z1 F8000
G1 X377.36228 Y132.09129 F8000
G1 X377.36228 Y116.66527 F8000
G0 Z0
G1 X377.11228 Y117.0448 F8000
G1 Z1 F8000
G1 X377.11228 Y117.0448 F8000
G1 X377.11228 Y131.71079 F8000
G0 Z0
G1 X376.86228 Y131.3303 F8000
G1 Z1 F8000
G1 X376.86228 Y131.3303 F8000
G1 X376.86228 Y117.42434 F8000
G0 Z0
G1 X376.61228 Y117.80388 F8000
G1 Z1 F8000
G1 X376.61228 Y117.80388 F8000
G1 X376.61228 Y130.9498 F8000
G0 Z0
G1 X376.36228 Y130.5693 F8000
G1 Z1 F8000
G1 X376.36228 Y130.5693 F8000
G1 X376.36228 Y118.18341 F8000
G0 Z0
G1 X376.11228 Y118.56401 F8000
G1 Z1 F8000
G1 X376.11228 Y118.56401 F8000
G1 X376.11228 Y130.18881 F8000
G0 Z0
G1 X375.86228 Y129.80831 F8000
G1 Z1 F8000
G1 X375.86228 Y129.80831 F8000
G1 X375.86228 Y118.94657 F8000
G0 Z0
G1 X375.61228 Y119.32913 F8000
G1 Z1 F8000
G1 X375.61228 Y119.32913 F8000
G1 X375.61228 Y129.42414 F8000
G0 Z0
G1 X375.36228 Y129.03941 F8000
G1 Z1 F8000
G1 X375.36228 Y129.03941 F8000
G1 X375.36228 Y119.71169 F8000
G0 Z0
G1 X375.11228 Y120.09425 F8000
G1 Z1 F8000
G1 X375.11228 Y120.09425 F8000
G1 X375.11228 Y128.65469 F8000
G0 Z0
G1 X374.86228 Y128.26996 F8000
G1 Z1 F8000
G1 X374.86228 Y128.26996 F8000
G1 X374.86228 Y120.47681 F8000
G0 Z0
G1 X374.61228 Y120.85937 F8000
G1 Z1 F8000
G1 X374.61228 Y120.85937 F8000
G1 X374.61228 Y127.88524 F8000
G0 Z0
G1 X374.36228 Y127.50052 F8000
G1 Z1 F8000
G1 X374.36228 Y127.50052 F8000
G1 X374.36228 Y121.24193 F8000
G0 Z0
G1 X374.11228 Y121.62449 F8000
G1 Z1 F8000
G1 X374.11228 Y121.62449 F8000
G1 X374.11228 Y127.11125 F8000
G0 Z0
G1 X373.86228 Y126.72082 F8000
G1 Z1 F8000
G1 X373.86228 Y126.72082 F8000
G1 X373.86228 Y122.00705 F8000
G0 Z0
G1 X373.61228 Y122.38961 F8000
G1 Z1 F8000
G1 X373.61228 Y122.38961 F8000
G1 X373.61228 Y126.33039 F8000
G0 Z0
G1 X373.36228 Y125.93996 F8000
G1 Z1 F8000
G1 X373.36228 Y125.93996 F8000
G1 X373.36228 Y122.7737 F8000
G0 Z0
G1 X373.11228 Y123.16267 F8000
G1 Z1 F8000
G1 X373.11228 Y123.16267 F8000
G1 X373.11228 Y125.54299 F8000
G0 Z0
G1 X372.86228 Y125.13906 F8000
G1 Z1 F8000
G1 X372.86228 Y125.13906 F8000
G1 X372.86228 Y123.55165 F8000
G0 Z0
G1 X372.61228 Y123.94525 F8000
G1 Z1 F8000
G1 X372.61228 Y123.94525 F8000
G1 X372.61228 Y124.73512 F8000
G0 Z0
G1 X378.11228 Y133.23277 F8000
G1 Z1 F8000
G1 X378.11228 Y133.23277 F8000
G1 X378.11228 Y115.52665 F8000
G0 Z0
G1 X378.36228 Y115.14712 F8000
G1 Z1 F8000
G1 X378.36228 Y115.14712 F8000
G1 X378.36228 Y133.61327 F8000
G0 Z0
G1 X378.61228 Y133.99377 F8000
G1 Z1 F8000
G1 X378.61228 Y133.99377 F8000
G1 X378.61228 Y114.76758 F8000
G0 Z0
G1 X378.86228 Y114.38804 F8000
G1 Z1 F8000
G1 X378.86228 Y114.38804 F8000
G1 X378.86228 Y134.37426 F8000
G0 Z0
G1 X379.11228 Y134.75476 F8000
G1 Z1 F8000
G1 X379.11228 Y134.75476 F8000
G1 X379.11228 Y114.00851 F8000
G0 Z0
G1 X379.36229 Y113.62897 F8000
G1 Z1 F8000
G1 X379.36229 Y113.62897 F8000
G1 X379.36229 Y135.13525 F8000
G0 Z0
G1 X379.61229 Y135.51575 F8000
G1 Z1 F8000
G1 X379.61229 Y135.51575 F8000
G1 X379.61229 Y113.24943 F8000
G0 Z0
G1 X379.86229 Y112.8699 F8000
G1 Z1 F8000
G1 X379.86229 Y112.8699 F8000
G1 X379.86229 Y135.89624 F8000
G0 Z0
G1 X380.11229 Y136.27674 F8000
G1 Z1 F8000
G1 X380.11229 Y136.27674 F8000
G1 X380.11229 Y112.49036 F8000
G0 Z0
G1 X380.36229 Y112.11127 F8000
G1 Z1 F8000
G1 X380.36229 Y112.11127 F8000
G1 X380.36229 Y136.65541 F8000
G0 Z0
G1 X380.61229 Y137.03314 F8000
G1 Z1 F8000
G1 X380.61229 Y137.03314 F8000
G1 X380.61229 Y111.73352 F8000
G0 Z0
G1 X380.86229 Y111.35576 F8000
G1 Z1 F8000
G1 X380.86229 Y111.35576 F8000
G1 X380.86229 Y137.41086 F8000
G0 Z0
G1 X381.11229 Y137.78858 F8000
G1 Z1 F8000
G1 X381.11229 Y137.78858 F8000
G1 X381.11229 Y110.97801 F8000
G0 Z0
G1 X381.36229 Y110.60026 F8000
G1 Z1 F8000
G1 X381.36229 Y110.60026 F8000
G1 X381.36229 Y138.16631 F8000
G0 Z0
G1 X381.61229 Y138.54403 F8000
G1 Z1 F8000
G1 X381.61229 Y138.54403 F8000
G1 X381.61229 Y110.22251 F8000
G0 Z0
G1 X381.86229 Y109.84475 F8000
G1 Z1 F8000
G1 X381.86229 Y109.84475 F8000
G1 X381.86229 Y138.92175 F8000
G0 Z0
G1 X382.11229 Y139.29947 F8000
G1 Z1 F8000
G1 X382.11229 Y139.29947 F8000
G1 X382.11229 Y109.467 F8000
G0 Z0
G1 X382.36229 Y109.08925 F8000
G1 Z1 F8000
G1 X382.36229 Y109.08925 F8000
G1 X382.36229 Y139.6772 F8000
G0 Z0
G1 X382.61229 Y140.05492 F8000
G1 Z1 F8000
G1 X382.61229 Y140.05492 F8000
G1 X382.61229 Y108.7115 F8000
G0 Z0
G1 X382.86229 Y108.33375 F8000
G1 Z1 F8000
G1 X382.86229 Y108.33375 F8000
G1 X382.86229 Y140.43264 F8000
G0 Z0
G1 X383.11229 Y140.81037 F8000
G1 Z1 F8000
G1 X383.11229 Y140.81037 F8000
G1 X383.11229 Y107.95599 F8000
G0 Z0
G1 X383.36229 Y107.57824 F8000
G1 Z1 F8000
G1 X383.36229 Y107.57824 F8000
G1 X383.36229 Y141.18809 F8000
G0 Z0
G1 X383.61229 Y141.56581 F8000
G1 Z1 F8000
G1 X383.61229 Y141.56581 F8000
G1 X383.61229 Y107.20049 F8000
G0 Z0
G1 X383.86229 Y106.82274 F8000
G1 Z1 F8000
G1 X383.86229 Y106.82274 F8000
G1 X383.86229 Y141.94354 F8000
G0 Z0
G1 X384.11229 Y142.32126 F8000
G1 Z1 F8000
G1 X384.11229 Y142.32126 F8000
G1 X384.11229 Y106.44498 F8000
G0 Z0
G1 X384.36229 Y106.06723 F8000
G1 Z1 F8000
G1 X384.36229 Y106.06723 F8000
G1 X384.36229 Y142.69898 F8000
G0 Z0
G1 X384.61229 Y143.0767 F8000
G1 Z1 F8000
G1 X384.61229 Y143.0767 F8000
G1 X384.61229 Y105.68948 F8000
G0 Z0
G1 X384.86229 Y105.31173 F8000
G1 Z1 F8000
G1 X384.86229 Y105.31173 F8000
G1 X384.86229 Y143.45443 F8000
G0 Z0
G1 X385.11229 Y143.83215 F8000
G1 Z1 F8000
G1 X385.11229 Y143.83215 F8000
G1 X385.11229 Y104.93397 F8000
G0 Z0
G1 X385.36229 Y104.55664 F8000
G1 Z1 F8000
G1 X385.36229 Y104.55664 F8000
G1 X385.36229 Y144.20987 F8000
G0 Z0
G1 X385.61229 Y144.5876 F8000
G1 Z1 F8000
G1 X385.61229 Y144.5876 F8000
G1 X385.61229 Y104.18051 F8000
G0 Z0
G1 X385.86229 Y103.80437 F8000
G1 Z1 F8000
G1 X385.86229 Y103.80437 F8000
G1 X385.86229 Y144.96532 F8000
G0 Z0
G1 X386.11229 Y145.34304 F8000
G1 Z1 F8000
G1 X386.11229 Y145.34304 F8000
G1 X386.11229 Y103.42823 F8000
G0 Z0
G1 X386.36229 Y103.05209 F8000
G1 Z1 F8000
G1 X386.36229 Y103.05209 F8000
G1 X386.36229 Y145.72075 F8000
G0 Z0
G1 X386.61229 Y146.09762 F8000
G1 Z1 F8000
G1 X386.61229 Y146.09762 F8000
G1 X386.61229 Y126.25189 F8000
G0 Z0
G1 X386.86229 Y128.05257 F8000
G1 Z1 F8000
G1 X386.86229 Y128.05257 F8000
G1 X386.86229 Y146.47449 F8000
G0 Z0
G1 X387.11229 Y146.85136 F8000
G1 Z1 F8000
G1 X387.11229 Y146.85136 F8000
G1 X387.11229 Y129.20424 F8000
G0 Z0
G1 X387.36229 Y130.13319 F8000
G1 Z1 F8000
G1 X387.36229 Y130.13319 F8000
G1 X387.36229 Y147.22823 F8000
G0 Z0
G1 X387.61229 Y147.6051 F8000
G1 Z1 F8000
G1 X387.61229 Y147.6051 F8000
G1 X387.61229 Y130.93261 F8000
G0 Z0
G1 X387.86229 Y131.64338 F8000
G1 Z1 F8000
G1 X387.86229 Y131.64338 F8000
G1 X387.86229 Y147.98197 F8000
G0 Z0
G1 X388.11229 Y148.35884 F8000
G1 Z1 F8000
G1 X388.11229 Y148.35884 F8000
G1 X388.11229 Y132.27013 F8000
G0 Z0
G1 X388.36229 Y132.86114 F8000
G1 Z1 F8000
G1 X388.36229 Y132.86114 F8000
G1 X388.36229 Y148.73571 F8000
G0 Z0
G1 X388.61229 Y149.11258 F8000
G1 Z1 F8000
G1 X388.61229 Y149.11258 F8000
G1 X388.61229 Y133.41011 F8000
G0 Z0
G1 X388.86229 Y133.91852 F8000
G1 Z1 F8000
G1 X388.86229 Y133.91852 F8000
G1 X388.86229 Y149.48945 F8000
G0 Z0
G1 X389.11229 Y149.86632 F8000
G1 Z1 F8000
G1 X389.11229 Y149.86632 F8000
G1 X389.11229 Y134.41003 F8000
G0 Z0
G1 X389.36229 Y134.86277 F8000
G1 Z1 F8000
G1 X389.36229 Y134.86277 F8000
G1 X389.36229 Y150.24319 F8000
G0 Z0
G1 X389.61229 Y150.62006 F8000
G1 Z1 F8000
G1 X389.61229 Y150.62006 F8000
G1 X389.61229 Y135.30681 F8000
G0 Z0
G1 X389.86229 Y135.72121 F8000
G1 Z1 F8000
G1 X389.86229 Y135.72121 F8000
G1 X389.86229 Y150.99693 F8000
G0 Z0
G1 X390.11229 Y151.3738 F8000
G1 Z1 F8000
G1 X390.11229 Y151.3738 F8000
G1 X390.11229 Y136.12532 F8000
G0 Z0
G1 X390.36229 Y136.51296 F8000
G1 Z1 F8000
G1 X390.36229 Y136.51296 F8000
G1 X390.36229 Y151.75067 F8000
G0 Z0
G1 X390.61229 Y152.12754 F8000
G1 Z1 F8000
G1 X390.61229 Y152.12754 F8000
G1 X390.61229 Y136.88295 F8000
G0 Z0
G1 X390.86229 Y137.2518 F8000
G1 Z1 F8000
G1 X390.86229 Y137.2518 F8000
G1 X390.86229 Y152.50441 F8000
G0 Z0
G1 X391.11229 Y152.88128 F8000
G1 Z1 F8000
G1 X391.11229 Y152.88128 F8000
G1 X391.11229 Y137.59225 F8000
G0 Z0
G1 X391.36229 Y137.9327 F8000
G1 Z1 F8000
G1 X391.36229 Y137.9327 F8000
G1 X391.36229 Y153.25815 F8000
G0 Z0
G1 X391.61229 Y153.63502 F8000
G1 Z1 F8000
G1 X391.61229 Y153.63502 F8000
G1 X391.61229 Y138.26255 F8000
G0 Z0
G1 X391.86229 Y138.57713 F8000
G1 Z1 F8000
G1 X391.86229 Y138.57713 F8000
G1 X391.86229 Y154.01189 F8000
G0 Z0
G1 X392.11229 Y154.38876 F8000
G1 Z1 F8000
G1 X392.11229 Y154.38876 F8000
G1 X392.11229 Y138.8917 F8000
G0 Z0
G1 X392.36229 Y139.19263 F8000
G1 Z1 F8000
G1 X392.36229 Y139.19263 F8000
G1 X392.36229 Y154.76563 F8000
G0 Z0
G1 X392.61229 Y155.1425 F8000
G1 Z1 F8000
G1 X392.61229 Y155.1425 F8000
G1 X392.61229 Y139.48432 F8000
G0 Z0
G1 X392.86229 Y139.77601 F8000
G1 Z1 F8000
G1 X392.86229 Y139.77601 F8000
G1 X392.86229 Y155.51937 F8000
G0 Z0
G1 X393.11229 Y155.89624 F8000
G1 Z1 F8000
G1 X393.11229 Y155.89624 F8000
G1 X393.11229 Y140.05547 F8000
G0 Z0
G1 X393.36229 Y140.32673 F8000
G1 Z1 F8000
G1 X393.36229 Y140.32673 F8000
G1 X393.36229 Y156.27311 F8000
G0 Z0
G1 X393.61229 Y156.64998 F8000
G1 Z1 F8000
G1 X393.61229 Y156.64998 F8000
G1 X393.61229 Y140.59799 F8000
G0 Z0
G1 X393.86229 Y140.8628 F8000
G1 Z1 F8000
G1 X393.86229 Y140.8628 F8000
G1 X393.86229 Y157.02685 F8000
G0 Z0
G1 X394.11229 Y157.40372 F8000
G1 Z1 F8000
G1 X394.11229 Y157.40372 F8000
G1 X394.11229 Y141.11857 F8000
G0 Z0
G1 X394.36229 Y141.37312 F8000
G1 Z1 F8000
G1 X394.36229 Y141.37312 F8000
G1 X394.36229 Y157.78059 F8000
G0 Z0
G1 X394.61229 Y158.15746 F8000
G1 Z1 F8000
G1 X394.61229 Y158.15746 F8000
G1 X394.61229 Y141.61713 F8000
G0 Z0
G1 X394.86229 Y141.86114 F8000
G1 Z1 F8000
G1 X394.86229 Y141.86114 F8000
G1 X394.86229 Y158.53433 F8000
G0 Z0
G1 X395.11229 Y158.9112 F8000
G1 Z1 F8000
G1 X395.11229 Y158.9112 F8000
G1 X395.11229 Y142.0969 F8000
G0 Z0
G1 X395.36229 Y142.32967 F8000
G1 Z1 F8000
G1 X395.36229 Y142.32967 F8000
G1 X395.36229 Y159.28807 F8000
G0 Z0
G1 X395.61229 Y159.66494 F8000
G1 Z1 F8000
G1 X395.61229 Y159.66494 F8000
G1 X395.61229 Y142.5592 F8000
G0 Z0
G1 X395.86229 Y142.78122 F8000
G1 Z1 F8000
G1 X395.86229 Y142.78122 F8000
G1 X395.86229 Y160.04181 F8000
G0 Z0
G1 X396.11229 Y160.41868 F8000
G1 Z1 F8000
G1 X396.11229 Y160.41868 F8000
G1 X396.11229 Y143.00325 F8000
G0 Z0
G1 X396.36229 Y143.21703 F8000
G1 Z1 F8000
G1 X396.36229 Y143.21703 F8000
G1 X396.36229 Y160.79555 F8000
G0 Z0
G1 X396.61229 Y161.17242 F8000
G1 Z1 F8000
G1 X396.61229 Y161.17242 F8000
G1 X396.61229 Y143.42882 F8000
G0 Z0
G1 X396.86229 Y143.63823 F8000
G1 Z1 F8000
G1 X396.86229 Y143.63823 F8000
G1 X396.86229 Y161.54929 F8000
G0 Z0
G1 X397.11229 Y161.92616 F8000
G1 Z1 F8000
G1 X397.11229 Y161.92616 F8000
G1 X397.11229 Y143.84028 F8000
G0 Z0
G1 X397.36229 Y144.04233 F8000
G1 Z1 F8000
G1 X397.36229 Y144.04233 F8000
G1 X397.36229 Y162.30303 F8000
G0 Z0
G1 X397.61229 Y162.6799 F8000
G1 Z1 F8000
G1 X397.61229 Y162.6799 F8000
G1 X397.61229 Y144.23868 F8000
G0 Z0
G1 X397.8623 Y144.43147 F8000
G1 Z1 F8000
G1 X397.8623 Y144.43147 F8000
G1 X397.8623 Y163.05677 F8000
G0 Z0
G1 X398.1123 Y163.43364 F8000
G1 Z1 F8000
G1 X398.1123 Y163.43364 F8000
G1 X398.1123 Y144.62426 F8000
G0 Z0
G1 X398.3623 Y144.809 F8000
G1 Z1 F8000
G1 X398.3623 Y144.809 F8000
G1 X398.3623 Y163.81051 F8000
G0 Z0
G1 X398.6123 Y164.18738 F8000
G1 Z1 F8000
G1 X398.6123 Y164.18738 F8000
G1 X398.6123 Y144.993 F8000
G0 Z0
G1 X398.8623 Y145.17582 F8000
G1 Z1 F8000
G1 X398.8623 Y145.17582 F8000
G1 X398.8623 Y164.56425 F8000
G0 Z0
G1 X399.1123 Y164.94112 F8000
G1 Z1 F8000
G1 X399.1123 Y164.94112 F8000
G1 X399.1123 Y145.35149 F8000
G0 Z0
G1 X399.3623 Y145.52715 F8000
G1 Z1 F8000
G1 X399.3623 Y145.52715 F8000
G1 X399.3623 Y165.31799 F8000
G0 Z0
G1 X399.6123 Y165.69486 F8000
G1 Z1 F8000
G1 X399.6123 Y165.69486 F8000
G1 X399.6123 Y145.70051 F8000
G0 Z0
G1 X399.8623 Y145.86827 F8000
G1 Z1 F8000
G1 X399.8623 Y145.86827 F8000
G1 X399.8623 Y166.07173 F8000
G0 Z0
G1 X400.1123 Y166.4486 F8000
G1 Z1 F8000
G1 X400.1123 Y166.4486 F8000
G1 X400.1123 Y146.03604 F8000
G0 Z0
G1 X400.3623 Y146.20109 F8000
G1 Z1 F8000
G1 X400.3623 Y146.20109 F8000
G1 X400.3623 Y166.82547 F8000
G0 Z0
G1 X400.27522 Y167.0276 F8000
G1 Z1 F8000
G1 X400.27522 Y167.0276 F8000
G1 X372.01307 Y124.3782 F8000
G1 X398.12955 Y84.96709 F8000
G1 X372.01307 Y124.3782 F8000
G1 X400.27522 Y167.0276 F8000
G1 X458.27533 Y167.0276 F8000
G1 X458.27533 Y155.3927 F8000
G1 X431.06223 Y155.3927 F8000
G1 X431.06223 Y155.24223 F8000
G1 X426.49036 Y154.87935 F8000
G1 X421.87645 Y154.21366 F8000
G1 X418.06729 Y153.42303 F8000
G1 X414.37328 Y152.42976 F8000
G1 X410.1912 Y151.00418 F8000
G1 X406.24647 Y149.31916 F8000
G1 X402.57744 Y147.39106 F8000
G1 X399.13806 Y145.1807 F8000
G1 X396.13361 Y142.81996 F8000
G1 X394.73624 Y141.53802 F8000
G1 X393.44084 Y140.21204 F8000
G1 X392.30774 Y138.91462 F8000
G1 X391.22051 Y137.51254 F8000
G1 X390.29039 Y136.14928 F8000
G1 X389.42192 Y134.68478 F8000
G1 X388.36843 Y132.51517 F8000
G1 X387.56354 Y130.30143 F8000
G1 X387.01162 Y128.05551 F8000
G1 X386.72153 Y125.86783 F8000
G1 X386.67608 Y123.67237 F8000
G1 X386.89232 Y121.40258 F8000
G1 X387.36511 Y119.14913 F8000
G1 X388.06265 Y117.00029 F8000
G1 X389.03103 Y114.81414 F8000
G1 X390.24441 Y112.67977 F8000
G1 X391.64239 Y110.67891 F8000
G1 X393.31723 Y108.67943 F8000
G1 X395.21408 Y106.76472 F8000
G1 X397.32273 Y104.94504 F8000
G1 X399.54902 Y103.28748 F8000
G1 X402.03994 Y101.68262 F8000
G1 X404.42246 Y100.34759 F8000
G1 X406.93545 Y99.11669 F8000
G1 X409.4647 Y98.03629 F8000
G1 X412.20158 Y97.02471 F8000
G1 X414.92468 Y96.1637 F8000
G1 X417.83996 Y95.38821 F8000
G1 X420.82775 Y94.73829 F8000
G1 X423.87509 Y94.21674 F8000
G1 X427.44805 Y93.77742 F8000
G1 X431.06223 Y93.51453 F8000
G1 X431.06223 Y93.36407 F8000
G1 X458.27533 Y93.36407 F8000
G1 X458.27533 Y81.72917 F8000
G1 X411.58169 Y81.72917 F8000
G0 Z0
G1 X411.6123 Y81.96525 F8000
G1 Z1 F8000
G1 X411.6123 Y81.96525 F8000
G1 X411.6123 Y97.06483 F8000
G0 Z0
G1 X411.8623 Y96.97798 F8000
G1 Z1 F8000
G1 X411.8623 Y96.97798 F8000
G1 X411.8623 Y81.86626 F8000
G0 Z0
G1 X412.1123 Y81.86618 F8000
G1 Z1 F8000
G1 X412.1123 Y81.86618 F8000
G1 X412.1123 Y96.89113 F8000
G0 Z0
G1 X412.3623 Y96.80428 F8000
G1 Z1 F8000
G1 X412.3623 Y96.80428 F8000
G1 X412.3623 Y81.8661 F8000
G0 Z0
G1 X412.6123 Y81.86602 F8000
G1 Z1 F8000
G1 X412.6123 Y81.86602 F8000
G1 X412.6123 Y96.72156 F8000
G0 Z0
G1 X412.8623 Y96.63904 F8000
G1 Z1 F8000
G1 X412.8623 Y96.63904 F8000
G1 X412.8623 Y81.86594 F8000
G0 Z0
G1 X413.1123 Y81.86586 F8000
G1 Z1 F8000
G1 X413.1123 Y81.86586 F8000
G1 X413.1123 Y96.55651 F8000
G0 Z0
G1 X413.3623 Y96.47624 F8000
G1 Z1 F8000
G1 X413.3623 Y96.47624 F8000
G1 X413.3623 Y81.86578 F8000
G0 Z0
G1 X413.6123 Y81.8657 F8000
G1 Z1 F8000
G1 X413.6123 Y81.8657 F8000
G1 X413.6123 Y96.39905 F8000
G0 Z0
G1 X413.8623 Y96.32185 F8000
G1 Z1 F8000
G1 X413.8623 Y96.32185 F8000
G1 X413.8623 Y81.86562 F8000
G0 Z0
G1 X414.1123 Y81.86554 F8000
G1 Z1 F8000
G1 X414.1123 Y81.86554 F8000
G1 X414.1123 Y96.24466 F8000
G0 Z0
G1 X414.3623 Y96.16891 F8000
G1 Z1 F8000
G1 X414.3623 Y96.16891 F8000
G1 X414.3623 Y81.86546 F8000
G0 Z0
G1 X414.6123 Y81.86538 F8000
G1 Z1 F8000
G1 X414.6123 Y81.86538 F8000
G1 X414.6123 Y96.09722 F8000
G0 Z0
G1 X414.8623 Y96.02553 F8000
G1 Z1 F8000
G1 X414.8623 Y96.02553 F8000
G1 X414.8623 Y81.8653 F8000
G0 Z0
G1 X415.1123 Y81.86522 F8000
G1 Z1 F8000
G1 X415.1123 Y81.86522 F8000
G1 X415.1123 Y95.95384 F8000
G0 Z0
G1 X415.3623 Y95.88215 F8000
G1 Z1 F8000
G1 X415.3623 Y95.88215 F8000
G1 X415.3623 Y81.86514 F8000
G0 Z0
G1 X415.6123 Y81.86506 F8000
G1 Z1 F8000
G1 X415.6123 Y81.86506 F8000
G1 X415.6123 Y95.8143 F8000
G0 Z0
G1 X415.8623 Y95.74733 F8000
G1 Z1 F8000
G1 X415.8623 Y95.74733 F8000
G1 X415.8623 Y81.86498 F8000
G0 Z0
G1 X416.1123 Y81.8649 F8000
G1 Z1 F8000
G1 X416.1123 Y81.8649 F8000
G1 X416.1123 Y95.68035 F8000
G0 Z0
G1 X416.36231 Y95.61338 F8000
G1 Z1 F8000
G1 X416.36231 Y95.61338 F8000
G1 X416.36231 Y81.86482 F8000
G0 Z0
G1 X416.61231 Y81.86474 F8000
G1 Z1 F8000
G1 X416.61231 Y81.86474 F8000
G1 X416.61231 Y95.54712 F8000
G0 Z0
G1 X416.86231 Y95.48443 F8000
G1 Z1 F8000
G1 X416.86231 Y95.48443 F8000
G1 X416.86231 Y81.86466 F8000
G0 Z0
G1 X417.11231 Y81.86458 F8000
G1 Z1 F8000
G1 X417.11231 Y81.86458 F8000
G1 X417.11231 Y95.42174 F8000
G0 Z0
G1 X417.36231 Y95.35905 F8000
G1 Z1 F8000
G1 X417.36231 Y95.35905 F8000
G1 X417.36231 Y81.8645 F8000
G0 Z0
G1 X417.61231 Y81.86442 F8000
G1 Z1 F8000
G1 X417.61231 Y81.86442 F8000
G1 X417.61231 Y95.29636 F8000
G0 Z0
G1 X417.86231 Y95.23534 F8000
G1 Z1 F8000
G1 X417.86231 Y95.23534 F8000
G1 X417.86231 Y81.86434 F8000
G0 Z0
G1 X418.11231 Y81.86426 F8000
G1 Z1 F8000
G1 X418.11231 Y81.86426 F8000
G1 X418.11231 Y95.17678 F8000
G0 Z0
G1 X418.36231 Y95.11822 F8000
G1 Z1 F8000
G1 X418.36231 Y95.11822 F8000
G1 X418.36231 Y81.86418 F8000
G0 Z0
G1 X418.61231 Y81.8641 F8000
G1 Z1 F8000
G1 X418.61231 Y81.8641 F8000
G1 X418.61231 Y95.05966 F8000
G0 Z0
G1 X418.86231 Y95.0011 F8000
G1 Z1 F8000
G1 X418.86231 Y95.0011 F8000
G1 X418.86231 Y81.86402 F8000
G0 Z0
G1 X419.11231 Y81.86394 F8000
G1 Z1 F8000
G1 X419.11231 Y81.86394 F8000
G1 X419.11231 Y94.94513 F8000
G0 Z0
G1 X419.36231 Y94.89077 F8000
G1 Z1 F8000
G1 X419.36231 Y94.89077 F8000
G1 X419.36231 Y81.86386 F8000
G0 Z0
G1 X419.61231 Y81.86378 F8000
G1 Z1 F8000
G1 X419.61231 Y81.86378 F8000
G1 X419.61231 Y94.83641 F8000
G0 Z0
G1 X419.86231 Y94.78205 F8000
G1 Z1 F8000
G1 X419.86231 Y94.78205 F8000
G1 X419.86231 Y81.8637 F8000
G0 Z0
G1 X420.11231 Y81.86362 F8000
G1 Z1 F8000
G1 X420.11231 Y81.86362 F8000
G1 X420.11231 Y94.72768 F8000
G0 Z0
G1 X420.36231 Y94.67737 F8000
G1 Z1 F8000
G1 X420.36231 Y94.67737 F8000
G1 X420.36231 Y81.86354 F8000
G0 Z0
G1 X420.61231 Y81.86346 F8000
G1 Z1 F8000
G1 X420.61231 Y81.86346 F8000
G1 X420.61231 Y94.62753 F8000
G0 Z0
G1 X420.86231 Y94.57768 F8000
G1 Z1 F8000
G1 X420.86231 Y94.57768 F8000
G1 X420.86231 Y81.86338 F8000
G0 Z0
G1 X421.11231 Y81.8633 F8000
G1 Z1 F8000
G1 X421.11231 Y81.8633 F8000
G1 X421.11231 Y94.52784 F8000
G0 Z0
G1 X421.36231 Y94.47967 F8000
G1 Z1 F8000
G1 X421.36231 Y94.47967 F8000
G1 X421.36231 Y81.86322 F8000
G0 Z0
G1 X421.61231 Y81.86314 F8000
G1 Z1 F8000
G1 X421.61231 Y81.86314 F8000
G1 X421.61231 Y94.43497 F8000
G0 Z0
G1 X421.48015 Y94.61491 F8000
G1 Z1 F8000
G1 X421.48015 Y94.61491 F8000
G1 X421.19327 Y95.38411 F8000
G1 X421.02491 Y96.26766 F8000
G1 X425.87904 Y96.24702 F8000
G1 X428.43857 Y93.68749 F8000
G0 Z0
G1 X428.36231 Y93.53685 F8000
G1 Z1 F8000
G1 X428.36231 Y93.53685 F8000
G1 X428.36231 Y81.86098 F8000
G0 Z0
G1 X428.11231 Y81.86106 F8000
G1 Z1 F8000
G1 X428.11231 Y81.86106 F8000
G1 X428.11231 Y93.56259 F8000
G0 Z0
G1 X427.86231 Y93.58833 F8000
G1 Z1 F8000
G1 X427.86231 Y93.58833 F8000
G1 X427.86231 Y81.86114 F8000
G0 Z0
G1 X427.61231 Y81.86122 F8000
G1 Z1 F8000
G1 X427.61231 Y81.86122 F8000
G1 X427.61231 Y93.61407 F8000
G0 Z0
G1 X427.36231 Y93.63981 F8000
G1 Z1 F8000
G1 X427.36231 Y93.63981 F8000
G1 X427.36231 Y81.8613 F8000
G0 Z0
G1 X427.11231 Y81.86138 F8000
G1 Z1 F8000
G1 X427.11231 Y81.86138 F8000
G1 X427.11231 Y93.66735 F8000
G0 Z0
G1 X426.86231 Y93.69551 F8000
G1 Z1 F8000
G1 X426.86231 Y93.69551 F8000
G1 X426.86231 Y81.86146 F8000
G0 Z0
G1 X426.61231 Y81.86154 F8000
G1 Z1 F8000
G1 X426.61231 Y81.86154 F8000
G1 X426.61231 Y93.72367 F8000
G0 Z0
G1 X426.36231 Y93.75183 F8000
G1 Z1 F8000
G1 X426.36231 Y93.75183 F8000
G1 X426.36231 Y81.86162 F8000
G0 Z0
G1 X426.11231 Y81.8617 F8000
G1 Z1 F8000
G1 X426.11231 Y81.8617 F8000
G1 X426.11231 Y93.77999 F8000
G0 Z0
G1 X425.86231 Y93.80815 F8000
G1 Z1 F8000
G1 X425.86231 Y93.80815 F8000
G1 X425.86231 Y81.86178 F8000
G0 Z0
G1 X425.61231 Y81.86186 F8000
G1 Z1 F8000
G1 X425.61231 Y81.86186 F8000
G1 X425.61231 Y93.83631 F8000
G0 Z0
G1 X425.36231 Y93.86447 F8000
G1 Z1 F8000
G1 X425.36231 Y93.86447 F8000
G1 X425.36231 Y81.86194 F8000
G0 Z0
G1 X425.11231 Y81.86202 F8000
G1 Z1 F8000
G1 X425.11231 Y81.86202 F8000
G1 X425.11231 Y93.89712 F8000
G0 Z0
G1 X424.86231 Y93.93052 F8000
G1 Z1 F8000
G1 X424.86231 Y93.93052 F8000
G1 X424.86231 Y81.8621 F8000
G0 Z0
G1 X424.61231 Y81.86218 F8000
G1 Z1 F8000
G1 X424.61231 Y81.86218 F8000
G1 X424.61231 Y93.96392 F8000
G0 Z0
G1 X424.36231 Y93.99732 F8000
G1 Z1 F8000
G1 X424.36231 Y93.99732 F8000
G1 X424.36231 Y81.86226 F8000
G0 Z0
G1 X424.11231 Y81.86234 F8000
G1 Z1 F8000
G1 X424.11231 Y81.86234 F8000
G1 X424.11231 Y94.03072 F8000
G0 Z0
G1 X423.86231 Y94.06412 F8000
G1 Z1 F8000
G1 X423.86231 Y94.06412 F8000
G1 X423.86231 Y81.86242 F8000
G0 Z0
G1 X423.61231 Y81.8625 F8000
G1 Z1 F8000
G1 X423.61231 Y81.8625 F8000
G1 X423.61231 Y94.10274 F8000
G0 Z0
G1 X423.36231 Y94.14236 F8000
G1 Z1 F8000
G1 X423.36231 Y94.14236 F8000
G1 X423.36231 Y81.86258 F8000
G0 Z0
G1 X423.11231 Y81.86266 F8000
G1 Z1 F8000
G1 X423.11231 Y81.86266 F8000
G1 X423.11231 Y94.18199 F8000
G0 Z0
G1 X422.86231 Y94.22161 F8000
G1 Z1 F8000
G1 X422.86231 Y94.22161 F8000
G1 X422.86231 Y81.86274 F8000
G0 Z0
G1 X422.61231 Y81.86282 F8000
G1 Z1 F8000
G1 X422.61231 Y81.86282 F8000
G1 X422.61231 Y94.26123 F8000
G0 Z0
G1 X422.36231 Y94.30088 F8000
G1 Z1 F8000
G1 X422.36231 Y94.30088 F8000
G1 X422.36231 Y81.8629 F8000
G0 Z0
G1 X422.11231 Y81.86298 F8000
G1 Z1 F8000
G1 X422.11231 Y81.86298 F8000
G1 X422.11231 Y94.34558 F8000
G0 Z0
G1 X421.86231 Y94.39027 F8000
G1 Z1 F8000
G1 X421.86231 Y94.39027 F8000
G1 X421.86231 Y81.86306 F8000
G0 Z0
G1 X421.03801 Y80.02716 F8000
G1 Z1 F8000
G1 X421.03801 Y80.02716 F8000
G1 X426.61654 Y74.44865 F8000
G0 Z0
G1 X426.81821 Y73.8934 F8000
G1 Z1 F8000
G1 X426.81821 Y73.8934 F8000
G1 X420.47495 Y80.23665 F8000
G0 Z0
G1 X419.96306 Y80.39503 F8000
G1 Z1 F8000
G1 X419.96306 Y80.39503 F8000
G1 X426.96918 Y73.38889 F8000
G0 Z0
G1 X427.08282 Y72.92169 F8000
G1 Z1 F8000
G1 X427.08282 Y72.92169 F8000
G1 X419.48977 Y80.51473 F8000
G0 Z0
G1 X419.04503 Y80.60593 F8000
G1 Z1 F8000
G1 X419.04503 Y80.60593 F8000
G1 X427.16801 Y72.48295 F8000
G0 Z0
G1 X427.23082 Y72.06661 F8000
G1 Z1 F8000
G1 X427.23082 Y72.06661 F8000
G1 X418.62451 Y80.6729 F8000
G0 Z0
G1 X418.22348 Y80.72039 F8000
G1 Z1 F8000
G1 X418.22348 Y80.72039 F8000
G1 X427.27564 Y71.66822 F8000
G0 Z0
G1 X427.29819 Y71.29212 F8000
G1 Z1 F8000
G1 X427.29819 Y71.29212 F8000
G1 X417.83885 Y80.75145 F8000
G0 Z0
G1 X417.46833 Y80.76841 F8000
G1 Z1 F8000
G1 X417.46833 Y80.76841 F8000
G1 X427.30795 Y70.92879 F8000
G0 Z0
G1 X427.30758 Y70.5756 F8000
G1 Z1 F8000
G1 X427.30758 Y70.5756 F8000
G1 X417.11008 Y80.77312 F8000
G0 Z0
G1 X416.76343 Y80.76622 F8000
G1 Z1 F8000
G1 X416.76343 Y80.76622 F8000
G1 X427.29152 Y70.23812 F8000
G0 Z0
G1 X427.26604 Y69.91007 F8000
G1 Z1 F8000
G1 X427.26604 Y69.91007 F8000
G1 X416.43079 Y80.74529 F8000
G0 Z0
G1 X416.10689 Y80.71563 F8000
G1 Z1 F8000
G1 X416.10689 Y80.71563 F8000
G1 X427.23336 Y69.58915 F8000
G0 Z0
G1 X427.1868 Y69.28218 F8000
G1 Z1 F8000
G1 X427.1868 Y69.28218 F8000
G1 X415.7909 Y80.67808 F8000
G0 Z0
G1 X415.4862 Y80.62924 F8000
G1 Z1 F8000
G1 X415.4862 Y80.62924 F8000
G1 X427.13639 Y68.97902 F8000
G0 Z0
G1 X427.07438 Y68.68748 F8000
G1 Z1 F8000
G1 X427.07438 Y68.68748 F8000
G1 X415.19 Y80.57188 F8000
G0 Z0
G1 X414.89988 Y80.50843 F8000
G1 Z1 F8000
G1 X414.89988 Y80.50843 F8000
G1 X427.00759 Y68.40072 F8000
G0 Z0
G1 X426.93243 Y68.12235 F8000
G1 Z1 F8000
G1 X426.93243 Y68.12235 F8000
G1 X414.62001 Y80.43477 F8000
G0 Z0
G1 X414.34376 Y80.35746 F8000
G1 Z1 F8000
G1 X414.34376 Y80.35746 F8000
G1 X426.85136 Y67.84983 F8000
G0 Z0
G1 X426.76381 Y67.58385 F8000
G1 Z1 F8000
G1 X426.76381 Y67.58385 F8000
G1 X414.06983 Y80.27782 F8000
G0 Z0
G1 X413.79591 Y80.19821 F8000
G1 Z1 F8000
G1 X413.79591 Y80.19821 F8000
G1 X426.67025 Y67.32387 F8000
G0 Z0
G1 X426.57093 Y67.0696 F8000
G1 Z1 F8000
G1 X426.57093 Y67.0696 F8000
G1 X413.52199 Y80.11857 F8000
G0 Z0
G1 X413.24806 Y80.03893 F8000
G1 Z1 F8000
G1 X413.24806 Y80.03893 F8000
G1 X426.46634 Y66.82068 F8000
G0 Z0
G1 X426.35582 Y66.57761 F8000
G1 Z1 F8000
G1 X426.35582 Y66.57761 F8000
G1 X410.88478 Y82.04865 F8000
G0 Z0
G1 X411.1123 Y82.38254 F8000
G1 Z1 F8000
G1 X411.1123 Y82.38254 F8000
G1 X411.1123 Y97.24538 F8000
G0 Z0
G1 X411.3623 Y97.15413 F8000
G1 Z1 F8000
G1 X411.3623 Y97.15413 F8000
G1 X411.3623 Y82.1739 F8000
G0 Z0
G1 X372.93082 Y123.44192 F8000
G1 Z1 F8000
G1 X372.93082 Y123.44192 F8000
G1 X372.3884 Y124.32069 F8000
G1 X373.23998 Y125.74909 F8000
G1 X380.67986 Y137.13722 F8000
G1 X400.37579 Y166.8458 F8000
G1 X458.07313 Y166.91327 F8000
G1 X458.07313 Y155.55161 F8000
G1 X431.7799 Y155.41102 F8000
G1 X428.15118 Y155.21881 F8000
G1 X423.62393 Y154.666 F8000
G1 X420.69915 Y154.16024 F8000
G1 X417.80693 Y153.52439 F8000
G1 X414.96453 Y152.76357 F8000
G1 X412.0949 Y151.85047 F8000
G1 X409.40709 Y150.85125 F8000
G1 X406.82144 Y149.74262 F8000
G1 X404.31783 Y148.51125 F8000
G1 X401.97554 Y147.20564 F8000
G1 X398.58714 Y144.97717 F8000
G1 X397.04324 Y143.78738 F8000
G1 X395.51935 Y142.47627 F8000
G1 X394.15301 Y141.16322 F8000
G1 X392.83691 Y139.75083 F8000
G1 X391.63851 Y138.30076 F8000
G1 X390.56542 Y136.82319 F8000
G1 X389.61786 Y135.32107 F8000
G1 X388.79607 Y133.79734 F8000
G1 X388.10028 Y132.25492 F8000
G1 X387.53072 Y130.69676 F8000
G1 X387.08763 Y129.12579 F8000
G1 X386.77124 Y127.54495 F8000
G1 X386.58178 Y125.95718 F8000
G1 X386.51949 Y124.36542 F8000
G1 X386.58459 Y122.77259 F8000
G1 X386.77732 Y121.18164 F8000
G1 X387.09791 Y119.59551 F8000
G1 X387.5466 Y118.01712 F8000
G1 X388.12361 Y116.44943 F8000
G1 X388.82918 Y114.89536 F8000
G1 X389.66355 Y113.35786 F8000
G1 X390.62694 Y111.83985 F8000
G1 X391.70309 Y110.36584 F8000
G1 X392.83326 Y109.00432 F8000
G1 X394.13118 Y107.61741 F8000
G1 X395.5387 Y106.27711 F8000
G1 X397.05135 Y104.98629 F8000
G1 X398.66469 Y103.74789 F8000
G1 X402.17564 Y101.43989 F8000
G1 X404.52642 Y100.13216 F8000
G1 X407.00265 Y98.92362 F8000
G1 X409.59586 Y97.81978 F8000
G1 X412.29763 Y96.82615 F8000
G1 X414.99494 Y95.9849 F8000
G1 X418.0187 Y95.19705 F8000
G1 X420.95436 Y94.55708 F8000
G1 X423.78587 Y94.07483 F8000
G1 X428.41127 Y93.52992 F8000
G1 X431.21386 Y93.3087 F8000
G1 X439.93662 Y93.22729 F8000
G1 X458.07313 Y93.21974 F8000
G1 X458.07313 Y81.85149 F8000
G1 X411.73086 Y81.8663 F8000
G1 X410.11313 Y83.16975 F8000
G1 X408.6534 Y84.09565 F8000
G1 X407.01524 Y84.86397 F8000
G1 X405.39022 Y85.38469 F8000
G1 X403.90475 Y85.64936 F8000
G1 X401.94925 Y85.72511 F8000
G1 X400.27293 Y85.62361 F8000
G1 X398.38254 Y85.28162 F8000
G1 X396.56185 Y87.80001 F8000
G1 X391.39197 Y95.48544 F8000
G1 X372.93082 Y123.44192 F8000
G0 Z0
G1 X410.8623 Y82.58956 F8000
G1 Z1 F8000
G1 X410.8623 Y82.58956 F8000
G1 X410.8623 Y97.33663 F8000
G0 Z0
G1 X410.6123 Y97.42836 F8000
G1 Z1 F8000
G1 X410.6123 Y97.42836 F8000
G1 X410.6123 Y82.79204 F8000
G0 Z0
G1 X410.3623 Y82.9838 F8000
G1 Z1 F8000
G1 X410.3623 Y82.9838 F8000
G1 X410.3623 Y97.52411 F8000
G0 Z0
G1 X410.1123 Y97.61985 F8000
G1 Z1 F8000
G1 X410.1123 Y97.61985 F8000
G1 X410.1123 Y83.1685 F8000
G0 Z0
G1 X409.8623 Y83.34652 F8000
G1 Z1 F8000
G1 X409.8623 Y83.34652 F8000
G1 X409.8623 Y97.71559 F8000
G0 Z0
G1 X409.6123 Y97.81454 F8000
G1 Z1 F8000
G1 X409.6123 Y97.81454 F8000
G1 X409.6123 Y83.5143 F8000
G0 Z0
G1 X409.3623 Y83.67516 F8000
G1 Z1 F8000
G1 X409.3623 Y83.67516 F8000
G1 X409.3623 Y97.91487 F8000
G0 Z0
G1 X409.1123 Y98.0152 F8000
G1 Z1 F8000
G1 X409.1123 Y98.0152 F8000
G1 X409.1123 Y83.83029 F8000
G0 Z0
G1 X408.8623 Y83.97684 F8000
G1 Z1 F8000
G1 X408.8623 Y83.97684 F8000
G1 X408.8623 Y98.11711 F8000
G0 Z0
G1 X408.6123 Y98.22212 F8000
G1 Z1 F8000
G1 X408.6123 Y98.22212 F8000
G1 X408.6123 Y84.11636 F8000
G0 Z0
G1 X408.3623 Y84.25093 F8000
G1 Z1 F8000
G1 X408.3623 Y84.25093 F8000
G1 X408.3623 Y98.32714 F8000
G0 Z0
G1 X408.1123 Y98.43224 F8000
G1 Z1 F8000
G1 X408.1123 Y98.43224 F8000
G1 X408.1123 Y84.37749 F8000
G0 Z0
G1 X407.8623 Y84.49774 F8000
G1 Z1 F8000
G1 X407.8623 Y84.49774 F8000
G1 X407.8623 Y98.54205 F8000
G0 Z0
G1 X407.6123 Y98.65186 F8000
G1 Z1 F8000
G1 X407.6123 Y98.65186 F8000
G1 X407.6123 Y84.61368 F8000
G0 Z0
G1 X407.3623 Y84.72131 F8000
G1 Z1 F8000
G1 X407.3623 Y84.72131 F8000
G1 X407.3623 Y98.76167 F8000
G0 Z0
G1 X407.1123 Y98.87516 F8000
G1 Z1 F8000
G1 X407.1123 Y98.87516 F8000
G1 X407.1123 Y84.82399 F8000
G0 Z0
G1 X406.8623 Y84.9225 F8000
G1 Z1 F8000
G1 X406.8623 Y84.9225 F8000
G1 X406.8623 Y98.98989 F8000
G0 Z0
G1 X406.6123 Y99.10462 F8000
G1 Z1 F8000
G1 X406.6123 Y99.10462 F8000
G1 X406.6123 Y85.0125 F8000
G0 Z0
G1 X406.3623 Y85.09905 F8000
G1 Z1 F8000
G1 X406.3623 Y85.09905 F8000
G1 X406.3623 Y99.22198 F8000
G0 Z0
G1 X406.1123 Y99.34176 F8000
G1 Z1 F8000
G1 X406.1123 Y99.34176 F8000
G1 X406.1123 Y85.17992 F8000
G0 Z0
G1 X405.8623 Y85.2546 F8000
G1 Z1 F8000
G1 X405.8623 Y85.2546 F8000
G1 X405.8623 Y99.46153 F8000
G0 Z0
G1 X405.6123 Y99.58311 F8000
G1 Z1 F8000
G1 X405.6123 Y99.58311 F8000
G1 X405.6123 Y85.32621 F8000
G0 Z0
G1 X405.3623 Y85.39016 F8000
G1 Z1 F8000
G1 X405.3623 Y85.39016 F8000
G1 X405.3623 Y99.70807 F8000
G0 Z0
G1 X405.1123 Y99.83304 F8000
G1 Z1 F8000
G1 X405.1123 Y99.83304 F8000
G1 X405.1123 Y85.45059 F8000
G0 Z0
G1 X404.8623 Y85.50629 F8000
G1 Z1 F8000
G1 X404.8623 Y85.50629 F8000
G1 X404.8623 Y99.95917 F8000
G0 Z0
G1 X404.6123 Y100.08948 F8000
G1 Z1 F8000
G1 X404.6123 Y100.08948 F8000
G1 X404.6123 Y85.55081 F8000
G0 Z0
G1 X404.3623 Y85.59165 F8000
G1 Z1 F8000
G1 X404.3623 Y85.59165 F8000
G1 X404.3623 Y100.2198 F8000
G0 Z0
G1 X404.1123 Y100.35089 F8000
G1 Z1 F8000
G1 X404.1123 Y100.35089 F8000
G1 X404.1123 Y85.62432 F8000
G0 Z0
G1 X403.8623 Y85.64948 F8000
G1 Z1 F8000
G1 X403.8623 Y85.64948 F8000
G1 X403.8623 Y100.48671 F8000
G0 Z0
G1 X403.6123 Y100.62253 F8000
G1 Z1 F8000
G1 X403.6123 Y100.62253 F8000
G1 X403.6123 Y85.67464 F8000
G0 Z0
G1 X403.3623 Y85.68899 F8000
G1 Z1 F8000
G1 X403.3623 Y85.68899 F8000
G1 X403.3623 Y100.75902 F8000
G0 Z0
G1 X403.1123 Y100.90054 F8000
G1 Z1 F8000
G1 X403.1123 Y100.90054 F8000
G1 X403.1123 Y85.70273 F8000
G0 Z0
G1 X402.8623 Y85.71506 F8000
G1 Z1 F8000
G1 X402.8623 Y85.71506 F8000
G1 X402.8623 Y101.04206 F8000
G0 Z0
G1 X402.6123 Y101.18442 F8000
G1 Z1 F8000
G1 X402.6123 Y101.18442 F8000
G1 X402.6123 Y85.71926 F8000
G0 Z0
G1 X402.3623 Y85.72346 F8000
G1 Z1 F8000
G1 X402.3623 Y85.72346 F8000
G1 X402.3623 Y101.33183 F8000
G0 Z0
G1 X402.1123 Y101.47925 F8000
G1 Z1 F8000
G1 X402.1123 Y101.47925 F8000
G1 X402.1123 Y85.72545 F8000
G0 Z0
G1 X401.8623 Y85.72059 F8000
G1 Z1 F8000
G1 X401.8623 Y85.72059 F8000
G1 X401.8623 Y101.62803 F8000
G0 Z0
G1 X401.6123 Y101.78155 F8000
G1 Z1 F8000
G1 X401.6123 Y101.78155 F8000
G1 X401.6123 Y85.71573 F8000
G0 Z0
G1 X401.3623 Y85.70742 F8000
G1 Z1 F8000
G1 X401.3623 Y85.70742 F8000
G1 X401.3623 Y101.93507 F8000
G0 Z0
G1 X401.1123 Y102.09088 F8000
G1 Z1 F8000
G1 X401.1123 Y102.09088 F8000
G1 X401.1123 Y85.69283 F8000
G0 Z0
G1 X400.8623 Y85.67823 F8000
G1 Z1 F8000
G1 X400.8623 Y85.67823 F8000
G1 X400.8623 Y102.25075 F8000
G0 Z0
G1 X400.6123 Y102.41062 F8000
G1 Z1 F8000
G1 X400.6123 Y102.41062 F8000
G1 X400.6123 Y85.65652 F8000
G0 Z0
G1 X400.3623 Y85.63001 F8000
G1 Z1 F8000
G1 X400.3623 Y85.63001 F8000
G1 X400.3623 Y102.57413 F8000
G0 Z0
G1 X400.1123 Y102.74061 F8000
G1 Z1 F8000
G1 X400.1123 Y102.74061 F8000
G1 X400.1123 Y85.60193 F8000
G0 Z0
G1 X399.8623 Y85.55857 F8000
G1 Z1 F8000
G1 X399.8623 Y85.55857 F8000
G1 X399.8623 Y102.90709 F8000
G0 Z0
G1 X399.6123 Y103.07907 F8000
G1 Z1 F8000
G1 X399.6123 Y103.07907 F8000
G1 X399.6123 Y85.51521 F8000
G0 Z0
G1 X399.3623 Y85.46351 F8000
G1 Z1 F8000
G1 X399.3623 Y85.46351 F8000
G1 X399.3623 Y103.25244 F8000
G0 Z0
G1 X399.1123 Y103.42656 F8000
G1 Z1 F8000
G1 X399.1123 Y103.42656 F8000
G1 X399.1123 Y85.41147 F8000
G0 Z0
G1 X398.8623 Y85.35943 F8000
G1 Z1 F8000
G1 X398.8623 Y85.35943 F8000
G1 X398.8623 Y103.60713 F8000
G0 Z0
G1 X398.6123 Y103.7877 F8000
G1 Z1 F8000
G1 X398.6123 Y103.7877 F8000
G1 X398.6123 Y85.31665 F8000
G0 Z0
G1 X398.3623 Y85.30349 F8000
G1 Z1 F8000
G1 X398.3623 Y85.30349 F8000
G1 X398.3623 Y103.97181 F8000
G0 Z0
G1 X398.1123 Y104.15992 F8000
G1 Z1 F8000
G1 X398.1123 Y104.15992 F8000
G1 X398.1123 Y85.60023 F8000
G0 Z0
G1 X397.8623 Y85.94364 F8000
G1 Z1 F8000
G1 X397.8623 Y85.94364 F8000
G1 X397.8623 Y104.34803 F8000
G0 Z0
G1 X397.61229 Y104.54322 F8000
G1 Z1 F8000
G1 X397.61229 Y104.54322 F8000
G1 X397.61229 Y86.28705 F8000
G0 Z0
G1 X397.36229 Y86.64529 F8000
G1 Z1 F8000
G1 X397.36229 Y86.64529 F8000
G1 X397.36229 Y104.73925 F8000
G0 Z0
G1 X397.11229 Y104.93846 F8000
G1 Z1 F8000
G1 X397.11229 Y104.93846 F8000
G1 X397.11229 Y87.00557 F8000
G0 Z0
G1 X396.86229 Y87.36586 F8000
G1 Z1 F8000
G1 X396.86229 Y87.36586 F8000
G1 X396.86229 Y105.14281 F8000
G0 Z0
G1 X396.61229 Y105.34717 F8000
G1 Z1 F8000
G1 X396.61229 Y105.34717 F8000
G1 X396.61229 Y87.72657 F8000
G0 Z0
G1 X396.36229 Y88.09424 F8000
G1 Z1 F8000
G1 X396.36229 Y88.09424 F8000
G1 X396.36229 Y105.5597 F8000
G0 Z0
G1 X396.11229 Y105.77284 F8000
G1 Z1 F8000
G1 X396.11229 Y105.77284 F8000
G1 X396.11229 Y88.46192 F8000
G0 Z0
G1 X395.86229 Y88.82959 F8000
G1 Z1 F8000
G1 X395.86229 Y88.82959 F8000
G1 X395.86229 Y105.99104 F8000
G0 Z0
G1 X395.61229 Y106.21348 F8000
G1 Z1 F8000
G1 X395.61229 Y106.21348 F8000
G1 X395.61229 Y89.19726 F8000
G0 Z0
G1 X395.36229 Y89.56494 F8000
G1 Z1 F8000
G1 X395.36229 Y89.56494 F8000
G1 X395.36229 Y106.43808 F8000
G0 Z0
G1 X395.11229 Y106.67038 F8000
G1 Z1 F8000
G1 X395.11229 Y106.67038 F8000
G1 X395.11229 Y89.93595 F8000
G0 Z0
G1 X394.86229 Y90.30894 F8000
G1 Z1 F8000
G1 X394.86229 Y90.30894 F8000
G1 X394.86229 Y106.90268 F8000
G0 Z0
G1 X395.11229 Y107.04498 F8000
G1 Z1 F8000
G1 X395.11229 Y107.04498 F8000
G1 X395.11229 Y107.14891 F8000
G0 Z0
G1 X394.86229 Y107.29418 F8000
G1 Z1 F8000
G1 X394.86229 Y107.29418 F8000
G1 X394.86229 Y107.39328 F8000
G0 Z0
G1 X394.61229 Y107.5536 F8000
G1 Z1 F8000
G1 X394.61229 Y107.5536 F8000
G1 X394.61229 Y107.63671 F8000
G0 Z0
G1 X395.21207 Y107.04865 F8000
G1 Z1 F8000
G1 X395.21207 Y107.04865 F8000
G1 X395.33401 Y106.87002 F8000
G1 X393.67542 Y108.53333 F8000
G1 X395.21207 Y107.04865 F8000
G0 Z0
G1 X394.36229 Y107.81408 F8000
G1 Z1 F8000
G1 X394.36229 Y107.81408 F8000
G1 X394.36229 Y107.87735 F8000
G0 Z0
G1 X394.11229 Y108.09598 F8000
G1 Z1 F8000
G1 X394.11229 Y108.09598 F8000
G1 X394.11229 Y108.09598 F8000
G0 Z0
G1 X393.86229 Y108.34625 F8000
G1 Z1 F8000
G1 X393.86229 Y108.34625 F8000
G1 X393.86229 Y108.34625 F8000
G0 Z0
G1 X393.61229 Y108.15505 F8000
G1 Z1 F8000
G1 X393.61229 Y108.15505 F8000
G1 X393.61229 Y92.1739 F8000
G0 Z0
G1 X393.36229 Y92.54689 F8000
G1 Z1 F8000
G1 X393.36229 Y92.54689 F8000
G1 X393.36229 Y108.42103 F8000
G0 Z0
G1 X393.11229 Y108.69467 F8000
G1 Z1 F8000
G1 X393.11229 Y108.69467 F8000
G1 X393.11229 Y92.91988 F8000
G0 Z0
G1 X392.86229 Y93.29287 F8000
G1 Z1 F8000
G1 X392.86229 Y93.29287 F8000
G1 X392.86229 Y108.97353 F8000
G0 Z0
G1 X392.61229 Y109.26088 F8000
G1 Z1 F8000
G1 X392.61229 Y109.26088 F8000
G1 X392.61229 Y93.66587 F8000
G0 Z0
G1 X392.36229 Y94.03886 F8000
G1 Z1 F8000
G1 X392.36229 Y94.03886 F8000
G1 X392.36229 Y109.55364 F8000
G0 Z0
G1 X392.11229 Y109.85692 F8000
G1 Z1 F8000
G1 X392.11229 Y109.85692 F8000
G1 X392.11229 Y94.41185 F8000
G0 Z0
G1 X391.86229 Y94.78484 F8000
G1 Z1 F8000
G1 X391.86229 Y94.78484 F8000
G1 X391.86229 Y110.16474 F8000
G0 Z0
G1 X391.61229 Y110.48662 F8000
G1 Z1 F8000
G1 X391.61229 Y110.48662 F8000
G1 X391.61229 Y95.15783 F8000
G0 Z0
G1 X391.36229 Y95.53082 F8000
G1 Z1 F8000
G1 X391.36229 Y95.53082 F8000
G1 X391.36229 Y110.81285 F8000
G0 Z0
G1 X391.11229 Y111.15959 F8000
G1 Z1 F8000
G1 X391.11229 Y111.15959 F8000
G1 X391.11229 Y95.90547 F8000
G0 Z0
G1 X390.86229 Y96.28161 F8000
G1 Z1 F8000
G1 X390.86229 Y96.28161 F8000
G1 X390.86229 Y111.50633 F8000
G0 Z0
G1 X390.61229 Y111.86743 F8000
G1 Z1 F8000
G1 X390.61229 Y111.86743 F8000
G1 X390.61229 Y96.65775 F8000
G0 Z0
G1 X390.36229 Y97.03389 F8000
G1 Z1 F8000
G1 X390.36229 Y97.03389 F8000
G1 X390.36229 Y112.24476 F8000
G0 Z0
G1 X390.11229 Y112.62346 F8000
G1 Z1 F8000
G1 X390.11229 Y112.62346 F8000
G1 X390.11229 Y97.41002 F8000
G0 Z0
G1 X389.86229 Y97.78616 F8000
G1 Z1 F8000
G1 X389.86229 Y97.78616 F8000
G1 X389.86229 Y113.03625 F8000
G0 Z0
G1 X389.61229 Y113.44903 F8000
G1 Z1 F8000
G1 X389.61229 Y113.44903 F8000
G1 X389.61229 Y98.1623 F8000
G0 Z0
G1 X389.36229 Y98.53844 F8000
G1 Z1 F8000
G1 X389.36229 Y98.53844 F8000
G1 X389.36229 Y113.89509 F8000
G0 Z0
G1 X389.11229 Y114.34954 F8000
G1 Z1 F8000
G1 X389.11229 Y114.34954 F8000
G1 X389.11229 Y98.91458 F8000
G0 Z0
G1 X388.86229 Y99.29071 F8000
G1 Z1 F8000
G1 X388.86229 Y99.29071 F8000
G1 X388.86229 Y114.84122 F8000
G0 Z0
G1 X388.61229 Y115.34543 F8000
G1 Z1 F8000
G1 X388.61229 Y115.34543 F8000
G1 X388.61229 Y99.66685 F8000
G0 Z0
G1 X388.36229 Y100.04299 F8000
G1 Z1 F8000
G1 X388.36229 Y100.04299 F8000
G1 X388.36229 Y115.90342 F8000
G0 Z0
G1 X388.11229 Y116.48455 F8000
G1 Z1 F8000
G1 X388.11229 Y116.48455 F8000
G1 X388.11229 Y100.41913 F8000
G0 Z0
G1 X387.86229 Y100.79527 F8000
G1 Z1 F8000
G1 X387.86229 Y100.79527 F8000
G1 X387.86229 Y117.12491 F8000
G0 Z0
G1 X387.61229 Y117.83652 F8000
G1 Z1 F8000
G1 X387.61229 Y117.83652 F8000
G1 X387.61229 Y101.1714 F8000
G0 Z0
G1 X387.36229 Y101.54754 F8000
G1 Z1 F8000
G1 X387.36229 Y101.54754 F8000
G1 X387.36229 Y118.63108 F8000
G0 Z0
G1 X387.11229 Y119.55937 F8000
G1 Z1 F8000
G1 X387.11229 Y119.55937 F8000
G1 X387.11229 Y101.92368 F8000
G0 Z0
G1 X386.86229 Y102.29982 F8000
G1 Z1 F8000
G1 X386.86229 Y102.29982 F8000
G1 X386.86229 Y120.72434 F8000
G0 Z0
G1 X386.61229 Y122.52167 F8000
G1 Z1 F8000
G1 X386.61229 Y122.52167 F8000
G1 X386.61229 Y102.67595 F8000
G0 Z0
G1 X393.86229 Y107.89328 F8000
G1 Z1 F8000
G1 X393.86229 Y107.89328 F8000
G1 X393.86229 Y91.80091 F8000
G0 Z0
G1 X394.11229 Y91.42792 F8000
G1 Z1 F8000
G1 X394.11229 Y91.42792 F8000
G1 X394.11229 Y107.6393 F8000
G0 Z0
G1 X394.36229 Y107.38787 F8000
G1 Z1 F8000
G1 X394.36229 Y107.38787 F8000
G1 X394.36229 Y91.05493 F8000
G0 Z0
G1 X394.61229 Y90.68193 F8000
G1 Z1 F8000
G1 X394.61229 Y90.68193 F8000
G1 X394.61229 Y107.14508 F8000
G0 Z0
G1 X409.66362 Y97.9575 F8000
G1 Z1 F8000
G1 X409.66362 Y97.9575 F8000
G1 X414.57299 Y103.34995 F8000
G1 X414.57291 Y115.38167 F8000
G1 X437.62464 Y115.38167 F8000
G1 X437.62464 Y103.34997 F8000
G0 Z0
G1 X430.45459 Y99.16912 F8000
G1 Z1 F8000
G1 X430.45459 Y99.16912 F8000
G1 X428.73997 Y97.4545 F8000
G0 Z0
G1 X429.09352 Y97.4545 F8000
G1 Z1 F8000
G1 X429.09352 Y97.4545 F8000
G1 X430.57417 Y98.93515 F8000
G0 Z0
G1 X430.6835 Y98.69092 F8000
G1 Z1 F8000
G1 X430.6835 Y98.69092 F8000
G1 X429.44707 Y97.4545 F8000
G0 Z0
G1 X429.80063 Y97.4545 F8000
G1 Z1 F8000
G1 X429.80063 Y97.4545 F8000
G1 X430.78216 Y98.43603 F8000
G0 Z0
G1 X430.86935 Y98.16967 F8000
G1 Z1 F8000
G1 X430.86935 Y98.16967 F8000
G1 X430.15418 Y97.4545 F8000
G0 Z0
G1 X430.50774 Y97.4545 F8000
G1 Z1 F8000
G1 X430.50774 Y97.4545 F8000
G1 X430.94237 Y97.88913 F8000
G0 Z0
G1 X431.00117 Y97.59439 F8000
G1 Z1 F8000
G1 X431.00117 Y97.59439 F8000
G1 X430.86129 Y97.4545 F8000
G0 Z0
G1 X430.91338 Y98.49325 F8000
G1 Z1 F8000
G1 X430.91338 Y98.49325 F8000
G1 X430.52412 Y99.33526 F8000
G1 X430.0552 Y100.01379 F8000
G1 X427.38307 Y97.31038 F8000
G1 X431.18423 Y97.28781 F8000
G1 X430.91338 Y98.49325 F8000
G0 Z0
G1 X430.98527 Y96.10687 F8000
G1 Z1 F8000
G1 X430.98527 Y96.10687 F8000
G1 X429.3509 Y94.4725 F8000
G0 Z0
G1 X429.1729 Y94.64806 F8000
G1 Z1 F8000
G1 X429.1729 Y94.64806 F8000
G1 X430.63172 Y96.10687 F8000
G0 Z0
G1 X430.27816 Y96.10687 F8000
G1 Z1 F8000
G1 X430.27816 Y96.10687 F8000
G1 X428.9949 Y94.82361 F8000
G0 Z0
G1 X430.82201 Y95.27305 F8000
G1 Z1 F8000
G1 X430.82201 Y95.27305 F8000
G1 X430.40952 Y94.32488 F8000
G1 X430.03021 Y93.83991 F8000
G1 X428.14872 Y95.676 F8000
G1 X427.84048 Y96.10687 F8000
G1 X431.01304 Y96.10687 F8000
G1 X430.82201 Y95.27305 F8000
G0 Z0
G1 X428.81817 Y95.00044 F8000
G1 Z1 F8000
G1 X428.81817 Y95.00044 F8000
G1 X429.92461 Y96.10687 F8000
G0 Z0
G1 X429.57106 Y96.10687 F8000
G1 Z1 F8000
G1 X429.57106 Y96.10687 F8000
G1 X428.64264 Y95.17846 F8000
G0 Z0
G1 X428.46711 Y95.35648 F8000
G1 Z1 F8000
G1 X428.46711 Y95.35648 F8000
G1 X429.2175 Y96.10687 F8000
G0 Z0
G1 X428.86395 Y96.10687 F8000
G1 Z1 F8000
G1 X428.86395 Y96.10687 F8000
G1 X428.29158 Y95.53451 F8000
G0 Z0
G1 X428.11605 Y95.71253 F8000
G1 Z1 F8000
G1 X428.11605 Y95.71253 F8000
G1 X428.51039 Y96.10687 F8000
G0 Z0
G1 X428.15684 Y96.10687 F8000
G1 Z1 F8000
G1 X428.15684 Y96.10687 F8000
G1 X427.94576 Y95.89579 F8000
G0 Z0
G1 X430.93703 Y95.16347 F8000
G1 Z1 F8000
G1 X430.93703 Y95.16347 F8000
G1 X431.17328 Y96.26737 F8000
G1 X427.38307 Y96.24702 F8000
G1 X430.03633 Y93.57094 F8000
G1 X430.51645 Y94.22695 F8000
G1 X430.93703 Y95.16347 F8000
G0 Z0
G1 X426.59519 Y95.33063 F8000
G1 Z1 F8000
G1 X426.59519 Y95.33063 F8000
G1 X425.4165 Y94.15193 F8000
G0 Z0
G1 X425.72934 Y94.11122 F8000
G1 Z1 F8000
G1 X425.72934 Y94.11122 F8000
G1 X426.77195 Y95.15384 F8000
G0 Z0
G1 X426.94852 Y94.97685 F8000
G1 Z1 F8000
G1 X426.94852 Y94.97685 F8000
G1 X426.04316 Y94.07149 F8000
G0 Z0
G1 X426.36245 Y94.03723 F8000
G1 Z1 F8000
G1 X426.36245 Y94.03723 F8000
G1 X427.12478 Y94.79955 F8000
G0 Z0
G1 X427.30104 Y94.62226 F8000
G1 Z1 F8000
G1 X427.30104 Y94.62226 F8000
G1 X426.68174 Y94.00296 F8000
G0 Z0
G1 X427.00103 Y93.9687 F8000
G1 Z1 F8000
G1 X427.00103 Y93.9687 F8000
G1 X427.4773 Y94.44497 F8000
G0 Z0
G1 X427.65166 Y94.26577 F8000
G1 Z1 F8000
G1 X427.65166 Y94.26577 F8000
G1 X427.32032 Y93.93443 F8000
G0 Z0
G1 X427.63961 Y93.90017 F8000
G1 Z1 F8000
G1 X427.63961 Y93.90017 F8000
G1 X427.82071 Y94.08127 F8000
G0 Z0
G1 X425.94088 Y94.08311 F8000
G1 Z1 F8000
G1 X425.94088 Y94.08311 F8000
G1 X421.57538 Y94.75107 F8000
G1 X421.19022 Y96.10687 F8000
G1 X425.81909 Y96.10687 F8000
G1 X427.93198 Y93.91437 F8000
G1 X425.94088 Y94.08311 F8000
G0 Z0
G1 X428.61231 Y93.51111 F8000
G1 Z1 F8000
G1 X428.61231 Y93.51111 F8000
G1 X428.61231 Y81.8609 F8000
G0 Z0
G1 X428.86231 Y81.86082 F8000
G1 Z1 F8000
G1 X428.86231 Y81.86082 F8000
G1 X428.86231 Y93.48537 F8000
G0 Z0
G1 X429.11231 Y93.45963 F8000
G1 Z1 F8000
G1 X429.11231 Y93.45963 F8000
G1 X429.11231 Y81.86074 F8000
G0 Z0
G1 X429.36231 Y81.86066 F8000
G1 Z1 F8000
G1 X429.36231 Y81.86066 F8000
G1 X429.36231 Y93.43389 F8000
G0 Z0
G1 X429.61231 Y93.40815 F8000
G1 Z1 F8000
G1 X429.61231 Y93.40815 F8000
G1 X429.61231 Y81.86058 F8000
G0 Z0
G1 X429.86231 Y81.8605 F8000
G1 Z1 F8000
G1 X429.86231 Y81.8605 F8000
G1 X429.86231 Y93.38241 F8000
G0 Z0
G1 X430.11231 Y93.35667 F8000
G1 Z1 F8000
G1 X430.11231 Y93.35667 F8000
G1 X430.11231 Y81.86042 F8000
G0 Z0
G1 X430.36231 Y81.86034 F8000
G1 Z1 F8000
G1 X430.36231 Y81.86034 F8000
G1 X430.36231 Y93.34113 F8000
G0 Z0
G1 X430.61231 Y93.32794 F8000
G1 Z1 F8000
G1 X430.61231 Y93.32794 F8000
G1 X430.61231 Y81.86026 F8000
G0 Z0
G1 X430.86231 Y81.86019 F8000
G1 Z1 F8000
G1 X430.86231 Y81.86019 F8000
G1 X430.86231 Y93.31946 F8000
G0 Z0
G1 X431.11231 Y93.313 F8000
G1 Z1 F8000
G1 X431.11231 Y93.313 F8000
G1 X431.11231 Y81.8601 F8000
G0 Z0
G1 X431.36231 Y81.86002 F8000
G1 Z1 F8000
G1 X431.36231 Y81.86002 F8000
G1 X431.36231 Y93.30654 F8000
G0 Z0
G1 X431.61231 Y93.30008 F8000
G1 Z1 F8000
G1 X431.61231 Y93.30008 F8000
G1 X431.61231 Y81.85995 F8000
G0 Z0
G1 X431.86231 Y81.85987 F8000
G1 Z1 F8000
G1 X431.86231 Y81.85987 F8000
G1 X431.86231 Y93.29604 F8000
G0 Z0
G1 X432.11231 Y93.29274 F8000
G1 Z1 F8000
G1 X432.11231 Y93.29274 F8000
G1 X432.11231 Y81.85979 F8000
G0 Z0
G1 X432.36231 Y81.85971 F8000
G1 Z1 F8000
G1 X432.36231 Y81.85971 F8000
G1 X432.36231 Y93.28944 F8000
G0 Z0
G1 X432.61231 Y93.28613 F8000
G1 Z1 F8000
G1 X432.61231 Y93.28613 F8000
G1 X432.61231 Y81.85963 F8000
G0 Z0
G1 X432.86231 Y81.85955 F8000
G1 Z1 F8000
G1 X432.86231 Y81.85955 F8000
G1 X432.86231 Y93.28283 F8000
G0 Z0
G1 X433.11231 Y93.27952 F8000
G1 Z1 F8000
G1 X433.11231 Y93.27952 F8000
G1 X433.11231 Y81.85947 F8000
G0 Z0
G1 X433.36231 Y81.85939 F8000
G1 Z1 F8000
G1 X433.36231 Y81.85939 F8000
G1 X433.36231 Y93.27622 F8000
G0 Z0
G1 X433.61231 Y93.27291 F8000
G1 Z1 F8000
G1 X433.61231 Y93.27291 F8000
G1 X433.61231 Y81.85931 F8000
G0 Z0
G1 X433.86231 Y81.85923 F8000
G1 Z1 F8000
G1 X433.86231 Y81.85923 F8000
G1 X433.86231 Y93.26961 F8000
G0 Z0
G1 X434.11231 Y93.2663 F8000
G1 Z1 F8000
G1 X434.11231 Y93.2663 F8000
G1 X434.11231 Y81.85915 F8000
G0 Z0
G1 X434.36231 Y81.85907 F8000
G1 Z1 F8000
G1 X434.36231 Y81.85907 F8000
G1 X434.36231 Y93.263 F8000
G0 Z0
G1 X434.61231 Y93.25969 F8000
G1 Z1 F8000
G1 X434.61231 Y93.25969 F8000
G1 X434.61231 Y81.85899 F8000
G0 Z0
G1 X434.86231 Y81.85891 F8000
G1 Z1 F8000
G1 X434.86231 Y81.85891 F8000
G1 X434.86231 Y93.25661 F8000
G0 Z0
G1 X435.11232 Y93.25508 F8000
G1 Z1 F8000
G1 X435.11232 Y93.25508 F8000
G1 X435.11232 Y81.85883 F8000
G0 Z0
G1 X435.36232 Y81.85875 F8000
G1 Z1 F8000
G1 X435.36232 Y81.85875 F8000
G1 X435.36232 Y93.25356 F8000
G0 Z0
G1 X435.61232 Y93.25204 F8000
G1 Z1 F8000
G1 X435.61232 Y93.25204 F8000
G1 X435.61232 Y81.85867 F8000
G0 Z0
G1 X435.86232 Y81.85859 F8000
G1 Z1 F8000
G1 X435.86232 Y81.85859 F8000
G1 X435.86232 Y93.25051 F8000
G0 Z0
G1 X436.11232 Y93.24899 F8000
G1 Z1 F8000
G1 X436.11232 Y93.24899 F8000
G1 X436.11232 Y81.85851 F8000
G0 Z0
G1 X436.36232 Y81.85843 F8000
G1 Z1 F8000
G1 X436.36232 Y81.85843 F8000
G1 X436.36232 Y93.24746 F8000
G0 Z0
G1 X436.61232 Y93.24594 F8000
G1 Z1 F8000
G1 X436.61232 Y93.24594 F8000
G1 X436.61232 Y81.85835 F8000
G0 Z0
G1 X436.86232 Y81.85827 F8000
G1 Z1 F8000
G1 X436.86232 Y81.85827 F8000
G1 X436.86232 Y93.24442 F8000
G0 Z0
G1 X437.11232 Y93.24289 F8000
G1 Z1 F8000
G1 X437.11232 Y93.24289 F8000
G1 X437.11232 Y81.85819 F8000
G0 Z0
G1 X437.36232 Y81.85811 F8000
G1 Z1 F8000
G1 X437.36232 Y81.85811 F8000
G1 X437.36232 Y93.24137 F8000
G0 Z0
G1 X437.61232 Y93.23985 F8000
G1 Z1 F8000
G1 X437.61232 Y93.23985 F8000
G1 X437.61232 Y81.85803 F8000
G0 Z0
G1 X437.86232 Y81.85795 F8000
G1 Z1 F8000
G1 X437.86232 Y81.85795 F8000
G1 X437.86232 Y93.23832 F8000
G0 Z0
G1 X438.11232 Y93.2368 F8000
G1 Z1 F8000
G1 X438.11232 Y93.2368 F8000
G1 X438.11232 Y81.85787 F8000
G0 Z0
G1 X438.36232 Y81.85779 F8000
G1 Z1 F8000
G1 X438.36232 Y81.85779 F8000
G1 X438.36232 Y93.23528 F8000
G0 Z0
G1 X438.61232 Y93.23375 F8000
G1 Z1 F8000
G1 X438.61232 Y93.23375 F8000
G1 X438.61232 Y81.85771 F8000
G0 Z0
G1 X438.86232 Y81.85763 F8000
G1 Z1 F8000
G1 X438.86232 Y81.85763 F8000
G1 X438.86232 Y93.23223 F8000
G0 Z0
G1 X439.11232 Y93.23071 F8000
G1 Z1 F8000
G1 X439.11232 Y93.23071 F8000
G1 X439.11232 Y81.85755 F8000
G0 Z0
G1 X439.36232 Y81.85747 F8000
G1 Z1 F8000
G1 X439.36232 Y81.85747 F8000
G1 X439.36232 Y93.22941 F8000
G0 Z0
G1 X439.61232 Y93.22896 F8000
G1 Z1 F8000
G1 X439.61232 Y93.22896 F8000
G1 X439.61232 Y81.85739 F8000
G0 Z0
G1 X439.86232 Y81.85731 F8000
G1 Z1 F8000
G1 X439.86232 Y81.85731 F8000
G1 X439.86232 Y93.22852 F8000
G0 Z0
G1 X440.11232 Y93.22807 F8000
G1 Z1 F8000
G1 X440.11232 Y93.22807 F8000
G1 X440.11232 Y81.85723 F8000
G0 Z0
G1 X440.36232 Y81.85715 F8000
G1 Z1 F8000
G1 X440.36232 Y81.85715 F8000
G1 X440.36232 Y93.22762 F8000
G0 Z0
G1 X440.61232 Y93.22717 F8000
G1 Z1 F8000
G1 X440.61232 Y93.22717 F8000
G1 X440.61232 Y81.85707 F8000
G0 Z0
G1 X440.86232 Y81.85699 F8000
G1 Z1 F8000
G1 X440.86232 Y81.85699 F8000
G1 X440.86232 Y93.22673 F8000
G0 Z0
G1 X441.11232 Y93.22628 F8000
G1 Z1 F8000
G1 X441.11232 Y93.22628 F8000
G1 X441.11232 Y81.85691 F8000
G0 Z0
G1 X441.36232 Y81.85683 F8000
G1 Z1 F8000
G1 X441.36232 Y81.85683 F8000
G1 X441.36232 Y93.22583 F8000
G0 Z0
G1 X441.61232 Y93.22539 F8000
G1 Z1 F8000
G1 X441.61232 Y93.22539 F8000
G1 X441.61232 Y81.85675 F8000
G0 Z0
G1 X441.86232 Y81.85667 F8000
G1 Z1 F8000
G1 X441.86232 Y81.85667 F8000
G1 X441.86232 Y93.22494 F8000
G0 Z0
G1 X442.11232 Y93.22449 F8000
G1 Z1 F8000
G1 X442.11232 Y93.22449 F8000
G1 X442.11232 Y81.85659 F8000
G0 Z0
G1 X442.36232 Y81.85651 F8000
G1 Z1 F8000
G1 X442.36232 Y81.85651 F8000
G1 X442.36232 Y93.22404 F8000
G0 Z0
G1 X442.61232 Y93.2236 F8000
G1 Z1 F8000
G1 X442.61232 Y93.2236 F8000
G1 X442.61232 Y81.85643 F8000
G0 Z0
G1 X442.86232 Y81.85635 F8000
G1 Z1 F8000
G1 X442.86232 Y81.85635 F8000
G1 X442.86232 Y93.22315 F8000
G0 Z0
G1 X443.11232 Y93.2227 F8000
G1 Z1 F8000
G1 X443.11232 Y93.2227 F8000
G1 X443.11232 Y81.85627 F8000
G0 Z0
G1 X443.36232 Y81.85619 F8000
G1 Z1 F8000
G1 X443.36232 Y81.85619 F8000
G1 X443.36232 Y93.22226 F8000
G0 Z0
G1 X443.61232 Y93.22181 F8000
G1 Z1 F8000
G1 X443.61232 Y93.22181 F8000
G1 X443.61232 Y81.85611 F8000
G0 Z0
G1 X443.86232 Y81.85603 F8000
G1 Z1 F8000
G1 X443.86232 Y81.85603 F8000
G1 X443.86232 Y93.22136 F8000
G0 Z0
G1 X444.11232 Y93.22091 F8000
G1 Z1 F8000
G1 X444.11232 Y93.22091 F8000
G1 X444.11232 Y81.85595 F8000
G0 Z0
G1 X444.36232 Y81.85587 F8000
G1 Z1 F8000
G1 X444.36232 Y81.85587 F8000
G1 X444.36232 Y93.22047 F8000
G0 Z0
G1 X444.61232 Y93.22002 F8000
G1 Z1 F8000
G1 X444.61232 Y93.22002 F8000
G1 X444.61232 Y81.85579 F8000
G0 Z0
G1 X444.86232 Y81.85571 F8000
G1 Z1 F8000
G1 X444.86232 Y81.85571 F8000
G1 X444.86232 Y93.21974 F8000
G0 Z0
G1 X445.11232 Y93.21974 F8000
G1 Z1 F8000
G1 X445.11232 Y93.21974 F8000
G1 X445.11232 Y81.85563 F8000
G0 Z0
G1 X445.36232 Y81.85555 F8000
G1 Z1 F8000
G1 X445.36232 Y81.85555 F8000
G1 X445.36232 Y93.21974 F8000
G0 Z0
G1 X445.61232 Y93.21974 F8000
G1 Z1 F8000
G1 X445.61232 Y93.21974 F8000
G1 X445.61232 Y81.85547 F8000
G0 Z0
G1 X445.86232 Y81.85539 F8000
G1 Z1 F8000
G1 X445.86232 Y81.85539 F8000
G1 X445.86232 Y93.21974 F8000
G0 Z0
G1 X446.11232 Y93.21974 F8000
G1 Z1 F8000
G1 X446.11232 Y93.21974 F8000
G1 X446.11232 Y81.85531 F8000
G0 Z0
G1 X446.36232 Y81.85523 F8000
G1 Z1 F8000
G1 X446.36232 Y81.85523 F8000
G1 X446.36232 Y93.21974 F8000
G0 Z0
G1 X446.61232 Y93.21974 F8000
G1 Z1 F8000
G1 X446.61232 Y93.21974 F8000
G1 X446.61232 Y81.85515 F8000
G0 Z0
G1 X446.86232 Y81.85507 F8000
G1 Z1 F8000
G1 X446.86232 Y81.85507 F8000
G1 X446.86232 Y93.21974 F8000
G0 Z0
G1 X446.71605 Y93.36407 F8000
G1 Z1 F8000
G1 X446.71605 Y93.36407 F8000
G1 X437.62472 Y103.34997 F8000
G1 X414.57297 Y103.34997 F8000
G0 Z0
G1 X422.06647 Y99.62642 F8000
G1 Z1 F8000
G1 X422.06647 Y99.62642 F8000
G1 X423.21843 Y100.77838 F8000
G0 Z0
G1 X428.09953 Y101.48133 F8000
G1 Z1 F8000
G1 X428.09953 Y101.48133 F8000
G1 X427.01887 Y101.80587 F8000
G1 X425.79832 Y101.88058 F8000
G1 X424.61687 Y101.66979 F8000
G1 X423.51716 Y101.18931 F8000
G1 X422.55979 Y100.46562 F8000
G1 X421.7976 Y99.53862 F8000
G1 X421.27256 Y98.45947 F8000
G1 X421.01367 Y97.28763 F8000
G1 X425.87848 Y97.31043 F8000
G1 X429.32738 Y100.7401 F8000
G1 X428.73958 Y101.15401 F8000
G1 X428.09953 Y101.48133 F8000
G0 Z0
G1 X424.05219 Y101.25859 F8000
G1 Z1 F8000
G1 X424.05219 Y101.25859 F8000
G1 X421.62124 Y98.82764 F8000
G0 Z0
G1 X421.36717 Y98.22002 F8000
G1 Z1 F8000
G1 X421.36717 Y98.22002 F8000
G1 X424.62536 Y101.47821 F8000
G0 Z0
G1 X425.11206 Y101.61135 F8000
G1 Z1 F8000
G1 X425.11206 Y101.61135 F8000
G1 X421.23425 Y97.73354 F8000
G0 Z0
G1 X423.51491 Y97.47816 F8000
G1 Z1 F8000
G1 X423.51491 Y97.47816 F8000
G1 X421.61361 Y97.50071 F8000
G1 X421.28797 Y97.5503 F8000
G1 X421.22248 Y97.64365 F8000
G1 X421.47051 Y98.49099 F8000
G1 X422.05573 Y99.61436 F8000
G1 X422.6346 Y100.30059 F8000
G1 X423.42989 Y100.92277 F8000
G1 X424.05685 Y101.26076 F8000
G1 X424.82062 Y101.5398 F8000
G1 X425.6116 Y101.69574 F8000
G1 X426.30702 Y101.72405 F8000
G1 X426.98856 Y101.64504 F8000
G1 X427.81183 Y101.40186 F8000
G1 X428.5399 Y101.05884 F8000
G1 X428.85353 Y100.78855 F8000
G1 X428.78704 Y100.57176 F8000
G1 X428.35127 Y100.05348 F8000
G1 X425.80932 Y97.47816 F8000
G1 X423.51491 Y97.47816 F8000
G0 Z0
G1 X421.38022 Y97.52596 F8000
G1 Z1 F8000
G1 X421.38022 Y97.52596 F8000
G1 X425.53826 Y101.684 F8000
G0 Z0
G1 X425.926 Y101.71819 F8000
G1 Z1 F8000
G1 X425.926 Y101.71819 F8000
G1 X421.70719 Y97.49938 F8000
G0 Z0
G1 X422.05028 Y97.48891 F8000
G1 Z1 F8000
G1 X422.05028 Y97.48891 F8000
G1 X426.28283 Y101.72147 F8000
G0 Z0
G1 X426.61398 Y101.69906 F8000
G1 Z1 F8000
G1 X426.61398 Y101.69906 F8000
G1 X422.39694 Y97.48202 F8000
G0 Z0
G1 X422.74928 Y97.4808 F8000
G1 Z1 F8000
G1 X422.74928 Y97.4808 F8000
G1 X426.92322 Y101.65474 F8000
G0 Z0
G1 X427.21387 Y101.59184 F8000
G1 Z1 F8000
G1 X427.21387 Y101.59184 F8000
G1 X423.10161 Y97.47958 F8000
G0 Z0
G1 X423.45395 Y97.47837 F8000
G1 Z1 F8000
G1 X423.45395 Y97.47837 F8000
G1 X427.48898 Y101.5134 F8000
G0 Z0
G1 X427.75234 Y101.42321 F8000
G1 Z1 F8000
G1 X427.75234 Y101.42321 F8000
G1 X423.80729 Y97.47816 F8000
G0 Z0
G1 X424.16084 Y97.47816 F8000
G1 Z1 F8000
G1 X424.16084 Y97.47816 F8000
G1 X428.00593 Y101.32324 F8000
G0 Z0
G1 X428.24956 Y101.21332 F8000
G1 Z1 F8000
G1 X428.24956 Y101.21332 F8000
G1 X424.5144 Y97.47816 F8000
G0 Z0
G1 X424.86795 Y97.47816 F8000
G1 Z1 F8000
G1 X424.86795 Y97.47816 F8000
G1 X428.48133 Y101.09153 F8000
G0 Z0
G1 X428.6963 Y100.95295 F8000
G1 Z1 F8000
G1 X428.6963 Y100.95295 F8000
G1 X425.2215 Y97.47816 F8000
G0 Z0
G1 X425.57506 Y97.47816 F8000
G1 Z1 F8000
G1 X425.57506 Y97.47816 F8000
G1 X428.86153 Y100.76463 F8000
G0 Z0
G1 X430.18316 Y99.6048 F8000
G1 Z1 F8000
G1 X430.18316 Y99.6048 F8000
G1 X428.03286 Y97.4545 F8000
G0 Z0
G1 X430.72989 Y98.57893 F8000
G1 Z1 F8000
G1 X430.72989 Y98.57893 F8000
G1 X431.0263 Y97.4545 F8000
G1 X427.8641 Y97.4545 F8000
G1 X428.1717 Y97.885 F8000
G1 X430.0461 Y99.72029 F8000
G1 X430.36363 Y99.33192 F8000
G1 X430.72989 Y98.57893 F8000
G0 Z0
G1 X428.38641 Y97.4545 F8000
G1 Z1 F8000
G1 X428.38641 Y97.4545 F8000
G1 X430.32481 Y99.3929 F8000
G0 Z0
G1 X430.94001 Y95.70806 F8000
G1 Z1 F8000
G1 X430.94001 Y95.70806 F8000
G1 X429.5289 Y94.29694 F8000
G0 Z0
G1 X429.70689 Y94.12139 F8000
G1 Z1 F8000
G1 X429.70689 Y94.12139 F8000
G1 X430.80552 Y95.22002 F8000
G0 Z0
G1 X430.56529 Y94.62623 F8000
G1 Z1 F8000
G1 X430.56529 Y94.62623 F8000
G1 X429.88972 Y93.95066 F8000
G0 Z0
G1 X426.41843 Y95.50742 F8000
G1 Z1 F8000
G1 X426.41843 Y95.50742 F8000
G1 X425.10366 Y94.19265 F8000
G0 Z0
G1 X424.79082 Y94.23336 F8000
G1 Z1 F8000
G1 X424.79082 Y94.23336 F8000
G1 X426.24167 Y95.68421 F8000
G0 Z0
G1 X426.06491 Y95.86101 F8000
G1 Z1 F8000
G1 X426.06491 Y95.86101 F8000
G1 X424.47798 Y94.27407 F8000
G0 Z0
G1 X424.16568 Y94.31533 F8000
G1 Z1 F8000
G1 X424.16568 Y94.31533 F8000
G1 X425.88815 Y96.0378 F8000
G0 Z0
G1 X425.60367 Y96.10687 F8000
G1 Z1 F8000
G1 X425.60367 Y96.10687 F8000
G1 X423.86044 Y94.36364 F8000
G0 Z0
G1 X423.55519 Y94.41195 F8000
G1 Z1 F8000
G1 X423.55519 Y94.41195 F8000
G1 X425.25011 Y96.10687 F8000
G0 Z0
G1 X424.89656 Y96.10687 F8000
G1 Z1 F8000
G1 X424.89656 Y96.10687 F8000
G1 X423.24995 Y94.46026 F8000
G0 Z0
G1 X422.94471 Y94.50857 F8000
G1 Z1 F8000
G1 X422.94471 Y94.50857 F8000
G1 X424.54301 Y96.10687 F8000
G0 Z0
G1 X424.18945 Y96.10687 F8000
G1 Z1 F8000
G1 X424.18945 Y96.10687 F8000
G1 X422.63946 Y94.55688 F8000
G0 Z0
G1 X422.33727 Y94.60824 F8000
G1 Z1 F8000
G1 X422.33727 Y94.60824 F8000
G1 X423.8359 Y96.10687 F8000
G0 Z0
G1 X423.48235 Y96.10687 F8000
G1 Z1 F8000
G1 X423.48235 Y96.10687 F8000
G1 X422.0361 Y94.66062 F8000
G0 Z0
G1 X421.73884 Y94.71692 F8000
G1 Z1 F8000
G1 X421.73884 Y94.71692 F8000
G1 X423.12879 Y96.10687 F8000
G0 Z0
G1 X422.77524 Y96.10687 F8000
G1 Z1 F8000
G1 X422.77524 Y96.10687 F8000
G1 X421.52274 Y94.85437 F8000
G0 Z0
G1 X421.43024 Y95.11543 F8000
G1 Z1 F8000
G1 X421.43024 Y95.11543 F8000
G1 X422.42169 Y96.10687 F8000
G0 Z0
G1 X422.06813 Y96.10687 F8000
G1 Z1 F8000
G1 X422.06813 Y96.10687 F8000
G1 X421.34646 Y95.3852 F8000
G0 Z0
G1 X421.27006 Y95.66235 F8000
G1 Z1 F8000
G1 X421.27006 Y95.66235 F8000
G1 X421.71458 Y96.10687 F8000
G0 Z0
G1 X421.36103 Y96.10687 F8000
G1 Z1 F8000
G1 X421.36103 Y96.10687 F8000
G1 X421.2099 Y95.95575 F8000
G0 Z0
G1 X422.40318 Y111.68748 F8000
G1 Z1 F8000
G1 X422.40318 Y111.68748 F8000
G1 X423.37198 Y112.65628 F8000
G0 Z0
G1 X423.44237 Y112.37312 F8000
G1 Z1 F8000
G1 X423.44237 Y112.37312 F8000
G1 X422.75673 Y111.68748 F8000
G0 Z0
G1 X423.11028 Y111.68748 F8000
G1 Z1 F8000
G1 X423.11028 Y111.68748 F8000
G1 X423.79592 Y112.37312 F8000
G0 Z0
G1 X424.14948 Y112.37312 F8000
G1 Z1 F8000
G1 X424.14948 Y112.37312 F8000
G1 X423.46384 Y111.68748 F8000
G0 Z0
G1 X423.81739 Y111.68748 F8000
G1 Z1 F8000
G1 X423.81739 Y111.68748 F8000
G1 X424.50303 Y112.37312 F8000
G0 Z0
G1 X424.85659 Y112.37312 F8000
G1 Z1 F8000
G1 X424.85659 Y112.37312 F8000
G1 X424.17094 Y111.68748 F8000
G0 Z0
G1 X424.5245 Y111.68748 F8000
G1 Z1 F8000
G1 X424.5245 Y111.68748 F8000
G1 X425.21014 Y112.37312 F8000
G0 Z0
G1 X425.56369 Y112.37312 F8000
G1 Z1 F8000
G1 X425.56369 Y112.37312 F8000
G1 X424.87805 Y111.68748 F8000
G0 Z0
G1 X425.2316 Y111.68748 F8000
G1 Z1 F8000
G1 X425.2316 Y111.68748 F8000
G1 X425.91725 Y112.37312 F8000
G0 Z0
G1 X426.2708 Y112.37312 F8000
G1 Z1 F8000
G1 X426.2708 Y112.37312 F8000
G1 X425.58516 Y111.68748 F8000
G0 Z0
G1 X425.93871 Y111.68748 F8000
G1 Z1 F8000
G1 X425.93871 Y111.68748 F8000
G1 X426.62435 Y112.37312 F8000
G0 Z0
G1 X426.97791 Y112.37312 F8000
G1 Z1 F8000
G1 X426.97791 Y112.37312 F8000
G1 X426.29226 Y111.68748 F8000
G0 Z0
G1 X426.64582 Y111.68748 F8000
G1 Z1 F8000
G1 X426.64582 Y111.68748 F8000
G1 X427.33146 Y112.37312 F8000
G0 Z0
G1 X427.68501 Y112.37312 F8000
G1 Z1 F8000
G1 X427.68501 Y112.37312 F8000
G1 X426.99937 Y111.68748 F8000
G0 Z0
G1 X427.35293 Y111.68748 F8000
G1 Z1 F8000
G1 X427.35293 Y111.68748 F8000
G1 X428.03857 Y112.37312 F8000
G0 Z0
G1 X428.39212 Y112.37312 F8000
G1 Z1 F8000
G1 X428.39212 Y112.37312 F8000
G1 X427.70648 Y111.68748 F8000
G0 Z0
G1 X428.06003 Y111.68748 F8000
G1 Z1 F8000
G1 X428.06003 Y111.68748 F8000
G1 X428.74567 Y112.37312 F8000
G0 Z0
G1 X428.83346 Y112.4609 F8000
G1 Z1 F8000
G1 X428.83346 Y112.4609 F8000
G1 X430.11018 Y113.73763 F8000
G0 Z0
G1 X430.11018 Y114.09118 F8000
G1 Z1 F8000
G1 X430.11018 Y114.09118 F8000
G1 X428.83346 Y112.81446 F8000
G0 Z0
G1 X428.83346 Y113.16801 F8000
G1 Z1 F8000
G1 X428.83346 Y113.16801 F8000
G1 X430.11018 Y114.44473 F8000
G0 Z0
G1 X430.11018 Y114.79829 F8000
G1 Z1 F8000
G1 X430.11018 Y114.79829 F8000
G1 X428.83346 Y113.52157 F8000
G0 Z0
G1 X428.83346 Y113.87512 F8000
G1 Z1 F8000
G1 X428.83346 Y113.87512 F8000
G1 X430.11018 Y115.15184 F8000
G0 Z0
G1 X429.76775 Y115.16297 F8000
G1 Z1 F8000
G1 X429.76775 Y115.16297 F8000
G1 X428.83346 Y114.22867 F8000
G0 Z0
G1 X428.83346 Y114.58223 F8000
G1 Z1 F8000
G1 X428.83346 Y114.58223 F8000
G1 X429.4142 Y115.16297 F8000
G0 Z0
G1 X429.06065 Y115.16297 F8000
G1 Z1 F8000
G1 X429.06065 Y115.16297 F8000
G1 X428.83346 Y114.93578 F8000
G0 Z0
G1 X430.11018 Y113.38407 F8000
G1 Z1 F8000
G1 X430.11018 Y113.38407 F8000
G1 X428.41359 Y111.68748 F8000
G0 Z0
G1 X428.76714 Y111.68748 F8000
G1 Z1 F8000
G1 X428.76714 Y111.68748 F8000
G1 X430.11018 Y113.03052 F8000
G0 Z0
G1 X430.11018 Y112.67696 F8000
G1 Z1 F8000
G1 X430.11018 Y112.67696 F8000
G1 X429.12069 Y111.68748 F8000
G0 Z0
G1 X429.47425 Y111.68748 F8000
G1 Z1 F8000
G1 X429.47425 Y111.68748 F8000
G1 X430.11018 Y112.32341 F8000
G0 Z0
G1 X430.11018 Y111.96986 F8000
G1 Z1 F8000
G1 X430.11018 Y111.96986 F8000
G1 X429.8278 Y111.68748 F8000
G0 Z0
G1 X430.25456 Y111.53725 F8000
G1 Z1 F8000
G1 X430.25456 Y111.53725 F8000
G1 X421.94296 Y111.53725 F8000
G1 X421.94296 Y115.30962 F8000
G1 X423.51147 Y115.30962 F8000
G1 X423.51147 Y112.50657 F8000
G1 X428.68622 Y112.50657 F8000
G1 X428.68622 Y115.30962 F8000
G1 X430.25456 Y115.30962 F8000
G1 X430.25456 Y111.53725 F8000
G0 Z0
G1 X423.37198 Y113.00984 F8000
G1 Z1 F8000
G1 X423.37198 Y113.00984 F8000
G1 X422.07163 Y111.70949 F8000
G0 Z0
G1 X422.07163 Y112.06304 F8000
G1 Z1 F8000
G1 X422.07163 Y112.06304 F8000
G1 X423.37198 Y113.36339 F8000
G0 Z0
G1 X423.37198 Y113.71694 F8000
G1 Z1 F8000
G1 X423.37198 Y113.71694 F8000
G1 X422.07163 Y112.4166 F8000
G0 Z0
G1 X422.07163 Y112.77015 F8000
G1 Z1 F8000
G1 X422.07163 Y112.77015 F8000
G1 X423.37198 Y114.0705 F8000
G0 Z0
G1 X423.37198 Y114.42405 F8000
G1 Z1 F8000
G1 X423.37198 Y114.42405 F8000
G1 X422.07163 Y113.1237 F8000
G0 Z0
G1 X430.11018 Y115.16297 F8000
G1 Z1 F8000
G1 X430.11018 Y115.16297 F8000
G1 X430.11018 Y111.68748 F8000
G1 X422.07163 Y111.68748 F8000
G1 X422.07163 Y115.16297 F8000
G1 X423.37198 Y115.16297 F8000
G1 X423.37198 Y112.37312 F8000
G1 X428.83346 Y112.37312 F8000
G1 X428.83346 Y115.16297 F8000
G1 X430.11018 Y115.16297 F8000
G0 Z0
G1 X422.07163 Y113.47726 F8000
G1 Z1 F8000
G1 X422.07163 Y113.47726 F8000
G1 X423.37198 Y114.7776 F8000
G0 Z0
G1 X423.37198 Y115.13116 F8000
G1 Z1 F8000
G1 X423.37198 Y115.13116 F8000
G1 X422.07163 Y113.83081 F8000
G0 Z0
G1 X422.07163 Y114.18436 F8000
G1 Z1 F8000
G1 X422.07163 Y114.18436 F8000
G1 X423.05024 Y115.16297 F8000
G0 Z0
G1 X422.69668 Y115.16297 F8000
G1 Z1 F8000
G1 X422.69668 Y115.16297 F8000
G1 X422.07163 Y114.53792 F8000
G0 Z0
G1 X422.07163 Y114.89147 F8000
G1 Z1 F8000
G1 X422.07163 Y114.89147 F8000
G1 X422.34313 Y115.16297 F8000
G0 Z0
G1 X422.36334 Y119.23282 F8000
G1 Z1 F8000
G1 X422.36334 Y119.23282 F8000
G1 X424.16889 Y121.03836 F8000
G0 Z0
G1 X424.52244 Y121.03836 F8000
G1 Z1 F8000
G1 X424.52244 Y121.03836 F8000
G1 X422.7169 Y119.23282 F8000
G0 Z0
G1 X423.07045 Y119.23282 F8000
G1 Z1 F8000
G1 X423.07045 Y119.23282 F8000
G1 X424.87599 Y121.03836 F8000
G0 Z0
G1 X425.22955 Y121.03836 F8000
G1 Z1 F8000
G1 X425.22955 Y121.03836 F8000
G1 X423.424 Y119.23282 F8000
G0 Z0
G1 X423.77756 Y119.23282 F8000
G1 Z1 F8000
G1 X423.77756 Y119.23282 F8000
G1 X425.5831 Y121.03836 F8000
G0 Z0
G1 X425.93665 Y121.03836 F8000
G1 Z1 F8000
G1 X425.93665 Y121.03836 F8000
G1 X424.13111 Y119.23282 F8000
G0 Z0
G1 X424.48466 Y119.23282 F8000
G1 Z1 F8000
G1 X424.48466 Y119.23282 F8000
G1 X426.29021 Y121.03836 F8000
G0 Z0
G1 X426.64376 Y121.03836 F8000
G1 Z1 F8000
G1 X426.64376 Y121.03836 F8000
G1 X424.83822 Y119.23282 F8000
G0 Z0
G1 X425.19177 Y119.23282 F8000
G1 Z1 F8000
G1 X425.19177 Y119.23282 F8000
G1 X426.99731 Y121.03836 F8000
G0 Z0
G1 X427.35087 Y121.03836 F8000
G1 Z1 F8000
G1 X427.35087 Y121.03836 F8000
G1 X425.54532 Y119.23282 F8000
G0 Z0
G1 X425.89888 Y119.23282 F8000
G1 Z1 F8000
G1 X425.89888 Y119.23282 F8000
G1 X427.70442 Y121.03836 F8000
G0 Z0
G1 X428.05798 Y121.03836 F8000
G1 Z1 F8000
G1 X428.05798 Y121.03836 F8000
G1 X426.25243 Y119.23282 F8000
G0 Z0
G1 X426.60598 Y119.23282 F8000
G1 Z1 F8000
G1 X426.60598 Y119.23282 F8000
G1 X428.41153 Y121.03836 F8000
G0 Z0
G1 X428.76508 Y121.03836 F8000
G1 Z1 F8000
G1 X428.76508 Y121.03836 F8000
G1 X426.95954 Y119.23282 F8000
G0 Z0
G1 X427.31309 Y119.23282 F8000
G1 Z1 F8000
G1 X427.31309 Y119.23282 F8000
G1 X429.11864 Y121.03836 F8000
G0 Z0
G1 X429.47219 Y121.03836 F8000
G1 Z1 F8000
G1 X429.47219 Y121.03836 F8000
G1 X427.66665 Y119.23282 F8000
G0 Z0
G1 X428.0202 Y119.23282 F8000
G1 Z1 F8000
G1 X428.0202 Y119.23282 F8000
G1 X429.82574 Y121.03836 F8000
G0 Z0
G1 X430.1793 Y121.03836 F8000
G1 Z1 F8000
G1 X430.1793 Y121.03836 F8000
G1 X428.37375 Y119.23282 F8000
G0 Z0
G1 X428.72731 Y119.23282 F8000
G1 Z1 F8000
G1 X428.72731 Y119.23282 F8000
G1 X430.53285 Y121.03836 F8000
G0 Z0
G1 X430.8864 Y121.03836 F8000
G1 Z1 F8000
G1 X430.8864 Y121.03836 F8000
G1 X429.08086 Y119.23282 F8000
G0 Z0
G1 X429.43441 Y119.23282 F8000
G1 Z1 F8000
G1 X429.43441 Y119.23282 F8000
G1 X431.23996 Y121.03836 F8000
G0 Z0
G1 X431.59351 Y121.03836 F8000
G1 Z1 F8000
G1 X431.59351 Y121.03836 F8000
G1 X429.78797 Y119.23282 F8000
G0 Z0
G1 X430.14152 Y119.23282 F8000
G1 Z1 F8000
G1 X430.14152 Y119.23282 F8000
G1 X431.94706 Y121.03836 F8000
G0 Z0
G1 X432.1937 Y121.28499 F8000
G1 Z1 F8000
G1 X432.1937 Y121.28499 F8000
G1 X435.2698 Y124.36109 F8000
G0 Z0
G1 X435.2698 Y124.71465 F8000
G1 Z1 F8000
G1 X435.2698 Y124.71465 F8000
G1 X432.1937 Y121.63855 F8000
G0 Z0
G1 X432.1937 Y121.9921 F8000
G1 Z1 F8000
G1 X432.1937 Y121.9921 F8000
G1 X435.2698 Y125.0682 F8000
G0 Z0
G1 X435.2698 Y125.42175 F8000
G1 Z1 F8000
G1 X435.2698 Y125.42175 F8000
G1 X432.1937 Y122.34565 F8000
G0 Z0
G1 X432.1937 Y122.69921 F8000
G1 Z1 F8000
G1 X432.1937 Y122.69921 F8000
G1 X435.2698 Y125.77531 F8000
G0 Z0
G1 X435.2698 Y126.12886 F8000
G1 Z1 F8000
G1 X435.2698 Y126.12886 F8000
G1 X432.1937 Y123.05276 F8000
G0 Z0
G1 X432.1937 Y123.40631 F8000
G1 Z1 F8000
G1 X432.1937 Y123.40631 F8000
G1 X435.2698 Y126.48241 F8000
G0 Z0
G1 X435.2698 Y126.83597 F8000
G1 Z1 F8000
G1 X435.2698 Y126.83597 F8000
G1 X432.1937 Y123.75987 F8000
G0 Z0
G1 X432.1937 Y124.11342 F8000
G1 Z1 F8000
G1 X432.1937 Y124.11342 F8000
G1 X435.2698 Y127.18952 F8000
G0 Z0
G1 X435.2698 Y127.54307 F8000
G1 Z1 F8000
G1 X435.2698 Y127.54307 F8000
G1 X432.1937 Y124.46697 F8000
G0 Z0
G1 X426.47613 Y121.03836 F8000
G1 Z1 F8000
G1 X426.47613 Y121.03836 F8000
G1 X432.1937 Y121.03836 F8000
G1 X432.1937 Y128.26054 F8000
G1 X420.75858 Y128.26054 F8000
G1 X420.75858 Y121.03836 F8000
G1 X426.47613 Y121.03836 F8000
G0 Z0
G1 X432.1937 Y124.82053 F8000
G1 Z1 F8000
G1 X432.1937 Y124.82053 F8000
G1 X435.2698 Y127.89663 F8000
G0 Z0
G1 X435.2698 Y128.25018 F8000
G1 Z1 F8000
G1 X435.2698 Y128.25018 F8000
G1 X432.1937 Y125.17408 F8000
G0 Z0
G1 X432.1937 Y125.52764 F8000
G1 Z1 F8000
G1 X432.1937 Y125.52764 F8000
G1 X435.2698 Y128.60374 F8000
G0 Z0
G1 X435.2698 Y128.95729 F8000
G1 Z1 F8000
G1 X435.2698 Y128.95729 F8000
G1 X432.1937 Y125.88119 F8000
G0 Z0
G1 X432.1937 Y126.23474 F8000
G1 Z1 F8000
G1 X432.1937 Y126.23474 F8000
G1 X435.2698 Y129.31084 F8000
G0 Z0
G1 X435.2698 Y129.6644 F8000
G1 Z1 F8000
G1 X435.2698 Y129.6644 F8000
G1 X432.1937 Y126.5883 F8000
G0 Z0
G1 X432.1937 Y126.94185 F8000
G1 Z1 F8000
G1 X432.1937 Y126.94185 F8000
G1 X435.2698 Y130.01795 F8000
G0 Z0
G1 X435.45339 Y119.1078 F8000
G1 Z1 F8000
G1 X435.45339 Y119.1078 F8000
G1 X435.45339 Y130.18644 F8000
G1 X417.52789 Y130.18644 F8000
G1 X417.52789 Y119.1078 F8000
G1 X435.45339 Y119.1078 F8000
G0 Z0
G1 X434.96437 Y130.06608 F8000
G1 Z1 F8000
G1 X434.96437 Y130.06608 F8000
G1 X432.1937 Y127.2954 F8000
G0 Z0
G1 X432.1937 Y127.64896 F8000
G1 Z1 F8000
G1 X432.1937 Y127.64896 F8000
G1 X434.61082 Y130.06608 F8000
G0 Z0
G1 X434.25727 Y130.06608 F8000
G1 Z1 F8000
G1 X434.25727 Y130.06608 F8000
G1 X432.1937 Y128.00251 F8000
G0 Z0
G1 X432.07096 Y121.19838 F8000
G1 Z1 F8000
G1 X432.07096 Y121.19838 F8000
G1 X420.91067 Y121.19838 F8000
G1 X420.91067 Y128.09586 F8000
G1 X432.07096 Y128.09586 F8000
G1 X432.07096 Y121.19838 F8000
G0 Z0
G1 X432.09817 Y128.26054 F8000
G1 Z1 F8000
G1 X432.09817 Y128.26054 F8000
G1 X433.90371 Y130.06608 F8000
G0 Z0
G1 X433.55016 Y130.06608 F8000
G1 Z1 F8000
G1 X433.55016 Y130.06608 F8000
G1 X431.74462 Y128.26054 F8000
G0 Z0
G1 X431.39106 Y128.26054 F8000
G1 Z1 F8000
G1 X431.39106 Y128.26054 F8000
G1 X433.19661 Y130.06608 F8000
G0 Z0
G1 X432.84305 Y130.06608 F8000
G1 Z1 F8000
G1 X432.84305 Y130.06608 F8000
G1 X431.03751 Y128.26054 F8000
G0 Z0
G1 X430.68395 Y128.26054 F8000
G1 Z1 F8000
G1 X430.68395 Y128.26054 F8000
G1 X432.4895 Y130.06608 F8000
G0 Z0
G1 X432.13595 Y130.06608 F8000
G1 Z1 F8000
G1 X432.13595 Y130.06608 F8000
G1 X430.3304 Y128.26054 F8000
G0 Z0
G1 X429.97685 Y128.26054 F8000
G1 Z1 F8000
G1 X429.97685 Y128.26054 F8000
G1 X431.78239 Y130.06608 F8000
G0 Z0
G1 X431.42884 Y130.06608 F8000
G1 Z1 F8000
G1 X431.42884 Y130.06608 F8000
G1 X429.62329 Y128.26054 F8000
G0 Z0
G1 X429.26974 Y128.26054 F8000
G1 Z1 F8000
G1 X429.26974 Y128.26054 F8000
G1 X431.07528 Y130.06608 F8000
G0 Z0
G1 X430.72173 Y130.06608 F8000
G1 Z1 F8000
G1 X430.72173 Y130.06608 F8000
G1 X428.91619 Y128.26054 F8000
G0 Z0
G1 X428.56263 Y128.26054 F8000
G1 Z1 F8000
G1 X428.56263 Y128.26054 F8000
G1 X430.36818 Y130.06608 F8000
G0 Z0
G1 X430.01462 Y130.06608 F8000
G1 Z1 F8000
G1 X430.01462 Y130.06608 F8000
G1 X428.20908 Y128.26054 F8000
G0 Z0
G1 X427.85553 Y128.26054 F8000
G1 Z1 F8000
G1 X427.85553 Y128.26054 F8000
G1 X429.66107 Y130.06608 F8000
G0 Z0
G1 X429.30752 Y130.06608 F8000
G1 Z1 F8000
G1 X429.30752 Y130.06608 F8000
G1 X427.50197 Y128.26054 F8000
G0 Z0
G1 X427.14842 Y128.26054 F8000
G1 Z1 F8000
G1 X427.14842 Y128.26054 F8000
G1 X428.95396 Y130.06608 F8000
G0 Z0
G1 X428.60041 Y130.06608 F8000
G1 Z1 F8000
G1 X428.60041 Y130.06608 F8000
G1 X426.79487 Y128.26054 F8000
G0 Z0
G1 X426.44131 Y128.26054 F8000
G1 Z1 F8000
G1 X426.44131 Y128.26054 F8000
G1 X428.24686 Y130.06608 F8000
G0 Z0
G1 X427.8933 Y130.06608 F8000
G1 Z1 F8000
G1 X427.8933 Y130.06608 F8000
G1 X426.08776 Y128.26054 F8000
G0 Z0
G1 X425.7342 Y128.26054 F8000
G1 Z1 F8000
G1 X425.7342 Y128.26054 F8000
G1 X427.53975 Y130.06608 F8000
G0 Z0
G1 X427.1862 Y130.06608 F8000
G1 Z1 F8000
G1 X427.1862 Y130.06608 F8000
G1 X425.38065 Y128.26054 F8000
G0 Z0
G1 X425.0271 Y128.26054 F8000
G1 Z1 F8000
G1 X425.0271 Y128.26054 F8000
G1 X426.83264 Y130.06608 F8000
G0 Z0
G1 X426.47909 Y130.06608 F8000
G1 Z1 F8000
G1 X426.47909 Y130.06608 F8000
G1 X424.67354 Y128.26054 F8000
G0 Z0
G1 X424.31999 Y128.26054 F8000
G1 Z1 F8000
G1 X424.31999 Y128.26054 F8000
G1 X426.12553 Y130.06608 F8000
G0 Z0
G1 X425.77198 Y130.06608 F8000
G1 Z1 F8000
G1 X425.77198 Y130.06608 F8000
G1 X423.96644 Y128.26054 F8000
G0 Z0
G1 X423.61288 Y128.26054 F8000
G1 Z1 F8000
G1 X423.61288 Y128.26054 F8000
G1 X425.41843 Y130.06608 F8000
G0 Z0
G1 X425.06487 Y130.06608 F8000
G1 Z1 F8000
G1 X425.06487 Y130.06608 F8000
G1 X423.25933 Y128.26054 F8000
G0 Z0
G1 X422.90578 Y128.26054 F8000
G1 Z1 F8000
G1 X422.90578 Y128.26054 F8000
G1 X424.71132 Y130.06608 F8000
G0 Z0
G1 X424.35777 Y130.06608 F8000
G1 Z1 F8000
G1 X424.35777 Y130.06608 F8000
G1 X422.55222 Y128.26054 F8000
G0 Z0
G1 X422.19867 Y128.26054 F8000
G1 Z1 F8000
G1 X422.19867 Y128.26054 F8000
G1 X424.00421 Y130.06608 F8000
G0 Z0
G1 X423.65066 Y130.06608 F8000
G1 Z1 F8000
G1 X423.65066 Y130.06608 F8000
G1 X421.84512 Y128.26054 F8000
G0 Z0
G1 X421.49156 Y128.26054 F8000
G1 Z1 F8000
G1 X421.49156 Y128.26054 F8000
G1 X423.29711 Y130.06608 F8000
G0 Z0
G1 X422.94355 Y130.06608 F8000
G1 Z1 F8000
G1 X422.94355 Y130.06608 F8000
G1 X421.13801 Y128.26054 F8000
G0 Z0
G1 X420.75858 Y127.88111 F8000
G1 Z1 F8000
G1 X420.75858 Y127.88111 F8000
G1 X417.68246 Y124.80499 F8000
G0 Z0
G1 X435.2698 Y119.23282 F8000
G1 Z1 F8000
G1 X435.2698 Y119.23282 F8000
G1 X417.68246 Y119.23282 F8000
G1 X417.68246 Y130.06608 F8000
G1 X435.2698 Y130.06608 F8000
G1 X435.2698 Y119.23282 F8000
G0 Z0
G1 X417.68246 Y124.45143 F8000
G1 Z1 F8000
G1 X417.68246 Y124.45143 F8000
G1 X420.75858 Y127.52756 F8000
G0 Z0
G1 X420.75858 Y127.17401 F8000
G1 Z1 F8000
G1 X420.75858 Y127.17401 F8000
G1 X417.68246 Y124.09788 F8000
G0 Z0
G1 X417.68246 Y123.74432 F8000
G1 Z1 F8000
G1 X417.68246 Y123.74432 F8000
G1 X420.75858 Y126.82045 F8000
G0 Z0
G1 X420.75858 Y126.4669 F8000
G1 Z1 F8000
G1 X420.75858 Y126.4669 F8000
G1 X417.68246 Y123.39077 F8000
G0 Z0
G1 X417.68246 Y123.03722 F8000
G1 Z1 F8000
G1 X417.68246 Y123.03722 F8000
G1 X420.75858 Y126.11334 F8000
G0 Z0
G1 X420.75858 Y125.75979 F8000
G1 Z1 F8000
G1 X420.75858 Y125.75979 F8000
G1 X417.68246 Y122.68366 F8000
G0 Z0
G1 X417.68246 Y122.33011 F8000
G1 Z1 F8000
G1 X417.68246 Y122.33011 F8000
G1 X420.75858 Y125.40624 F8000
G0 Z0
G1 X420.75858 Y125.05268 F8000
G1 Z1 F8000
G1 X420.75858 Y125.05268 F8000
G1 X417.68246 Y121.97656 F8000
G0 Z0
G1 X417.68246 Y121.623 F8000
G1 Z1 F8000
G1 X417.68246 Y121.623 F8000
G1 X420.75858 Y124.69913 F8000
G0 Z0
G1 X420.75858 Y124.34558 F8000
G1 Z1 F8000
G1 X420.75858 Y124.34558 F8000
G1 X417.68246 Y121.26945 F8000
G0 Z0
G1 X417.68246 Y120.9159 F8000
G1 Z1 F8000
G1 X417.68246 Y120.9159 F8000
G1 X420.75858 Y123.99202 F8000
G0 Z0
G1 X420.75858 Y123.63847 F8000
G1 Z1 F8000
G1 X420.75858 Y123.63847 F8000
G1 X417.68246 Y120.56234 F8000
G0 Z0
G1 X417.68246 Y120.20879 F8000
G1 Z1 F8000
G1 X417.68246 Y120.20879 F8000
G1 X420.75858 Y123.28492 F8000
G0 Z0
G1 X420.75858 Y122.93136 F8000
G1 Z1 F8000
G1 X420.75858 Y122.93136 F8000
G1 X417.68246 Y119.85524 F8000
G0 Z0
G1 X417.68246 Y119.50168 F8000
G1 Z1 F8000
G1 X417.68246 Y119.50168 F8000
G1 X420.75858 Y122.57781 F8000
G0 Z0
G1 X420.75858 Y122.22425 F8000
G1 Z1 F8000
G1 X420.75858 Y122.22425 F8000
G1 X417.76715 Y119.23282 F8000
G0 Z0
G1 X418.1207 Y119.23282 F8000
G1 Z1 F8000
G1 X418.1207 Y119.23282 F8000
G1 X420.75858 Y121.8707 F8000
G0 Z0
G1 X420.75858 Y121.51715 F8000
G1 Z1 F8000
G1 X420.75858 Y121.51715 F8000
G1 X418.47425 Y119.23282 F8000
G0 Z0
G1 X418.82781 Y119.23282 F8000
G1 Z1 F8000
G1 X418.82781 Y119.23282 F8000
G1 X420.75858 Y121.16359 F8000
G0 Z0
G1 X420.9869 Y121.03836 F8000
G1 Z1 F8000
G1 X420.9869 Y121.03836 F8000
G1 X419.18136 Y119.23282 F8000
G0 Z0
G1 X419.53491 Y119.23282 F8000
G1 Z1 F8000
G1 X419.53491 Y119.23282 F8000
G1 X421.34046 Y121.03836 F8000
G0 Z0
G1 X421.69401 Y121.03836 F8000
G1 Z1 F8000
G1 X421.69401 Y121.03836 F8000
G1 X419.88847 Y119.23282 F8000
G0 Z0
G1 X420.24202 Y119.23282 F8000
G1 Z1 F8000
G1 X420.24202 Y119.23282 F8000
G1 X422.04756 Y121.03836 F8000
G0 Z0
G1 X422.40112 Y121.03836 F8000
G1 Z1 F8000
G1 X422.40112 Y121.03836 F8000
G1 X420.59557 Y119.23282 F8000
G0 Z0
G1 X420.94913 Y119.23282 F8000
G1 Z1 F8000
G1 X420.94913 Y119.23282 F8000
G1 X422.75467 Y121.03836 F8000
G0 Z0
G1 X423.10822 Y121.03836 F8000
G1 Z1 F8000
G1 X423.10822 Y121.03836 F8000
G1 X421.30268 Y119.23282 F8000
G0 Z0
G1 X421.65623 Y119.23282 F8000
G1 Z1 F8000
G1 X421.65623 Y119.23282 F8000
G1 X423.46178 Y121.03836 F8000
G0 Z0
G1 X423.81533 Y121.03836 F8000
G1 Z1 F8000
G1 X423.81533 Y121.03836 F8000
G1 X422.00979 Y119.23282 F8000
G0 Z0
G1 X417.68246 Y125.15854 F8000
G1 Z1 F8000
G1 X417.68246 Y125.15854 F8000
G1 X422.59 Y130.06608 F8000
G0 Z0
G1 X422.23645 Y130.06608 F8000
G1 Z1 F8000
G1 X422.23645 Y130.06608 F8000
G1 X417.68246 Y125.51209 F8000
G0 Z0
G1 X417.68246 Y125.86565 F8000
G1 Z1 F8000
G1 X417.68246 Y125.86565 F8000
G1 X421.88289 Y130.06608 F8000
G0 Z0
G1 X421.52934 Y130.06608 F8000
G1 Z1 F8000
G1 X421.52934 Y130.06608 F8000
G1 X417.68246 Y126.2192 F8000
G0 Z0
G1 X417.68246 Y126.57275 F8000
G1 Z1 F8000
G1 X417.68246 Y126.57275 F8000
G1 X421.17578 Y130.06608 F8000
G0 Z0
G1 X420.82223 Y130.06608 F8000
G1 Z1 F8000
G1 X420.82223 Y130.06608 F8000
G1 X417.68246 Y126.92631 F8000
G0 Z0
G1 X417.68246 Y127.27986 F8000
G1 Z1 F8000
G1 X417.68246 Y127.27986 F8000
G1 X420.46868 Y130.06608 F8000
G0 Z0
G1 X420.11512 Y130.06608 F8000
G1 Z1 F8000
G1 X420.11512 Y130.06608 F8000
G1 X417.68246 Y127.63341 F8000
G0 Z0
G1 X417.68246 Y127.98697 F8000
G1 Z1 F8000
G1 X417.68246 Y127.98697 F8000
G1 X419.76157 Y130.06608 F8000
G0 Z0
G1 X419.40802 Y130.06608 F8000
G1 Z1 F8000
G1 X419.40802 Y130.06608 F8000
G1 X417.68246 Y128.34052 F8000
G0 Z0
G1 X417.68246 Y128.69407 F8000
G1 Z1 F8000
G1 X417.68246 Y128.69407 F8000
G1 X419.05446 Y130.06608 F8000
G0 Z0
G1 X418.70091 Y130.06608 F8000
G1 Z1 F8000
G1 X418.70091 Y130.06608 F8000
G1 X417.68246 Y129.04763 F8000
G0 Z0
G1 X417.68246 Y129.40118 F8000
G1 Z1 F8000
G1 X417.68246 Y129.40118 F8000
G1 X418.34736 Y130.06608 F8000
G0 Z0
G1 X417.9938 Y130.06608 F8000
G1 Z1 F8000
G1 X417.9938 Y130.06608 F8000
G1 X417.68246 Y129.75474 F8000
G0 Z0
G1 X414.57291 Y133.32882 F8000
G1 Z1 F8000
G1 X414.57291 Y133.32882 F8000
G1 X437.62464 Y133.32882 F8000
G1 X437.62464 Y145.36051 F8000
G1 X434.9669 Y145.36051 F8000
G0 Z0
G1 X434.94526 Y145.40674 F8000
G1 Z1 F8000
G1 X434.94526 Y145.40674 F8000
G1 X437.62472 Y145.40674 F8000
G1 X438.56883 Y146.44374 F8000
G0 Z0
G1 X438.71372 Y146.51555 F8000
G1 Z1 F8000
G1 X438.71372 Y146.51555 F8000
G1 X436.458 Y147.93724 F8000
G1 X436.28885 Y148.08636 F8000
G1 X436.29459 Y148.21012 F8000
G1 X439.55047 Y149.23373 F8000
G1 X442.21183 Y147.98156 F8000
G1 X441.44018 Y145.47336 F8000
G1 X441.23625 Y145.02414 F8000
G1 X438.71372 Y146.51555 F8000
G0 Z0
G1 X438.76112 Y146.48655 F8000
G1 Z1 F8000
G1 X438.76112 Y146.48655 F8000
G1 X440.86393 Y148.58936 F8000
G0 Z0
G1 X440.71892 Y148.80534 F8000
G1 Z1 F8000
G1 X440.71892 Y148.80534 F8000
G1 X443.6504 Y152.02529 F8000
G0 Z0
G1 X443.85653 Y152.25164 F8000
G1 Z1 F8000
G1 X443.85653 Y152.25164 F8000
G1 X445.17834 Y153.70363 F8000
G0 Z0
G1 X445.19373 Y153.83578 F8000
G1 Z1 F8000
G1 X445.19373 Y153.83578 F8000
G1 X445.8236 Y154.46565 F8000
G0 Z0
G1 X446.02633 Y154.63496 F8000
G1 Z1 F8000
G1 X446.02633 Y154.63496 F8000
G1 X446.71613 Y155.39267 F8000
G0 Z0
G1 X446.61232 Y155.51417 F8000
G1 Z1 F8000
G1 X446.61232 Y155.51417 F8000
G1 X446.61232 Y166.89987 F8000
G0 Z0
G1 X446.36232 Y166.89958 F8000
G1 Z1 F8000
G1 X446.36232 Y166.89958 F8000
G1 X446.36232 Y155.51336 F8000
G0 Z0
G1 X446.11232 Y155.51254 F8000
G1 Z1 F8000
G1 X446.11232 Y155.51254 F8000
G1 X446.11232 Y166.89929 F8000
G0 Z0
G1 X445.86232 Y166.89899 F8000
G1 Z1 F8000
G1 X445.86232 Y166.89899 F8000
G1 X445.86232 Y155.51172 F8000
G0 Z0
G1 X445.61232 Y155.51091 F8000
G1 Z1 F8000
G1 X445.61232 Y155.51091 F8000
G1 X445.61232 Y166.8987 F8000
G0 Z0
G1 X445.36232 Y166.89841 F8000
G1 Z1 F8000
G1 X445.36232 Y166.89841 F8000
G1 X445.36232 Y155.51009 F8000
G0 Z0
G1 X445.11232 Y155.50928 F8000
G1 Z1 F8000
G1 X445.11232 Y155.50928 F8000
G1 X445.11232 Y166.89812 F8000
G0 Z0
G1 X444.86232 Y166.89783 F8000
G1 Z1 F8000
G1 X444.86232 Y166.89783 F8000
G1 X444.86232 Y155.50846 F8000
G0 Z0
G1 X444.61232 Y155.50764 F8000
G1 Z1 F8000
G1 X444.61232 Y155.50764 F8000
G1 X444.61232 Y166.89753 F8000
G0 Z0
G1 X444.36232 Y166.89724 F8000
G1 Z1 F8000
G1 X444.36232 Y166.89724 F8000
G1 X444.36232 Y155.50683 F8000
G0 Z0
G1 X444.11232 Y155.50591 F8000
G1 Z1 F8000
G1 X444.11232 Y155.50591 F8000
G1 X444.11232 Y166.89695 F8000
G0 Z0
G1 X443.86232 Y166.89666 F8000
G1 Z1 F8000
G1 X443.86232 Y166.89666 F8000
G1 X443.86232 Y155.5048 F8000
G0 Z0
G1 X443.61232 Y155.5037 F8000
G1 Z1 F8000
G1 X443.61232 Y155.5037 F8000
G1 X443.61232 Y166.89636 F8000
G0 Z0
G1 X443.36232 Y166.89607 F8000
G1 Z1 F8000
G1 X443.36232 Y166.89607 F8000
G1 X443.36232 Y155.50259 F8000
G0 Z0
G1 X443.11232 Y155.50148 F8000
G1 Z1 F8000
G1 X443.11232 Y155.50148 F8000
G1 X443.11232 Y166.89578 F8000
G0 Z0
G1 X442.86232 Y166.89549 F8000
G1 Z1 F8000
G1 X442.86232 Y166.89549 F8000
G1 X442.86232 Y155.50037 F8000
G0 Z0
G1 X442.61232 Y155.49927 F8000
G1 Z1 F8000
G1 X442.61232 Y155.49927 F8000
G1 X442.61232 Y166.89519 F8000
G0 Z0
G1 X442.36232 Y166.8949 F8000
G1 Z1 F8000
G1 X442.36232 Y166.8949 F8000
G1 X442.36232 Y155.49816 F8000
G0 Z0
G1 X442.11232 Y155.49705 F8000
G1 Z1 F8000
G1 X442.11232 Y155.49705 F8000
G1 X442.11232 Y166.89461 F8000
G0 Z0
G1 X441.86232 Y166.89432 F8000
G1 Z1 F8000
G1 X441.86232 Y166.89432 F8000
G1 X441.86232 Y155.49594 F8000
G0 Z0
G1 X441.61232 Y155.49484 F8000
G1 Z1 F8000
G1 X441.61232 Y155.49484 F8000
G1 X441.61232 Y166.89403 F8000
G0 Z0
G1 X441.36232 Y166.89373 F8000
G1 Z1 F8000
G1 X441.36232 Y166.89373 F8000
G1 X441.36232 Y155.49373 F8000
G0 Z0
G1 X441.11232 Y155.49262 F8000
G1 Z1 F8000
G1 X441.11232 Y155.49262 F8000
G1 X441.11232 Y166.89344 F8000
G0 Z0
G1 X440.86232 Y166.89315 F8000
G1 Z1 F8000
G1 X440.86232 Y166.89315 F8000
G1 X440.86232 Y155.49151 F8000
G0 Z0
G1 X440.61232 Y155.49041 F8000
G1 Z1 F8000
G1 X440.61232 Y155.49041 F8000
G1 X440.61232 Y166.89286 F8000
G0 Z0
G1 X440.36232 Y166.89256 F8000
G1 Z1 F8000
G1 X440.36232 Y166.89256 F8000
G1 X440.36232 Y155.4893 F8000
G0 Z0
G1 X440.11232 Y155.48819 F8000
G1 Z1 F8000
G1 X440.11232 Y155.48819 F8000
G1 X440.11232 Y166.89227 F8000
G0 Z0
G1 X439.86232 Y166.89198 F8000
G1 Z1 F8000
G1 X439.86232 Y166.89198 F8000
G1 X439.86232 Y155.48709 F8000
G0 Z0
G1 X439.61232 Y155.48598 F8000
G1 Z1 F8000
G1 X439.61232 Y155.48598 F8000
G1 X439.61232 Y166.89169 F8000
G0 Z0
G1 X439.36232 Y166.89139 F8000
G1 Z1 F8000
G1 X439.36232 Y166.89139 F8000
G1 X439.36232 Y155.48487 F8000
G0 Z0
G1 X439.11232 Y155.48376 F8000
G1 Z1 F8000
G1 X439.11232 Y155.48376 F8000
G1 X439.11232 Y166.8911 F8000
G0 Z0
G1 X438.86232 Y166.89081 F8000
G1 Z1 F8000
G1 X438.86232 Y166.89081 F8000
G1 X438.86232 Y155.48266 F8000
G0 Z0
G1 X438.61232 Y155.48155 F8000
G1 Z1 F8000
G1 X438.61232 Y155.48155 F8000
G1 X438.61232 Y166.89052 F8000
G0 Z0
G1 X438.36232 Y166.89022 F8000
G1 Z1 F8000
G1 X438.36232 Y166.89022 F8000
G1 X438.36232 Y155.48044 F8000
G0 Z0
G1 X438.11232 Y155.47933 F8000
G1 Z1 F8000
G1 X438.11232 Y155.47933 F8000
G1 X438.11232 Y166.88993 F8000
G0 Z0
G1 X437.86232 Y166.88964 F8000
G1 Z1 F8000
G1 X437.86232 Y166.88964 F8000
G1 X437.86232 Y155.47823 F8000
G0 Z0
G1 X437.61232 Y155.47712 F8000
G1 Z1 F8000
G1 X437.61232 Y155.47712 F8000
G1 X437.61232 Y166.88935 F8000
G0 Z0
G1 X437.36232 Y166.88906 F8000
G1 Z1 F8000
G1 X437.36232 Y166.88906 F8000
G1 X437.36232 Y155.47601 F8000
G0 Z0
G1 X437.11232 Y155.4749 F8000
G1 Z1 F8000
G1 X437.11232 Y155.4749 F8000
G1 X437.11232 Y166.88876 F8000
G0 Z0
G1 X436.86232 Y166.88847 F8000
G1 Z1 F8000
G1 X436.86232 Y166.88847 F8000
G1 X436.86232 Y155.4738 F8000
G0 Z0
G1 X436.61232 Y155.47269 F8000
G1 Z1 F8000
G1 X436.61232 Y155.47269 F8000
G1 X436.61232 Y166.88818 F8000
G0 Z0
G1 X436.36232 Y166.88789 F8000
G1 Z1 F8000
G1 X436.36232 Y166.88789 F8000
G1 X436.36232 Y155.47158 F8000
G0 Z0
G1 X436.11232 Y155.47048 F8000
G1 Z1 F8000
G1 X436.11232 Y155.47048 F8000
G1 X436.11232 Y166.88759 F8000
G0 Z0
G1 X435.86232 Y166.8873 F8000
G1 Z1 F8000
G1 X435.86232 Y166.8873 F8000
G1 X435.86232 Y155.46937 F8000
G0 Z0
G1 X435.61232 Y155.46656 F8000
G1 Z1 F8000
G1 X435.61232 Y155.46656 F8000
G1 X435.61232 Y166.88701 F8000
G0 Z0
G1 X435.36232 Y166.88672 F8000
G1 Z1 F8000
G1 X435.36232 Y166.88672 F8000
G1 X435.36232 Y155.46375 F8000
G0 Z0
G1 X435.11232 Y155.46094 F8000
G1 Z1 F8000
G1 X435.11232 Y155.46094 F8000
G1 X435.11232 Y166.88642 F8000
G0 Z0
G1 X434.86231 Y166.88613 F8000
G1 Z1 F8000
G1 X434.86231 Y166.88613 F8000
G1 X434.86231 Y155.45812 F8000
G0 Z0
G1 X434.61231 Y155.45531 F8000
G1 Z1 F8000
G1 X434.61231 Y155.45531 F8000
G1 X434.61231 Y166.88584 F8000
G0 Z0
G1 X434.36231 Y166.88555 F8000
G1 Z1 F8000
G1 X434.36231 Y166.88555 F8000
G1 X434.36231 Y155.4525 F8000
G0 Z0
G1 X434.11231 Y155.44969 F8000
G1 Z1 F8000
G1 X434.11231 Y155.44969 F8000
G1 X434.11231 Y166.88525 F8000
G0 Z0
G1 X433.86231 Y166.88496 F8000
G1 Z1 F8000
G1 X433.86231 Y166.88496 F8000
G1 X433.86231 Y155.44687 F8000
G0 Z0
G1 X433.61231 Y155.44406 F8000
G1 Z1 F8000
G1 X433.61231 Y155.44406 F8000
G1 X433.61231 Y166.88467 F8000
G0 Z0
G1 X433.36231 Y166.88438 F8000
G1 Z1 F8000
G1 X433.36231 Y166.88438 F8000
G1 X433.36231 Y155.44125 F8000
G0 Z0
G1 X433.11231 Y155.43825 F8000
G1 Z1 F8000
G1 X433.11231 Y155.43825 F8000
G1 X433.11231 Y166.88409 F8000
G0 Z0
G1 X432.86231 Y166.88379 F8000
G1 Z1 F8000
G1 X432.86231 Y166.88379 F8000
G1 X432.86231 Y155.43238 F8000
G0 Z0
G1 X432.61231 Y155.4265 F8000
G1 Z1 F8000
G1 X432.61231 Y155.4265 F8000
G1 X432.61231 Y166.8835 F8000
G0 Z0
G1 X432.36231 Y166.88321 F8000
G1 Z1 F8000
G1 X432.36231 Y166.88321 F8000
G1 X432.36231 Y155.42063 F8000
G0 Z0
G1 X432.11231 Y155.41476 F8000
G1 Z1 F8000
G1 X432.11231 Y155.41476 F8000
G1 X432.11231 Y166.88292 F8000
G0 Z0
G1 X431.86231 Y166.88262 F8000
G1 Z1 F8000
G1 X431.86231 Y166.88262 F8000
G1 X431.86231 Y155.40889 F8000
G0 Z0
G1 X431.61231 Y155.40302 F8000
G1 Z1 F8000
G1 X431.61231 Y155.40302 F8000
G1 X431.61231 Y166.88233 F8000
G0 Z0
G1 X431.36231 Y166.88204 F8000
G1 Z1 F8000
G1 X431.36231 Y166.88204 F8000
G1 X431.36231 Y155.39715 F8000
G0 Z0
G1 X431.11231 Y155.39128 F8000
G1 Z1 F8000
G1 X431.11231 Y155.39128 F8000
G1 X431.11231 Y166.88175 F8000
G0 Z0
G1 X430.86231 Y166.88145 F8000
G1 Z1 F8000
G1 X430.86231 Y166.88145 F8000
G1 X430.86231 Y155.38101 F8000
G0 Z0
G1 X430.61231 Y155.36964 F8000
G1 Z1 F8000
G1 X430.61231 Y155.36964 F8000
G1 X430.61231 Y166.88116 F8000
G0 Z0
G1 X430.36231 Y166.88087 F8000
G1 Z1 F8000
G1 X430.36231 Y166.88087 F8000
G1 X430.36231 Y155.35827 F8000
G0 Z0
G1 X430.11231 Y155.3469 F8000
G1 Z1 F8000
G1 X430.11231 Y155.3469 F8000
G1 X430.11231 Y166.88058 F8000
G0 Z0
G1 X429.86231 Y166.88028 F8000
G1 Z1 F8000
G1 X429.86231 Y166.88028 F8000
G1 X429.86231 Y155.33552 F8000
G0 Z0
G1 X429.61231 Y155.32415 F8000
G1 Z1 F8000
G1 X429.61231 Y155.32415 F8000
G1 X429.61231 Y166.87999 F8000
G0 Z0
G1 X429.36231 Y166.8797 F8000
G1 Z1 F8000
G1 X429.36231 Y166.8797 F8000
G1 X429.36231 Y155.31015 F8000
G0 Z0
G1 X429.11231 Y155.29103 F8000
G1 Z1 F8000
G1 X429.11231 Y155.29103 F8000
G1 X429.11231 Y166.87941 F8000
G0 Z0
G1 X428.86231 Y166.87912 F8000
G1 Z1 F8000
G1 X428.86231 Y166.87912 F8000
G1 X428.86231 Y155.27191 F8000
G0 Z0
G1 X428.61231 Y155.25278 F8000
G1 Z1 F8000
G1 X428.61231 Y155.25278 F8000
G1 X428.61231 Y166.87882 F8000
G0 Z0
G1 X428.36231 Y166.87853 F8000
G1 Z1 F8000
G1 X428.36231 Y166.87853 F8000
G1 X428.36231 Y155.23366 F8000
G0 Z0
G1 X428.11231 Y155.21454 F8000
G1 Z1 F8000
G1 X428.11231 Y155.21454 F8000
G1 X428.11231 Y166.87824 F8000
G0 Z0
G1 X427.86231 Y166.87795 F8000
G1 Z1 F8000
G1 X427.86231 Y166.87795 F8000
G1 X427.86231 Y155.18931 F8000
G0 Z0
G1 X427.61231 Y155.16273 F8000
G1 Z1 F8000
G1 X427.61231 Y155.16273 F8000
G1 X427.61231 Y166.87765 F8000
G0 Z0
G1 X427.36231 Y166.87736 F8000
G1 Z1 F8000
G1 X427.36231 Y166.87736 F8000
G1 X427.36231 Y155.13614 F8000
G0 Z0
G1 X427.11231 Y155.10955 F8000
G1 Z1 F8000
G1 X427.11231 Y155.10955 F8000
G1 X427.11231 Y166.87707 F8000
G0 Z0
G1 X426.86231 Y166.87678 F8000
G1 Z1 F8000
G1 X426.86231 Y166.87678 F8000
G1 X426.86231 Y155.08297 F8000
G0 Z0
G1 X426.61231 Y155.05488 F8000
G1 Z1 F8000
G1 X426.61231 Y155.05488 F8000
G1 X426.61231 Y166.87648 F8000
G0 Z0
G1 X426.36231 Y166.87619 F8000
G1 Z1 F8000
G1 X426.36231 Y166.87619 F8000
G1 X426.36231 Y155.02423 F8000
G0 Z0
G1 X426.11231 Y154.99358 F8000
G1 Z1 F8000
G1 X426.11231 Y154.99358 F8000
G1 X426.11231 Y166.8759 F8000
G0 Z0
G1 X425.86231 Y166.87561 F8000
G1 Z1 F8000
G1 X425.86231 Y166.87561 F8000
G1 X425.86231 Y154.96294 F8000
G0 Z0
G1 X425.61231 Y154.93229 F8000
G1 Z1 F8000
G1 X425.61231 Y154.93229 F8000
G1 X425.61231 Y166.87532 F8000
G0 Z0
G1 X425.36231 Y166.87502 F8000
G1 Z1 F8000
G1 X425.36231 Y166.87502 F8000
G1 X425.36231 Y154.90164 F8000
G0 Z0
G1 X425.11231 Y154.87057 F8000
G1 Z1 F8000
G1 X425.11231 Y154.87057 F8000
G1 X425.11231 Y166.87473 F8000
G0 Z0
G1 X424.86231 Y166.87444 F8000
G1 Z1 F8000
G1 X424.86231 Y166.87444 F8000
G1 X424.86231 Y154.8366 F8000
G0 Z0
G1 X424.61231 Y154.80262 F8000
G1 Z1 F8000
G1 X424.61231 Y154.80262 F8000
G1 X424.61231 Y166.87415 F8000
G0 Z0
G1 X424.36231 Y166.87385 F8000
G1 Z1 F8000
G1 X424.36231 Y166.87385 F8000
G1 X424.36231 Y154.76865 F8000
G0 Z0
G1 X424.11231 Y154.73467 F8000
G1 Z1 F8000
G1 X424.11231 Y154.73467 F8000
G1 X424.11231 Y166.87356 F8000
G0 Z0
G1 X423.86231 Y166.87327 F8000
G1 Z1 F8000
G1 X423.86231 Y166.87327 F8000
G1 X423.86231 Y154.7007 F8000
G0 Z0
G1 X423.61231 Y154.66245 F8000
G1 Z1 F8000
G1 X423.61231 Y154.66245 F8000
G1 X423.61231 Y166.87298 F8000
G0 Z0
G1 X423.36231 Y166.87268 F8000
G1 Z1 F8000
G1 X423.36231 Y166.87268 F8000
G1 X423.36231 Y154.62317 F8000
G0 Z0
G1 X423.11231 Y154.58389 F8000
G1 Z1 F8000
G1 X423.11231 Y154.58389 F8000
G1 X423.11231 Y166.87239 F8000
G0 Z0
G1 X422.86231 Y166.8721 F8000
G1 Z1 F8000
G1 X422.86231 Y166.8721 F8000
G1 X422.86231 Y154.54461 F8000
G0 Z0
G1 X422.61231 Y154.50533 F8000
G1 Z1 F8000
G1 X422.61231 Y154.50533 F8000
G1 X422.61231 Y166.87181 F8000
G0 Z0
G1 X422.36231 Y166.87151 F8000
G1 Z1 F8000
G1 X422.36231 Y166.87151 F8000
G1 X422.36231 Y154.46342 F8000
G0 Z0
G1 X422.11231 Y154.41885 F8000
G1 Z1 F8000
G1 X422.11231 Y154.41885 F8000
G1 X422.11231 Y166.87122 F8000
G0 Z0
G1 X421.86231 Y166.87093 F8000
G1 Z1 F8000
G1 X421.86231 Y166.87093 F8000
G1 X421.86231 Y154.37428 F8000
G0 Z0
G1 X421.61231 Y154.32971 F8000
G1 Z1 F8000
G1 X421.61231 Y154.32971 F8000
G1 X421.61231 Y166.87064 F8000
G0 Z0
G1 X421.36231 Y166.87035 F8000
G1 Z1 F8000
G1 X421.36231 Y166.87035 F8000
G1 X421.36231 Y154.28513 F8000
G0 Z0
G1 X421.11231 Y154.23947 F8000
G1 Z1 F8000
G1 X421.11231 Y154.23947 F8000
G1 X421.11231 Y166.87005 F8000
G0 Z0
G1 X420.86231 Y166.86976 F8000
G1 Z1 F8000
G1 X420.86231 Y166.86976 F8000
G1 X420.86231 Y154.1896 F8000
G0 Z0
G1 X420.61231 Y154.13973 F8000
G1 Z1 F8000
G1 X420.61231 Y154.13973 F8000
G1 X420.61231 Y166.86947 F8000
G0 Z0
G1 X420.36231 Y166.86918 F8000
G1 Z1 F8000
G1 X420.36231 Y166.86918 F8000
G1 X420.36231 Y154.08986 F8000
G0 Z0
G1 X420.11231 Y154.03999 F8000
G1 Z1 F8000
G1 X420.11231 Y154.03999 F8000
G1 X420.11231 Y166.86888 F8000
G0 Z0
G1 X419.86231 Y166.86859 F8000
G1 Z1 F8000
G1 X419.86231 Y166.86859 F8000
G1 X419.86231 Y153.99012 F8000
G0 Z0
G1 X419.61231 Y153.93524 F8000
G1 Z1 F8000
G1 X419.61231 Y153.93524 F8000
G1 X419.61231 Y166.8683 F8000
G0 Z0
G1 X419.36231 Y166.86801 F8000
G1 Z1 F8000
G1 X419.36231 Y166.86801 F8000
G1 X419.36231 Y153.88005 F8000
G0 Z0
G1 X419.11231 Y153.82485 F8000
G1 Z1 F8000
G1 X419.11231 Y153.82485 F8000
G1 X419.11231 Y166.86771 F8000
G0 Z0
G1 X418.86231 Y166.86742 F8000
G1 Z1 F8000
G1 X418.86231 Y166.86742 F8000
G1 X418.86231 Y153.76966 F8000
G0 Z0
G1 X418.61231 Y153.71446 F8000
G1 Z1 F8000
G1 X418.61231 Y153.71446 F8000
G1 X418.61231 Y166.86713 F8000
G0 Z0
G1 X418.36231 Y166.86684 F8000
G1 Z1 F8000
G1 X418.36231 Y166.86684 F8000
G1 X418.36231 Y153.65548 F8000
G0 Z0
G1 X418.11231 Y153.59492 F8000
G1 Z1 F8000
G1 X418.11231 Y153.59492 F8000
G1 X418.11231 Y166.86655 F8000
G0 Z0
G1 X417.86231 Y166.86625 F8000
G1 Z1 F8000
G1 X417.86231 Y166.86625 F8000
G1 X417.86231 Y153.53435 F8000
G0 Z0
G1 X417.61231 Y153.47378 F8000
G1 Z1 F8000
G1 X417.61231 Y153.47378 F8000
G1 X417.61231 Y166.86596 F8000
G0 Z0
G1 X417.36231 Y166.86567 F8000
G1 Z1 F8000
G1 X417.36231 Y166.86567 F8000
G1 X417.36231 Y153.41322 F8000
G0 Z0
G1 X417.50852 Y153.28759 F8000
G1 Z1 F8000
G1 X417.50852 Y153.28759 F8000
G1 X417.10648 Y152.51556 F8000
G1 X416.27913 Y151.38333 F8000
G1 X416.25778 Y151.13031 F8000
G1 X416.43788 Y150.87787 F8000
G1 X417.73405 Y150.11897 F8000
G1 X418.716 Y149.37461 F8000
G1 X419.62114 Y149.32667 F8000
G1 X419.89898 Y149.35059 F8000
G1 X420.05363 Y149.44814 F8000
G1 X419.83751 Y149.74704 F8000
G1 X418.99987 Y150.2747 F8000
G1 X422.87459 Y148.48826 F8000
G1 X424.9525 Y152.01362 F8000
G1 X423.99058 Y152.19296 F8000
G1 X423.04038 Y152.5621 F8000
G1 X422.00617 Y153.12654 F8000
G1 X420.6994 Y153.99342 F8000
G0 Z0
G1 X420.75499 Y153.76323 F8000
G1 Z1 F8000
G1 X420.75499 Y153.76323 F8000
G1 X417.44299 Y150.45123 F8000
G0 Z0
G1 X417.2187 Y150.58049 F8000
G1 Z1 F8000
G1 X417.2187 Y150.58049 F8000
G1 X420.41603 Y153.77782 F8000
G0 Z0
G1 X419.97367 Y153.68902 F8000
G1 Z1 F8000
G1 X419.97367 Y153.68902 F8000
G1 X416.9944 Y150.70975 F8000
G0 Z0
G1 X416.77543 Y150.84433 F8000
G1 Z1 F8000
G1 X416.77543 Y150.84433 F8000
G1 X419.52218 Y153.59108 F8000
G0 Z0
G1 X419.0695 Y153.49195 F8000
G1 Z1 F8000
G1 X419.0695 Y153.49195 F8000
G1 X416.56261 Y150.98506 F8000
G0 Z0
G1 X416.4145 Y151.19051 F8000
G1 Z1 F8000
G1 X416.4145 Y151.19051 F8000
G1 X418.61681 Y153.39281 F8000
G0 Z0
G1 X418.15825 Y153.2878 F8000
G1 Z1 F8000
G1 X418.15825 Y153.2878 F8000
G1 X416.98947 Y152.11903 F8000
G0 Z0
G1 X417.61302 Y153.09613 F8000
G1 Z1 F8000
G1 X417.61302 Y153.09613 F8000
G1 X417.69518 Y153.17829 F8000
G0 Z0
G1 X417.11231 Y153.3499 F8000
G1 Z1 F8000
G1 X417.11231 Y153.3499 F8000
G1 X417.11231 Y166.86538 F8000
G0 Z0
G1 X416.86231 Y166.86508 F8000
G1 Z1 F8000
G1 X416.86231 Y166.86508 F8000
G1 X416.86231 Y153.28389 F8000
G0 Z0
G1 X416.61231 Y153.21789 F8000
G1 Z1 F8000
G1 X416.61231 Y153.21789 F8000
G1 X416.61231 Y166.86479 F8000
G0 Z0
G1 X416.36231 Y166.8645 F8000
G1 Z1 F8000
G1 X416.36231 Y166.8645 F8000
G1 X416.36231 Y153.15189 F8000
G0 Z0
G1 X416.1123 Y153.08588 F8000
G1 Z1 F8000
G1 X416.1123 Y153.08588 F8000
G1 X416.1123 Y166.86421 F8000
G0 Z0
G1 X415.8623 Y166.86391 F8000
G1 Z1 F8000
G1 X415.8623 Y166.86391 F8000
G1 X415.8623 Y153.01794 F8000
G0 Z0
G1 X415.6123 Y152.9464 F8000
G1 Z1 F8000
G1 X415.6123 Y152.9464 F8000
G1 X415.6123 Y166.86362 F8000
G0 Z0
G1 X415.3623 Y166.86333 F8000
G1 Z1 F8000
G1 X415.3623 Y166.86333 F8000
G1 X415.3623 Y152.87487 F8000
G0 Z0
G1 X415.1123 Y152.80334 F8000
G1 Z1 F8000
G1 X415.1123 Y152.80334 F8000
G1 X415.1123 Y166.86304 F8000
G0 Z0
G1 X414.8623 Y166.86274 F8000
G1 Z1 F8000
G1 X414.8623 Y166.86274 F8000
G1 X414.8623 Y152.73181 F8000
G0 Z0
G1 X414.6123 Y152.65889 F8000
G1 Z1 F8000
G1 X414.6123 Y152.65889 F8000
G1 X414.6123 Y166.86245 F8000
G0 Z0
G1 X414.3623 Y166.86216 F8000
G1 Z1 F8000
G1 X414.3623 Y166.86216 F8000
G1 X414.3623 Y152.58172 F8000
G0 Z0
G1 X414.1123 Y152.50454 F8000
G1 Z1 F8000
G1 X414.1123 Y152.50454 F8000
G1 X414.1123 Y166.86187 F8000
G0 Z0
G1 X413.8623 Y166.86158 F8000
G1 Z1 F8000
G1 X413.8623 Y166.86158 F8000
G1 X413.8623 Y152.42737 F8000
G0 Z0
G1 X413.6123 Y152.3502 F8000
G1 Z1 F8000
G1 X413.6123 Y152.3502 F8000
G1 X413.6123 Y166.86128 F8000
G0 Z0
G1 X413.3623 Y166.86099 F8000
G1 Z1 F8000
G1 X413.3623 Y166.86099 F8000
G1 X413.3623 Y152.27188 F8000
G0 Z0
G1 X413.1123 Y152.18893 F8000
G1 Z1 F8000
G1 X413.1123 Y152.18893 F8000
G1 X413.1123 Y166.8607 F8000
G0 Z0
G1 X412.8623 Y166.86041 F8000
G1 Z1 F8000
G1 X412.8623 Y166.86041 F8000
G1 X412.8623 Y152.10598 F8000
G0 Z0
G1 X412.6123 Y152.02303 F8000
G1 Z1 F8000
G1 X412.6123 Y152.02303 F8000
G1 X412.6123 Y166.86011 F8000
G0 Z0
G1 X412.3623 Y166.85982 F8000
G1 Z1 F8000
G1 X412.3623 Y166.85982 F8000
G1 X412.3623 Y151.94008 F8000
G0 Z0
G1 X412.1123 Y151.85586 F8000
G1 Z1 F8000
G1 X412.1123 Y151.85586 F8000
G1 X412.1123 Y166.85953 F8000
G0 Z0
G1 X411.8623 Y166.85924 F8000
G1 Z1 F8000
G1 X411.8623 Y166.85924 F8000
G1 X411.8623 Y151.76697 F8000
G0 Z0
G1 X411.6123 Y151.67807 F8000
G1 Z1 F8000
G1 X411.6123 Y151.67807 F8000
G1 X411.6123 Y166.85894 F8000
G0 Z0
G1 X411.3623 Y166.85865 F8000
G1 Z1 F8000
G1 X411.3623 Y166.85865 F8000
G1 X411.3623 Y151.58918 F8000
G0 Z0
G1 X411.1123 Y151.50028 F8000
G1 Z1 F8000
G1 X411.1123 Y151.50028 F8000
G1 X411.1123 Y166.85836 F8000
G0 Z0
G1 X410.8623 Y166.85807 F8000
G1 Z1 F8000
G1 X410.8623 Y166.85807 F8000
G1 X410.8623 Y151.40956 F8000
G0 Z0
G1 X410.6123 Y151.31452 F8000
G1 Z1 F8000
G1 X410.6123 Y151.31452 F8000
G1 X410.6123 Y166.85777 F8000
G0 Z0
G1 X410.3623 Y166.85748 F8000
G1 Z1 F8000
G1 X410.3623 Y166.85748 F8000
G1 X410.3623 Y151.21949 F8000
G0 Z0
G1 X410.1123 Y151.12445 F8000
G1 Z1 F8000
G1 X410.1123 Y151.12445 F8000
G1 X410.1123 Y166.85719 F8000
G0 Z0
G1 X409.8623 Y166.8569 F8000
G1 Z1 F8000
G1 X409.8623 Y166.8569 F8000
G1 X409.8623 Y151.02941 F8000
G0 Z0
G1 X409.6123 Y150.93147 F8000
G1 Z1 F8000
G1 X409.6123 Y150.93147 F8000
G1 X409.6123 Y166.85661 F8000
G0 Z0
G1 X409.3623 Y166.85631 F8000
G1 Z1 F8000
G1 X409.3623 Y166.85631 F8000
G1 X409.3623 Y150.83006 F8000
G0 Z0
G1 X409.1123 Y150.72864 F8000
G1 Z1 F8000
G1 X409.1123 Y150.72864 F8000
G1 X409.1123 Y166.85602 F8000
G0 Z0
G1 X408.8623 Y166.85573 F8000
G1 Z1 F8000
G1 X408.8623 Y166.85573 F8000
G1 X408.8623 Y150.62723 F8000
G0 Z0
G1 X408.6123 Y150.52582 F8000
G1 Z1 F8000
G1 X408.6123 Y150.52582 F8000
G1 X408.6123 Y166.85544 F8000
G0 Z0
G1 X408.3623 Y166.85514 F8000
G1 Z1 F8000
G1 X408.3623 Y166.85514 F8000
G1 X408.3623 Y150.41978 F8000
G0 Z0
G1 X408.1123 Y150.31172 F8000
G1 Z1 F8000
G1 X408.1123 Y150.31172 F8000
G1 X408.1123 Y166.85485 F8000
G0 Z0
G1 X407.8623 Y166.85456 F8000
G1 Z1 F8000
G1 X407.8623 Y166.85456 F8000
G1 X407.8623 Y150.20367 F8000
G0 Z0
G1 X407.6123 Y150.09562 F8000
G1 Z1 F8000
G1 X407.6123 Y150.09562 F8000
G1 X407.6123 Y166.85427 F8000
G0 Z0
G1 X407.3623 Y166.85397 F8000
G1 Z1 F8000
G1 X407.3623 Y166.85397 F8000
G1 X407.3623 Y149.98737 F8000
G0 Z0
G1 X407.1123 Y149.87236 F8000
G1 Z1 F8000
G1 X407.1123 Y149.87236 F8000
G1 X407.1123 Y166.85368 F8000
G0 Z0
G1 X406.8623 Y166.85339 F8000
G1 Z1 F8000
G1 X406.8623 Y166.85339 F8000
G1 X406.8623 Y149.75735 F8000
G0 Z0
G1 X406.6123 Y149.64234 F8000
G1 Z1 F8000
G1 X406.6123 Y149.64234 F8000
G1 X406.6123 Y166.8531 F8000
G0 Z0
G1 X406.3623 Y166.85281 F8000
G1 Z1 F8000
G1 X406.3623 Y166.85281 F8000
G1 X406.3623 Y149.52733 F8000
G0 Z0
G1 X406.1123 Y149.40901 F8000
G1 Z1 F8000
G1 X406.1123 Y149.40901 F8000
G1 X406.1123 Y166.85251 F8000
G0 Z0
G1 X405.8623 Y166.85222 F8000
G1 Z1 F8000
G1 X405.8623 Y166.85222 F8000
G1 X405.8623 Y149.28668 F8000
G0 Z0
G1 X405.6123 Y149.16435 F8000
G1 Z1 F8000
G1 X405.6123 Y149.16435 F8000
G1 X405.6123 Y166.85193 F8000
G0 Z0
G1 X405.3623 Y166.85164 F8000
G1 Z1 F8000
G1 X405.3623 Y166.85164 F8000
G1 X405.3623 Y149.04202 F8000
G0 Z0
G1 X405.1123 Y148.9197 F8000
G1 Z1 F8000
G1 X405.1123 Y148.9197 F8000
G1 X405.1123 Y166.85134 F8000
G0 Z0
G1 X404.8623 Y166.85105 F8000
G1 Z1 F8000
G1 X404.8623 Y166.85105 F8000
G1 X404.8623 Y148.79104 F8000
G0 Z0
G1 X404.6123 Y148.66223 F8000
G1 Z1 F8000
G1 X404.6123 Y148.66223 F8000
G1 X404.6123 Y166.85076 F8000
G0 Z0
G1 X404.3623 Y166.85047 F8000
G1 Z1 F8000
G1 X404.3623 Y166.85047 F8000
G1 X404.3623 Y148.53343 F8000
G0 Z0
G1 X404.1123 Y148.40167 F8000
G1 Z1 F8000
G1 X404.1123 Y148.40167 F8000
G1 X404.1123 Y166.85017 F8000
G0 Z0
G1 X403.8623 Y166.84988 F8000
G1 Z1 F8000
G1 X403.8623 Y166.84988 F8000
G1 X403.8623 Y148.2673 F8000
G0 Z0
G1 X403.6123 Y148.13292 F8000
G1 Z1 F8000
G1 X403.6123 Y148.13292 F8000
G1 X403.6123 Y166.84959 F8000
G0 Z0
G1 X403.3623 Y166.8493 F8000
G1 Z1 F8000
G1 X403.3623 Y166.8493 F8000
G1 X403.3623 Y147.99751 F8000
G0 Z0
G1 X403.1123 Y147.85721 F8000
G1 Z1 F8000
G1 X403.1123 Y147.85721 F8000
G1 X403.1123 Y166.849 F8000
G0 Z0
G1 X402.8623 Y166.84871 F8000
G1 Z1 F8000
G1 X402.8623 Y166.84871 F8000
G1 X402.8623 Y147.71691 F8000
G0 Z0
G1 X402.6123 Y147.57662 F8000
G1 Z1 F8000
G1 X402.6123 Y147.57662 F8000
G1 X402.6123 Y166.84842 F8000
G0 Z0
G1 X402.3623 Y166.84813 F8000
G1 Z1 F8000
G1 X402.3623 Y166.84813 F8000
G1 X402.3623 Y147.43059 F8000
G0 Z0
G1 X402.1123 Y147.28401 F8000
G1 Z1 F8000
G1 X402.1123 Y147.28401 F8000
G1 X402.1123 Y166.84784 F8000
G0 Z0
G1 X401.8623 Y166.84754 F8000
G1 Z1 F8000
G1 X401.8623 Y166.84754 F8000
G1 X401.8623 Y147.13743 F8000
G0 Z0
G1 X401.6123 Y146.98596 F8000
G1 Z1 F8000
G1 X401.6123 Y146.98596 F8000
G1 X401.6123 Y166.84725 F8000
G0 Z0
G1 X401.3623 Y166.84696 F8000
G1 Z1 F8000
G1 X401.3623 Y166.84696 F8000
G1 X401.3623 Y146.83272 F8000
G0 Z0
G1 X401.1123 Y146.67947 F8000
G1 Z1 F8000
G1 X401.1123 Y146.67947 F8000
G1 X401.1123 Y166.84667 F8000
G0 Z0
G1 X400.8623 Y166.84637 F8000
G1 Z1 F8000
G1 X400.8623 Y166.84637 F8000
G1 X400.8623 Y146.52169 F8000
G0 Z0
G1 X400.6123 Y146.36139 F8000
G1 Z1 F8000
G1 X400.6123 Y146.36139 F8000
G1 X400.6123 Y166.84608 F8000
G0 Z0
G1 X409.66359 Y150.79916 F8000
G1 Z1 F8000
G1 X409.66359 Y150.79916 F8000
G1 X414.57299 Y145.36046 F8000
G1 X414.46221 Y145.52842 F8000
G0 Z0
G1 X414.57299 Y145.40671 F8000
G1 Z1 F8000
G1 X414.57299 Y145.40671 F8000
G1 X421.45423 Y145.40671 F8000
G1 X414.57291 Y145.36051 F8000
G1 X414.57291 Y133.32882 F8000
G1 X408.89519 Y133.34022 F8000
G1 X408.89519 Y115.38167 F8000
G1 X443.30229 Y115.38167 F8000
G1 X443.30229 Y133.34022 F8000
G1 X437.62464 Y133.34022 F8000
G0 Z0
G1 X430.12066 Y133.7444 F8000
G1 Z1 F8000
G1 X430.12066 Y133.7444 F8000
G1 X429.85282 Y133.47656 F8000
G0 Z0
G1 X429.49927 Y133.47656 F8000
G1 Z1 F8000
G1 X429.49927 Y133.47656 F8000
G1 X430.12066 Y134.09795 F8000
G0 Z0
G1 X430.12066 Y134.45151 F8000
G1 Z1 F8000
G1 X430.12066 Y134.45151 F8000
G1 X429.14571 Y133.47656 F8000
G0 Z0
G1 X428.8501 Y133.5345 F8000
G1 Z1 F8000
G1 X428.8501 Y133.5345 F8000
G1 X430.12066 Y134.80506 F8000
G0 Z0
G1 X430.12066 Y135.15861 F8000
G1 Z1 F8000
G1 X430.12066 Y135.15861 F8000
G1 X428.8501 Y133.88806 F8000
G0 Z0
G1 X428.8501 Y134.24161 F8000
G1 Z1 F8000
G1 X428.8501 Y134.24161 F8000
G1 X430.12066 Y135.51217 F8000
G0 Z0
G1 X430.12066 Y135.86572 F8000
G1 Z1 F8000
G1 X430.12066 Y135.86572 F8000
G1 X428.8501 Y134.59516 F8000
G0 Z0
G1 X428.8501 Y134.94872 F8000
G1 Z1 F8000
G1 X428.8501 Y134.94872 F8000
G1 X430.12066 Y136.21927 F8000
G0 Z0
G1 X430.12066 Y136.57283 F8000
G1 Z1 F8000
G1 X430.12066 Y136.57283 F8000
G1 X428.8501 Y135.30227 F8000
G0 Z0
G1 X428.8501 Y135.65582 F8000
G1 Z1 F8000
G1 X428.8501 Y135.65582 F8000
G1 X430.12066 Y136.92638 F8000
G0 Z0
G1 X423.51147 Y133.35604 F8000
G1 Z1 F8000
G1 X423.51147 Y133.35604 F8000
G1 X423.51147 Y136.15909 F8000
G1 X428.68622 Y136.15909 F8000
G1 X428.68622 Y133.35604 F8000
G1 X430.25456 Y133.35604 F8000
G1 X430.25456 Y137.12845 F8000
G1 X421.94296 Y137.12845 F8000
G1 X421.94296 Y133.35604 F8000
G1 X423.51147 Y133.35604 F8000
G0 Z0
G1 X429.79463 Y136.9539 F8000
G1 Z1 F8000
G1 X429.79463 Y136.9539 F8000
G1 X428.8501 Y136.00938 F8000
G0 Z0
G1 X428.77234 Y136.28517 F8000
G1 Z1 F8000
G1 X428.77234 Y136.28517 F8000
G1 X429.44107 Y136.9539 F8000
G0 Z0
G1 X429.08752 Y136.9539 F8000
G1 Z1 F8000
G1 X429.08752 Y136.9539 F8000
G1 X428.41879 Y136.28517 F8000
G0 Z0
G1 X428.06523 Y136.28517 F8000
G1 Z1 F8000
G1 X428.06523 Y136.28517 F8000
G1 X428.73397 Y136.9539 F8000
G0 Z0
G1 X428.38041 Y136.9539 F8000
G1 Z1 F8000
G1 X428.38041 Y136.9539 F8000
G1 X427.71168 Y136.28517 F8000
G0 Z0
G1 X427.35812 Y136.28517 F8000
G1 Z1 F8000
G1 X427.35812 Y136.28517 F8000
G1 X428.02686 Y136.9539 F8000
G0 Z0
G1 X427.67331 Y136.9539 F8000
G1 Z1 F8000
G1 X427.67331 Y136.9539 F8000
G1 X427.00457 Y136.28517 F8000
G0 Z0
G1 X426.65102 Y136.28517 F8000
G1 Z1 F8000
G1 X426.65102 Y136.28517 F8000
G1 X427.31975 Y136.9539 F8000
G0 Z0
G1 X426.9662 Y136.9539 F8000
G1 Z1 F8000
G1 X426.9662 Y136.9539 F8000
G1 X426.29746 Y136.28517 F8000
G0 Z0
G1 X425.94391 Y136.28517 F8000
G1 Z1 F8000
G1 X425.94391 Y136.28517 F8000
G1 X426.61264 Y136.9539 F8000
G0 Z0
G1 X426.25909 Y136.9539 F8000
G1 Z1 F8000
G1 X426.25909 Y136.9539 F8000
G1 X425.59036 Y136.28517 F8000
G0 Z0
G1 X425.2368 Y136.28517 F8000
G1 Z1 F8000
G1 X425.2368 Y136.28517 F8000
G1 X425.90554 Y136.9539 F8000
G0 Z0
G1 X425.55198 Y136.9539 F8000
G1 Z1 F8000
G1 X425.55198 Y136.9539 F8000
G1 X424.88325 Y136.28517 F8000
G0 Z0
G1 X424.5297 Y136.28517 F8000
G1 Z1 F8000
G1 X424.5297 Y136.28517 F8000
G1 X425.19843 Y136.9539 F8000
G0 Z0
G1 X424.84488 Y136.9539 F8000
G1 Z1 F8000
G1 X424.84488 Y136.9539 F8000
G1 X424.17614 Y136.28517 F8000
G0 Z0
G1 X423.82259 Y136.28517 F8000
G1 Z1 F8000
G1 X423.82259 Y136.28517 F8000
G1 X424.49132 Y136.9539 F8000
G0 Z0
G1 X424.13777 Y136.9539 F8000
G1 Z1 F8000
G1 X424.13777 Y136.9539 F8000
G1 X423.46904 Y136.28517 F8000
G0 Z0
G1 X423.36658 Y136.18272 F8000
G1 Z1 F8000
G1 X423.36658 Y136.18272 F8000
G1 X422.09603 Y134.91216 F8000
G0 Z0
G1 X423.36658 Y134.88087 F8000
G1 Z1 F8000
G1 X423.36658 Y134.88087 F8000
G1 X423.36658 Y133.47656 F8000
G1 X422.09603 Y133.47656 F8000
G1 X422.09603 Y136.9539 F8000
G1 X430.12066 Y136.9539 F8000
G1 X430.12066 Y133.47656 F8000
G1 X428.8501 Y133.47656 F8000
G1 X428.8501 Y136.28517 F8000
G1 X423.36658 Y136.28517 F8000
G1 X423.36658 Y134.88087 F8000
G0 Z0
G1 X422.09603 Y135.26571 F8000
G1 Z1 F8000
G1 X422.09603 Y135.26571 F8000
G1 X423.78422 Y136.9539 F8000
G0 Z0
G1 X423.43066 Y136.9539 F8000
G1 Z1 F8000
G1 X423.43066 Y136.9539 F8000
G1 X422.09603 Y135.61927 F8000
G0 Z0
G1 X422.09603 Y135.97282 F8000
G1 Z1 F8000
G1 X422.09603 Y135.97282 F8000
G1 X423.07711 Y136.9539 F8000
G0 Z0
G1 X422.72356 Y136.9539 F8000
G1 Z1 F8000
G1 X422.72356 Y136.9539 F8000
G1 X422.09603 Y136.32637 F8000
G0 Z0
G1 X422.09603 Y136.67993 F8000
G1 Z1 F8000
G1 X422.09603 Y136.67993 F8000
G1 X422.37 Y136.9539 F8000
G0 Z0
G1 X423.36658 Y135.82916 F8000
G1 Z1 F8000
G1 X423.36658 Y135.82916 F8000
G1 X422.09603 Y134.55861 F8000
G0 Z0
G1 X422.09603 Y134.20505 F8000
G1 Z1 F8000
G1 X422.09603 Y134.20505 F8000
G1 X423.36658 Y135.47561 F8000
G0 Z0
G1 X423.36658 Y135.12206 F8000
G1 Z1 F8000
G1 X423.36658 Y135.12206 F8000
G1 X422.09603 Y133.8515 F8000
G0 Z0
G1 X422.09603 Y133.49795 F8000
G1 Z1 F8000
G1 X422.09603 Y133.49795 F8000
G1 X423.36658 Y134.7685 F8000
G0 Z0
G1 X423.36658 Y134.41495 F8000
G1 Z1 F8000
G1 X423.36658 Y134.41495 F8000
G1 X422.4282 Y133.47656 F8000
G0 Z0
G1 X422.78175 Y133.47656 F8000
G1 Z1 F8000
G1 X422.78175 Y133.47656 F8000
G1 X423.36658 Y134.06139 F8000
G0 Z0
G1 X423.36658 Y133.70784 F8000
G1 Z1 F8000
G1 X423.36658 Y133.70784 F8000
G1 X423.1353 Y133.47656 F8000
G0 Z0
G1 X424.83166 Y144.54682 F8000
G1 Z1 F8000
G1 X424.83166 Y144.54682 F8000
G1 X424.92876 Y144.54629 F8000
G0 Z0
G1 X424.85742 Y144.77883 F8000
G1 Z1 F8000
G1 X424.85742 Y144.77883 F8000
G1 X425.02493 Y144.94635 F8000
G0 Z0
G1 X424.44562 Y144.72059 F8000
G1 Z1 F8000
G1 X424.44562 Y144.72059 F8000
G1 X425.36322 Y145.63818 F8000
G0 Z0
G1 X425.3689 Y145.99742 F8000
G1 Z1 F8000
G1 X425.3689 Y145.99742 F8000
G1 X424.09462 Y144.72314 F8000
G0 Z0
G1 X423.75124 Y144.73331 F8000
G1 Z1 F8000
G1 X423.75124 Y144.73331 F8000
G1 X425.29881 Y146.28088 F8000
G0 Z0
G1 X425.18759 Y146.52322 F8000
G1 Z1 F8000
G1 X425.18759 Y146.52322 F8000
G1 X423.40786 Y144.74348 F8000
G0 Z0
G1 X423.06944 Y144.75862 F8000
G1 Z1 F8000
G1 X423.06944 Y144.75862 F8000
G1 X425.04854 Y146.73773 F8000
G0 Z0
G1 X424.88955 Y146.93228 F8000
G1 Z1 F8000
G1 X424.88955 Y146.93228 F8000
G1 X422.7316 Y144.77434 F8000
G0 Z0
G1 X424.44887 Y147.34235 F8000
G1 Z1 F8000
G1 X424.44887 Y147.34235 F8000
G1 X425.09318 Y146.67702 F8000
G1 X425.36681 Y146.02586 F8000
G1 X425.29328 Y145.3863 F8000
G1 X424.90656 Y144.81506 F8000
G1 X424.6291 Y144.72512 F8000
G1 X424.02572 Y144.72429 F8000
G1 X421.59254 Y144.87742 F8000
G1 X421.57535 Y145.2356 F8000
G1 X421.81486 Y145.96387 F8000
G1 X422.56065 Y147.56882 F8000
G1 X422.93122 Y148.16821 F8000
G1 X423.46436 Y148.00334 F8000
G1 X424.44887 Y147.34235 F8000
G0 Z0
G1 X422.39635 Y144.79264 F8000
G1 Z1 F8000
G1 X422.39635 Y144.79264 F8000
G1 X424.71347 Y147.10976 F8000
G0 Z0
G1 X424.52673 Y147.27657 F8000
G1 Z1 F8000
G1 X424.52673 Y147.27657 F8000
G1 X422.0628 Y144.81264 F8000
G0 Z0
G1 X421.72925 Y144.83264 F8000
G1 Z1 F8000
G1 X421.72925 Y144.83264 F8000
G1 X424.33139 Y147.43479 F8000
G0 Z0
G1 X424.12728 Y147.58423 F8000
G1 Z1 F8000
G1 X424.12728 Y147.58423 F8000
G1 X421.55508 Y145.01203 F8000
G0 Z0
G1 X421.62848 Y145.43898 F8000
G1 Z1 F8000
G1 X421.62848 Y145.43898 F8000
G1 X423.91735 Y147.72786 F8000
G0 Z0
G1 X423.70114 Y147.86519 F8000
G1 Z1 F8000
G1 X423.70114 Y147.86519 F8000
G1 X421.82834 Y145.9924 F8000
G0 Z0
G1 X421.75789 Y144.66595 F8000
G1 Z1 F8000
G1 X421.75789 Y144.66595 F8000
G1 X424.83158 Y144.54689 F8000
G1 X425.28026 Y145.02362 F8000
G1 X425.5086 Y145.49526 F8000
G1 X425.5444 Y146.01173 F8000
G1 X425.37398 Y146.52338 F8000
G1 X425.0423 Y146.9935 F8000
G1 X424.49948 Y147.49935 F8000
G1 X422.87459 Y148.48826 F8000
G1 X421.98318 Y146.77995 F8000
G1 X421.50632 Y145.60007 F8000
G1 X421.41748 Y144.89331 F8000
G1 X421.52998 Y144.71284 F8000
G1 X421.75789 Y144.66595 F8000
G0 Z0
G1 X422.1004 Y146.61801 F8000
G1 Z1 F8000
G1 X422.1004 Y146.61801 F8000
G1 X423.47689 Y147.99451 F8000
G0 Z0
G1 X423.23938 Y148.11054 F8000
G1 Z1 F8000
G1 X423.23938 Y148.11054 F8000
G1 X422.42674 Y147.2979 F8000
G0 Z0
G1 X422.86186 Y148.08658 F8000
G1 Z1 F8000
G1 X422.86186 Y148.08658 F8000
G1 X422.95521 Y148.17993 F8000
G0 Z0
G1 X422.55191 Y148.84263 F8000
G1 Z1 F8000
G1 X422.55191 Y148.84263 F8000
G1 X423.37815 Y149.66887 F8000
G0 Z0
G1 X423.88953 Y150.5338 F8000
G1 Z1 F8000
G1 X423.88953 Y150.5338 F8000
G1 X422.29711 Y148.94138 F8000
G0 Z0
G1 X422.04705 Y149.04488 F8000
G1 Z1 F8000
G1 X422.04705 Y149.04488 F8000
G1 X424.37495 Y151.37277 F8000
G0 Z0
G1 X424.56542 Y151.9168 F8000
G1 Z1 F8000
G1 X424.56542 Y151.9168 F8000
G1 X421.80196 Y149.15334 F8000
G0 Z0
G1 X421.55686 Y149.2618 F8000
G1 Z1 F8000
G1 X421.55686 Y149.2618 F8000
G1 X424.25409 Y151.95902 F8000
G0 Z0
G1 X423.97416 Y152.03265 F8000
G1 Z1 F8000
G1 X423.97416 Y152.03265 F8000
G1 X421.31177 Y149.37025 F8000
G0 Z0
G1 X421.06667 Y149.47871 F8000
G1 Z1 F8000
G1 X421.06667 Y149.47871 F8000
G1 X423.71292 Y152.12495 F8000
G0 Z0
G1 X423.46025 Y152.22585 F8000
G1 Z1 F8000
G1 X423.46025 Y152.22585 F8000
G1 X420.82411 Y149.58971 F8000
G0 Z0
G1 X424.41763 Y151.93481 F8000
G1 Z1 F8000
G1 X424.41763 Y151.93481 F8000
G1 X424.63716 Y151.86551 F8000
G1 X424.55151 Y151.69125 F8000
G1 X423.16082 Y149.31091 F8000
G1 X422.72248 Y148.79773 F8000
G1 X421.3817 Y149.33421 F8000
G1 X418.31368 Y150.77927 F8000
G1 X418.12203 Y150.68473 F8000
G1 X418.19099 Y150.49898 F8000
G1 X418.30103 Y150.46306 F8000
G1 X418.31991 Y150.17677 F8000
G1 X418.14577 Y150.13582 F8000
G1 X417.93565 Y150.20082 F8000
G1 X416.70667 Y150.88351 F8000
G1 X416.41424 Y151.17713 F8000
G1 X416.56544 Y151.52502 F8000
G1 X417.6537 Y153.16848 F8000
G1 X420.65828 Y153.82645 F8000
G1 X422.79032 Y152.53641 F8000
G1 X423.7391 Y152.11214 F8000
G1 X424.41763 Y151.93481 F8000
G0 Z0
G1 X420.58354 Y149.70268 F8000
G1 Z1 F8000
G1 X420.58354 Y149.70268 F8000
G1 X423.21337 Y152.33252 F8000
G0 Z0
G1 X422.9747 Y152.4474 F8000
G1 Z1 F8000
G1 X422.9747 Y152.4474 F8000
G1 X420.34296 Y149.81566 F8000
G0 Z0
G1 X420.10238 Y149.92864 F8000
G1 Z1 F8000
G1 X420.10238 Y149.92864 F8000
G1 X422.73763 Y152.56388 F8000
G0 Z0
G1 X422.50712 Y152.68693 F8000
G1 Z1 F8000
G1 X422.50712 Y152.68693 F8000
G1 X419.86181 Y150.04161 F8000
G0 Z0
G1 X419.62248 Y150.15584 F8000
G1 Z1 F8000
G1 X419.62248 Y150.15584 F8000
G1 X422.2777 Y152.81106 F8000
G0 Z0
G1 X422.05394 Y152.94085 F8000
G1 Z1 F8000
G1 X422.05394 Y152.94085 F8000
G1 X419.38576 Y150.27267 F8000
G0 Z0
G1 X419.14904 Y150.3895 F8000
G1 Z1 F8000
G1 X419.14904 Y150.3895 F8000
G1 X421.83082 Y153.07129 F8000
G0 Z0
G1 X421.61366 Y153.20768 F8000
G1 Z1 F8000
G1 X421.61366 Y153.20768 F8000
G1 X418.91231 Y150.50633 F8000
G0 Z0
G1 X418.7464 Y150.40943 F8000
G1 Z1 F8000
G1 X418.7464 Y150.40943 F8000
G1 X418.99987 Y150.2747 F8000
G1 X418.17127 Y150.68555 F8000
G1 X418.7464 Y150.40943 F8000
G0 Z0
G1 X418.34182 Y150.61115 F8000
G1 Z1 F8000
G1 X418.34182 Y150.61115 F8000
G1 X418.17127 Y150.68555 F8000
G1 X418.99987 Y150.2747 F8000
G1 X418.34182 Y150.61115 F8000
G0 Z0
G1 X418.67746 Y150.62503 F8000
G1 Z1 F8000
G1 X418.67746 Y150.62503 F8000
G1 X421.3965 Y153.34407 F8000
G0 Z0
G1 X421.1826 Y153.48373 F8000
G1 Z1 F8000
G1 X421.1826 Y153.48373 F8000
G1 X418.43742 Y150.73855 F8000
G0 Z0
G1 X418.1976 Y150.49873 F8000
G1 Z1 F8000
G1 X418.1976 Y150.49873 F8000
G1 X417.91135 Y150.21248 F8000
G0 Z0
G1 X417.67516 Y150.32985 F8000
G1 Z1 F8000
G1 X417.67516 Y150.32985 F8000
G1 X420.9688 Y153.62348 F8000
G0 Z0
G1 X418.35076 Y150.29833 F8000
G1 Z1 F8000
G1 X418.35076 Y150.29833 F8000
G1 X418.18692 Y150.13449 F8000
G0 Z0
G1 X425.39392 Y152.40289 F8000
G1 Z1 F8000
G1 X425.39392 Y152.40289 F8000
G1 X426.05251 Y153.06147 F8000
G0 Z0
G1 X426.34672 Y153.00213 F8000
G1 Z1 F8000
G1 X426.34672 Y153.00213 F8000
G1 X425.50192 Y152.15734 F8000
G0 Z0
G1 X425.80493 Y152.10679 F8000
G1 Z1 F8000
G1 X425.80493 Y152.10679 F8000
G1 X426.61895 Y152.92081 F8000
G0 Z0
G1 X426.88348 Y152.83179 F8000
G1 Z1 F8000
G1 X426.88348 Y152.83179 F8000
G1 X426.10513 Y152.05344 F8000
G0 Z0
G1 X426.37673 Y151.97148 F8000
G1 Z1 F8000
G1 X426.37673 Y151.97148 F8000
G1 X427.13996 Y152.73472 F8000
G0 Z0
G1 X427.395 Y152.6362 F8000
G1 Z1 F8000
G1 X427.395 Y152.6362 F8000
G1 X426.62535 Y151.86655 F8000
G0 Z0
G1 X426.84654 Y151.73418 F8000
G1 Z1 F8000
G1 X426.84654 Y151.73418 F8000
G1 X427.64219 Y152.52983 F8000
G0 Z0
G1 X427.88937 Y152.42346 F8000
G1 Z1 F8000
G1 X427.88937 Y152.42346 F8000
G1 X427.03857 Y151.57267 F8000
G0 Z0
G1 X427.20231 Y151.38285 F8000
G1 Z1 F8000
G1 X427.20231 Y151.38285 F8000
G1 X428.13458 Y152.31512 F8000
G0 Z0
G1 X428.37525 Y152.20224 F8000
G1 Z1 F8000
G1 X428.37525 Y152.20224 F8000
G1 X427.32872 Y151.15571 F8000
G0 Z0
G1 X427.41445 Y150.88788 F8000
G1 Z1 F8000
G1 X427.41445 Y150.88788 F8000
G1 X428.61593 Y152.08936 F8000
G0 Z0
G1 X428.85657 Y151.97645 F8000
G1 Z1 F8000
G1 X428.85657 Y151.97645 F8000
G1 X427.47177 Y150.59165 F8000
G0 Z0
G1 X427.50675 Y150.27307 F8000
G1 Z1 F8000
G1 X427.50675 Y150.27307 F8000
G1 X429.09214 Y151.85846 F8000
G0 Z0
G1 X429.3277 Y151.74047 F8000
G1 Z1 F8000
G1 X429.3277 Y151.74047 F8000
G1 X427.54049 Y149.95326 F8000
G0 Z0
G1 X427.57249 Y149.63171 F8000
G1 Z1 F8000
G1 X427.57249 Y149.63171 F8000
G1 X429.56326 Y151.62247 F8000
G0 Z0
G1 X429.79734 Y151.50301 F8000
G1 Z1 F8000
G1 X429.79734 Y151.50301 F8000
G1 X427.6041 Y149.30977 F8000
G0 Z0
G1 X427.6407 Y148.99281 F8000
G1 Z1 F8000
G1 X427.6407 Y148.99281 F8000
G1 X430.02851 Y151.38062 F8000
G0 Z0
G1 X430.25967 Y151.25823 F8000
G1 Z1 F8000
G1 X430.25967 Y151.25823 F8000
G1 X427.71839 Y148.71694 F8000
G0 Z0
G1 X427.90752 Y148.55252 F8000
G1 Z1 F8000
G1 X427.90752 Y148.55252 F8000
G1 X430.49084 Y151.13584 F8000
G0 Z0
G1 X430.72053 Y151.01198 F8000
G1 Z1 F8000
G1 X430.72053 Y151.01198 F8000
G1 X428.1098 Y148.40125 F8000
G0 Z0
G1 X428.30681 Y148.2447 F8000
G1 Z1 F8000
G1 X428.30681 Y148.2447 F8000
G1 X430.94764 Y150.88553 F8000
G0 Z0
G1 X431.17474 Y150.75908 F8000
G1 Z1 F8000
G1 X431.17474 Y150.75908 F8000
G1 X428.49398 Y148.07833 F8000
G0 Z0
G1 X428.67629 Y147.90707 F8000
G1 Z1 F8000
G1 X428.67629 Y147.90707 F8000
G1 X431.40185 Y150.63264 F8000
G0 Z0
G1 X431.62849 Y150.50573 F8000
G1 Z1 F8000
G1 X431.62849 Y150.50573 F8000
G1 X428.85697 Y147.7342 F8000
G0 Z0
G1 X429.03226 Y147.55594 F8000
G1 Z1 F8000
G1 X429.03226 Y147.55594 F8000
G1 X431.85277 Y150.37645 F8000
G0 Z0
G1 X432.07705 Y150.24718 F8000
G1 Z1 F8000
G1 X432.07705 Y150.24718 F8000
G1 X429.18446 Y147.40109 F8000
G1 X429.98691 Y146.58469 F8000
G1 X432.32929 Y147.28562 F8000
G1 X432.94133 Y149.73802 F8000
G1 X430.36707 Y151.20399 F8000
G1 X427.96531 Y152.39251 F8000
G1 X426.35088 Y153.00423 F8000
G1 X425.95053 Y153.07005 F8000
G1 X425.68819 Y152.98692 F8000
G1 X425.40996 Y152.45529 F8000
G1 X425.39656 Y152.22188 F8000
G1 X426.51706 Y151.91734 F8000
G1 X426.86287 Y151.72473 F8000
G1 X427.16199 Y151.4394 F8000
G1 X427.44685 Y150.74491 F8000
G1 X427.67966 Y148.77018 F8000
G1 X429.18446 Y147.40109 F8000
G0 Z0
G1 X429.38084 Y147.19742 F8000
G1 Z1 F8000
G1 X429.38084 Y147.19742 F8000
G1 X432.30133 Y150.1179 F8000
G0 Z0
G1 X432.52561 Y149.98863 F8000
G1 Z1 F8000
G1 X432.52561 Y149.98863 F8000
G1 X429.5544 Y147.01742 F8000
G0 Z0
G1 X429.72796 Y146.83743 F8000
G1 Z1 F8000
G1 X429.72796 Y146.83743 F8000
G1 X432.74619 Y149.85566 F8000
G0 Z0
G1 X432.94004 Y149.69595 F8000
G1 Z1 F8000
G1 X432.94004 Y149.69595 F8000
G1 X429.90679 Y146.6627 F8000
G0 Z0
G1 X429.84316 Y145.04312 F8000
G1 Z1 F8000
G1 X429.84316 Y145.04312 F8000
G1 X431.02604 Y145.51532 F8000
G1 X429.97286 Y146.38382 F8000
G1 X426.99209 Y145.35853 F8000
G1 X424.92871 Y144.54636 F8000
G1 X427.74332 Y144.65593 F8000
G1 X429.84316 Y145.04312 F8000
G0 Z0
G1 X429.92591 Y146.19355 F8000
G1 Z1 F8000
G1 X429.92591 Y146.19355 F8000
G1 X428.67964 Y144.94728 F8000
G0 Z0
G1 X428.25648 Y144.87768 F8000
G1 Z1 F8000
G1 X428.25648 Y144.87768 F8000
G1 X429.43037 Y146.05157 F8000
G0 Z0
G1 X428.89136 Y145.86612 F8000
G1 Z1 F8000
G1 X428.89136 Y145.86612 F8000
G1 X427.84875 Y144.8235 F8000
G0 Z0
G1 X427.46168 Y144.78999 F8000
G1 Z1 F8000
G1 X427.46168 Y144.78999 F8000
G1 X428.35118 Y145.67949 F8000
G0 Z0
G1 X427.81009 Y145.49195 F8000
G1 Z1 F8000
G1 X427.81009 Y145.49195 F8000
G1 X427.10266 Y144.78452 F8000
G0 Z0
G1 X426.97767 Y144.97764 F8000
G1 Z1 F8000
G1 X426.97767 Y144.97764 F8000
G1 X427.01903 Y145.15165 F8000
G1 X427.2797 Y145.2968 F8000
G1 X429.9014 Y146.21364 F8000
G1 X430.37793 Y145.81259 F8000
G1 X430.51975 Y145.58392 F8000
G1 X430.29312 Y145.36144 F8000
G1 X429.26936 Y145.05885 F8000
G1 X427.79294 Y144.81492 F8000
G1 X427.02026 Y144.80547 F8000
G1 X426.97811 Y145.01353 F8000
G1 X427.24446 Y145.27987 F8000
G0 Z0
G1 X427.12475 Y145.40671 F8000
G1 Z1 F8000
G1 X427.12475 Y145.40671 F8000
G1 X425.46322 Y145.36046 F8000
G1 X426.99759 Y145.36046 F8000
G0 Z0
G1 X429.11463 Y145.02872 F8000
G1 Z1 F8000
G1 X429.11463 Y145.02872 F8000
G1 X430.12023 Y146.03432 F8000
G0 Z0
G1 X430.31108 Y145.87162 F8000
G1 Z1 F8000
G1 X430.31108 Y145.87162 F8000
G1 X429.57154 Y145.13208 F8000
G0 Z0
G1 X430.0732 Y145.28018 F8000
G1 Z1 F8000
G1 X430.0732 Y145.28018 F8000
G1 X430.4822 Y145.68918 F8000
G0 Z0
G1 X430.71364 Y145.36046 F8000
G1 Z1 F8000
G1 X430.71364 Y145.36046 F8000
G1 X431.2698 Y145.36046 F8000
G0 Z0
G1 X431.19418 Y145.40671 F8000
G1 Z1 F8000
G1 X431.19418 Y145.40671 F8000
G1 X430.81257 Y145.40671 F8000
G0 Z0
G1 X431.60727 Y145.41335 F8000
G1 Z1 F8000
G1 X431.60727 Y145.41335 F8000
G1 X433.55458 Y147.36067 F8000
G0 Z0
G1 X434.03225 Y147.48478 F8000
G1 Z1 F8000
G1 X434.03225 Y147.48478 F8000
G1 X431.80199 Y145.25453 F8000
G0 Z0
G1 X432.05401 Y145.15299 F8000
G1 Z1 F8000
G1 X432.05401 Y145.15299 F8000
G1 X434.21514 Y147.31412 F8000
G0 Z0
G1 X434.26677 Y147.0122 F8000
G1 Z1 F8000
G1 X434.26677 Y147.0122 F8000
G1 X432.3158 Y145.06123 F8000
G0 Z0
G1 X432.5823 Y144.97417 F8000
G1 Z1 F8000
G1 X432.5823 Y144.97417 F8000
G1 X434.33128 Y146.72315 F8000
G0 Z0
G1 X434.41011 Y146.44843 F8000
G1 Z1 F8000
G1 X434.41011 Y146.44843 F8000
G1 X432.8661 Y144.90442 F8000
G0 Z0
G1 X432.59171 Y144.96995 F8000
G1 Z1 F8000
G1 X432.59171 Y144.96995 F8000
G1 X431.66022 Y145.34619 F8000
G1 X431.58641 Y145.5324 F8000
G1 X431.65286 Y145.69255 F8000
G1 X432.28346 Y146.45357 F8000
G1 X432.62846 Y147.07396 F8000
G1 X434.14206 Y147.47688 F8000
G1 X434.43969 Y146.34045 F8000
G1 X434.93997 Y144.91799 F8000
G1 X433.48811 Y144.86071 F8000
G1 X432.59171 Y144.96995 F8000
G0 Z0
G1 X433.18945 Y144.87421 F8000
G1 Z1 F8000
G1 X433.18945 Y144.87421 F8000
G1 X434.49357 Y146.17834 F8000
G0 Z0
G1 X434.58378 Y145.91499 F8000
G1 Z1 F8000
G1 X434.58378 Y145.91499 F8000
G1 X433.53054 Y144.86175 F8000
G0 Z0
G1 X433.87839 Y144.85605 F8000
G1 Z1 F8000
G1 X433.87839 Y144.85605 F8000
G1 X434.67917 Y145.65683 F8000
G0 Z0
G1 X434.78143 Y145.40553 F8000
G1 Z1 F8000
G1 X434.78143 Y145.40553 F8000
G1 X434.2331 Y144.8572 F8000
G0 Z0
G1 X434.59072 Y144.86127 F8000
G1 Z1 F8000
G1 X434.59072 Y144.86127 F8000
G1 X434.88631 Y145.15686 F8000
G0 Z0
G1 X435.07025 Y145.13115 F8000
G1 Z1 F8000
G1 X435.07025 Y145.13115 F8000
G1 X434.54971 Y146.4285 F8000
G1 X434.31886 Y147.756 F8000
G1 X432.4554 Y147.17669 F8000
G1 X432.27654 Y146.70502 F8000
G1 X431.93914 Y146.21578 F8000
G1 X431.02604 Y145.51532 F8000
G1 X432.04444 Y144.98216 F8000
G1 X433.14368 Y144.71945 F8000
G1 X434.89001 Y144.7293 F8000
G1 X435.10978 Y144.845 F8000
G1 X435.07025 Y145.13115 F8000
G0 Z0
G1 X433.04336 Y147.20301 F8000
G1 Z1 F8000
G1 X433.04336 Y147.20301 F8000
G1 X432.25228 Y146.41192 F8000
G0 Z0
G1 X425.4946 Y152.95062 F8000
G1 Z1 F8000
G1 X425.4946 Y152.95062 F8000
G1 X425.65928 Y153.17226 F8000
G1 X426.0447 Y153.21766 F8000
G1 X427.48445 Y152.78462 F8000
G1 X430.02747 Y151.56066 F8000
G1 X433.17887 Y149.77345 F8000
G1 X432.45536 Y147.17652 F8000
G1 X429.97283 Y146.38366 F8000
G1 X428.529 Y147.89162 F8000
G1 X427.75047 Y148.45598 F8000
G1 X427.56515 Y148.67254 F8000
G1 X427.42082 Y149.19602 F8000
G1 X427.32832 Y150.69817 F8000
G1 X427.18285 Y151.14079 F8000
G1 X426.97013 Y151.4508 F8000
G1 X426.64564 Y151.70546 F8000
G1 X426.18535 Y151.88993 F8000
G1 X424.95247 Y152.01365 F8000
G1 X425.4946 Y152.95062 F8000
G0 Z0
G1 X432.34031 Y147.32845 F8000
G1 Z1 F8000
G1 X432.34031 Y147.32845 F8000
G1 X432.28339 Y147.27154 F8000
G0 Z0
G1 X431.77327 Y147.11497 F8000
G1 Z1 F8000
G1 X431.77327 Y147.11497 F8000
G1 X432.46822 Y147.80992 F8000
G0 Z0
G1 X432.60106 Y148.29632 F8000
G1 Z1 F8000
G1 X432.60106 Y148.29632 F8000
G1 X431.26316 Y146.95841 F8000
G0 Z0
G1 X430.75691 Y146.80571 F8000
G1 Z1 F8000
G1 X430.75691 Y146.80571 F8000
G1 X432.73319 Y148.782 F8000
G0 Z0
G1 X432.85263 Y149.25499 F8000
G1 Z1 F8000
G1 X432.85263 Y149.25499 F8000
G1 X430.25532 Y146.65768 F8000
G0 Z0
G1 X434.75433 Y150.95463 F8000
G1 Z1 F8000
G1 X434.75433 Y150.95463 F8000
G1 X435.09229 Y151.5338 F8000
G1 X435.56467 Y152.04037 F8000
G1 X437.26857 Y153.18358 F8000
G1 X436.49177 Y153.1453 F8000
G1 X435.78272 Y152.99859 F8000
G1 X435.25768 Y152.7825 F8000
G1 X434.73042 Y152.43132 F8000
G1 X434.28285 Y151.98021 F8000
G1 X433.85266 Y151.35145 F8000
G1 X433.17887 Y149.77289 F8000
G1 X434.32767 Y149.06333 F8000
G1 X434.47112 Y150.0752 F8000
G1 X434.75433 Y150.95463 F8000
G0 Z0
G1 X433.35574 Y149.85391 F8000
G1 Z1 F8000
G1 X433.35574 Y149.85391 F8000
G1 X434.75591 Y151.25409 F8000
G0 Z0
G1 X434.48617 Y150.6308 F8000
G1 Z1 F8000
G1 X434.48617 Y150.6308 F8000
G1 X433.55935 Y149.70397 F8000
G0 Z0
G1 X433.7568 Y149.57517 F8000
G1 Z1 F8000
G1 X433.7568 Y149.57517 F8000
G1 X433.35709 Y149.8686 F8000
G1 X433.8408 Y151.04471 F8000
G1 X434.42917 Y151.94107 F8000
G1 X434.84021 Y152.34376 F8000
G1 X435.38313 Y152.69276 F8000
G1 X436.00215 Y152.91847 F8000
G1 X436.67061 Y153.02695 F8000
G1 X436.64737 Y152.94614 F8000
G1 X435.49638 Y152.15795 F8000
G1 X434.90953 Y151.50729 F8000
G1 X434.4904 Y150.65016 F8000
G1 X434.185 Y149.32686 F8000
G1 X433.7567 Y149.57517 F8000
G1 X434.3491 Y150.14017 F8000
G0 Z0
G1 X434.26893 Y149.70645 F8000
G1 Z1 F8000
G1 X434.26893 Y149.70645 F8000
G1 X433.99785 Y149.43536 F8000
G0 Z0
G1 X434.66748 Y148.68706 F8000
G1 Z1 F8000
G1 X434.66748 Y148.68706 F8000
G1 X434.43414 Y148.45373 F8000
G0 Z0
G1 X434.46319 Y148.80671 F8000
G1 Z1 F8000
G1 X434.46319 Y148.80671 F8000
G1 X435.35875 Y148.24461 F8000
G1 X434.45324 Y147.94372 F8000
G1 X434.46319 Y148.80671 F8000
G0 Z0
G1 X434.43721 Y148.10324 F8000
G1 Z1 F8000
G1 X434.43721 Y148.10324 F8000
G1 X434.89044 Y148.55647 F8000
G0 Z0
G1 X435.10813 Y148.42061 F8000
G1 Z1 F8000
G1 X435.10813 Y148.42061 F8000
G1 X434.70794 Y148.02041 F8000
G0 Z0
G1 X435.2225 Y148.18142 F8000
G1 Z1 F8000
G1 X435.2225 Y148.18142 F8000
G1 X435.32196 Y148.28088 F8000
G0 Z0
G1 X434.30801 Y148.85672 F8000
G1 Z1 F8000
G1 X434.30801 Y148.85672 F8000
G1 X434.31923 Y147.756 F8000
G1 X435.73324 Y148.19523 F8000
G1 X434.32764 Y149.06341 F8000
G1 X434.30801 Y148.85672 F8000
G0 Z0
G1 X436.38276 Y147.99728 F8000
G1 Z1 F8000
G1 X436.38276 Y147.99728 F8000
G1 X436.75066 Y148.36518 F8000
G0 Z0
G1 X437.26268 Y148.52365 F8000
G1 Z1 F8000
G1 X437.26268 Y148.52365 F8000
G1 X436.58918 Y147.85015 F8000
G0 Z0
G1 X436.80273 Y147.71015 F8000
G1 Z1 F8000
G1 X436.80273 Y147.71015 F8000
G1 X437.77471 Y148.68212 F8000
G0 Z0
G1 X438.28716 Y148.84102 F8000
G1 Z1 F8000
G1 X438.28716 Y148.84102 F8000
G1 X437.01895 Y147.57281 F8000
G0 Z0
G1 X437.23517 Y147.43548 F8000
G1 Z1 F8000
G1 X437.23517 Y147.43548 F8000
G1 X438.80019 Y149.0005 F8000
G0 Z0
G1 X439.31323 Y149.15998 F8000
G1 Z1 F8000
G1 X439.31323 Y149.15998 F8000
G1 X437.45208 Y147.29883 F8000
G0 Z0
G1 X437.67021 Y147.16341 F8000
G1 Z1 F8000
G1 X437.67021 Y147.16341 F8000
G1 X439.67733 Y149.17053 F8000
G0 Z0
G1 X439.91332 Y149.05297 F8000
G1 Z1 F8000
G1 X439.91332 Y149.05297 F8000
G1 X437.88834 Y147.02799 F8000
G0 Z0
G1 X438.10647 Y146.89256 F8000
G1 Z1 F8000
G1 X438.10647 Y146.89256 F8000
G1 X440.14931 Y148.93541 F8000
G0 Z0
G1 X440.38563 Y148.81817 F8000
G1 Z1 F8000
G1 X440.38563 Y148.81817 F8000
G1 X438.3246 Y146.75714 F8000
G0 Z0
G1 X438.54273 Y146.62171 F8000
G1 Z1 F8000
G1 X438.54273 Y146.62171 F8000
G1 X440.62478 Y148.70377 F8000
G0 Z0
G1 X441.10308 Y148.47496 F8000
G1 Z1 F8000
G1 X441.10308 Y148.47496 F8000
G1 X438.98047 Y146.35235 F8000
G0 Z0
G1 X439.19982 Y146.21815 F8000
G1 Z1 F8000
G1 X439.19982 Y146.21815 F8000
G1 X441.34223 Y148.36055 F8000
G0 Z0
G1 X441.58221 Y148.24698 F8000
G1 Z1 F8000
G1 X441.58221 Y148.24698 F8000
G1 X439.41918 Y146.08395 F8000
G0 Z0
G1 X439.63853 Y145.94974 F8000
G1 Z1 F8000
G1 X439.63853 Y145.94974 F8000
G1 X441.82661 Y148.13783 F8000
G0 Z0
G1 X442.07516 Y148.03282 F8000
G1 Z1 F8000
G1 X442.07516 Y148.03282 F8000
G1 X439.85788 Y145.81554 F8000
G0 Z0
G1 X440.07723 Y145.68134 F8000
G1 Z1 F8000
G1 X440.07723 Y145.68134 F8000
G1 X442.16015 Y147.76426 F8000
G0 Z0
G1 X442.01316 Y148.20979 F8000
G1 Z1 F8000
G1 X442.01316 Y148.20979 F8000
G1 X439.57642 Y149.39001 F8000
G1 X435.73324 Y148.19523 F8000
G1 X441.35617 Y144.72207 F8000
G1 X442.40056 Y148.04693 F8000
G1 X442.01316 Y148.20979 F8000
G0 Z0
G1 X442.6007 Y148.12094 F8000
G1 Z1 F8000
G1 X442.6007 Y148.12094 F8000
G1 X445.12151 Y150.64174 F8000
G0 Z0
G1 X444.95825 Y150.83204 F8000
G1 Z1 F8000
G1 X444.95825 Y150.83204 F8000
G1 X442.72223 Y148.59602 F8000
G0 Z0
G1 X442.87656 Y149.10391 F8000
G1 Z1 F8000
G1 X442.87656 Y149.10391 F8000
G1 X444.57086 Y150.7982 F8000
G0 Z0
G1 X444.94665 Y151.05864 F8000
G1 Z1 F8000
G1 X444.94665 Y151.05864 F8000
G1 X443.75449 Y152.35676 F8000
G1 X443.17364 Y150.5077 F8000
G0 Z0
G1 X443.54527 Y150.47972 F8000
G1 Z1 F8000
G1 X443.54527 Y150.47972 F8000
G1 X443.19951 Y150.13396 F8000
G0 Z0
G1 X443.03661 Y149.61751 F8000
G1 Z1 F8000
G1 X443.03661 Y149.61751 F8000
G1 X444.05807 Y150.63896 F8000
G0 Z0
G1 X444.90925 Y151.30284 F8000
G1 Z1 F8000
G1 X444.90925 Y151.30284 F8000
G1 X446.83061 Y153.2242 F8000
G0 Z0
G1 X447.06943 Y153.10946 F8000
G1 Z1 F8000
G1 X447.06943 Y153.10946 F8000
G1 X445.07398 Y151.11401 F8000
G0 Z0
G1 X445.23623 Y150.92271 F8000
G1 Z1 F8000
G1 X445.23623 Y150.92271 F8000
G1 X447.28364 Y152.97012 F8000
G0 Z0
G1 X447.47431 Y152.80724 F8000
G1 Z1 F8000
G1 X447.47431 Y152.80724 F8000
G1 X445.39689 Y150.72982 F8000
G0 Z0
G1 X445.55754 Y150.53692 F8000
G1 Z1 F8000
G1 X445.55754 Y150.53692 F8000
G1 X447.63033 Y152.6097 F8000
G0 Z0
G1 X447.7267 Y152.35252 F8000
G1 Z1 F8000
G1 X447.7267 Y152.35252 F8000
G1 X445.71493 Y150.34075 F8000
G0 Z0
G1 X445.87171 Y150.14398 F8000
G1 Z1 F8000
G1 X445.87171 Y150.14398 F8000
G1 X447.81425 Y152.08652 F8000
G0 Z0
G1 X447.86739 Y151.78611 F8000
G1 Z1 F8000
G1 X447.86739 Y151.78611 F8000
G1 X446.0282 Y149.94691 F8000
G0 Z0
G1 X446.18108 Y149.74624 F8000
G1 Z1 F8000
G1 X446.18108 Y149.74624 F8000
G1 X447.89228 Y151.45744 F8000
G0 Z0
G1 X447.9146 Y151.12621 F8000
G1 Z1 F8000
G1 X447.9146 Y151.12621 F8000
G1 X446.33397 Y149.54558 F8000
G0 Z0
G1 X446.48537 Y149.34342 F8000
G1 Z1 F8000
G1 X446.48537 Y149.34342 F8000
G1 X447.93692 Y150.79497 F8000
G0 Z0
G1 X447.95924 Y150.46374 F8000
G1 Z1 F8000
G1 X447.95924 Y150.46374 F8000
G1 X446.6341 Y149.13861 F8000
G0 Z0
G1 X446.78284 Y148.93379 F8000
G1 Z1 F8000
G1 X446.78284 Y148.93379 F8000
G1 X447.9792 Y150.13015 F8000
G0 Z0
G1 X447.99427 Y149.79166 F8000
G1 Z1 F8000
G1 X447.99427 Y149.79166 F8000
G1 X446.92812 Y148.72551 F8000
G0 Z0
G1 X447.07216 Y148.516 F8000
G1 Z1 F8000
G1 X447.07216 Y148.516 F8000
G1 X448.00934 Y149.45318 F8000
G0 Z0
G1 X448.02441 Y149.1147 F8000
G1 Z1 F8000
G1 X448.02441 Y149.1147 F8000
G1 X447.21471 Y148.305 F8000
G0 Z0
G1 X447.35309 Y148.08982 F8000
G1 Z1 F8000
G1 X447.35309 Y148.08982 F8000
G1 X448.03948 Y148.77621 F8000
G0 Z0
G1 X448.05371 Y148.43689 F8000
G1 Z1 F8000
G1 X448.05371 Y148.43689 F8000
G1 X447.49147 Y147.87465 F8000
G0 Z0
G1 X447.63706 Y147.63935 F8000
G1 Z1 F8000
G1 X447.63706 Y147.63935 F8000
G1 X446.08171 Y149.87831 F8000
G1 X444.07156 Y152.25524 F8000
G1 X445.22536 Y153.553 F8000
G1 X446.06351 Y153.45161 F8000
G1 X446.72932 Y153.26682 F8000
G1 X447.26881 Y152.98355 F8000
G1 X447.6223 Y152.62542 F8000
G1 X447.85235 Y151.96886 F8000
G1 X448.06839 Y148.03688 F8000
G1 X447.80375 Y147.7033 F8000
G1 X447.63709 Y147.63927 F8000
G1 X448.06622 Y148.09585 F8000
G0 Z0
G1 X447.35657 Y147.5735 F8000
G1 Z1 F8000
G1 X447.35657 Y147.5735 F8000
G1 X447.10559 Y147.32252 F8000
G0 Z0
G1 X446.66189 Y147.23238 F8000
G1 Z1 F8000
G1 X446.66189 Y147.23238 F8000
G1 X447.22215 Y147.79264 F8000
G0 Z0
G1 X447.08278 Y148.00682 F8000
G1 Z1 F8000
G1 X447.08278 Y148.00682 F8000
G1 X446.29128 Y147.21532 F8000
G0 Z0
G1 X445.94303 Y147.22062 F8000
G1 Z1 F8000
G1 X445.94303 Y147.22062 F8000
G1 X446.9434 Y148.221 F8000
G0 Z0
G1 X446.79952 Y148.43067 F8000
G1 Z1 F8000
G1 X446.79952 Y148.43067 F8000
G1 X445.61915 Y147.2503 F8000
G0 Z0
G1 X445.098 Y147.33296 F8000
G1 Z1 F8000
G1 X445.098 Y147.33296 F8000
G1 X443.83584 Y147.66427 F8000
G1 X442.58399 Y148.1411 F8000
G1 X443.28286 Y150.39824 F8000
G1 X444.87658 Y150.89314 F8000
G1 X446.18508 Y149.29584 F8000
G1 X447.42503 Y147.45938 F8000
G1 X446.58225 Y147.22462 F8000
G1 X445.87856 Y147.22219 F8000
G1 X445.098 Y147.33296 F8000
G0 Z0
G1 X445.31116 Y147.29586 F8000
G1 Z1 F8000
G1 X445.31116 Y147.29586 F8000
G1 X446.65522 Y148.63992 F8000
G0 Z0
G1 X446.51038 Y148.84863 F8000
G1 Z1 F8000
G1 X446.51038 Y148.84863 F8000
G1 X445.01333 Y147.35159 F8000
G0 Z0
G1 X446.25401 Y149.43002 F8000
G1 Z1 F8000
G1 X446.25401 Y149.43002 F8000
G1 X444.94665 Y151.05864 F8000
G1 X443.17362 Y150.50777 F8000
G1 X442.40056 Y148.04693 F8000
G1 X444.06889 Y147.44919 F8000
G1 X445.54003 Y147.12134 F8000
G1 X446.73751 Y147.10187 F8000
G1 X447.62402 Y147.39579 F8000
G1 X446.25401 Y149.43002 F8000
G0 Z0
G1 X444.7237 Y147.4155 F8000
G1 Z1 F8000
G1 X444.7237 Y147.4155 F8000
G1 X446.36096 Y149.05277 F8000
G0 Z0
G1 X446.21154 Y149.2569 F8000
G1 Z1 F8000
G1 X446.21154 Y149.2569 F8000
G1 X444.44069 Y147.48605 F8000
G0 Z0
G1 X444.16898 Y147.56789 F8000
G1 Z1 F8000
G1 X444.16898 Y147.56789 F8000
G1 X446.06113 Y149.46005 F8000
G0 Z0
G1 X445.90692 Y149.65939 F8000
G1 Z1 F8000
G1 X445.90692 Y149.65939 F8000
G1 X443.89727 Y147.64974 F8000
G0 Z0
G1 X443.62782 Y147.73384 F8000
G1 Z1 F8000
G1 X443.62782 Y147.73384 F8000
G1 X445.75271 Y149.85873 F8000
G0 Z0
G1 X445.59763 Y150.05721 F8000
G1 Z1 F8000
G1 X445.59763 Y150.05721 F8000
G1 X443.36793 Y147.8275 F8000
G0 Z0
G1 X443.10803 Y147.92116 F8000
G1 Z1 F8000
G1 X443.10803 Y147.92116 F8000
G1 X445.43901 Y150.25214 F8000
G0 Z0
G1 X445.28039 Y150.44708 F8000
G1 Z1 F8000
G1 X445.28039 Y150.44708 F8000
G1 X442.84814 Y148.01482 F8000
G0 Z0
G1 X442.0004 Y147.25096 F8000
G1 Z1 F8000
G1 X442.0004 Y147.25096 F8000
G1 X440.29658 Y145.54714 F8000
G0 Z0
G1 X440.51593 Y145.41294 F8000
G1 Z1 F8000
G1 X440.51593 Y145.41294 F8000
G1 X441.84066 Y146.73766 F8000
G0 Z0
G1 X441.6792 Y146.22265 F8000
G1 Z1 F8000
G1 X441.6792 Y146.22265 F8000
G1 X440.73834 Y145.28179 F8000
G0 Z0
G1 X440.96217 Y145.15207 F8000
G1 Z1 F8000
G1 X440.96217 Y145.15207 F8000
G1 X441.51525 Y145.70514 F8000
G0 Z0
G1 X441.32492 Y145.16127 F8000
G1 Z1 F8000
G1 X441.32492 Y145.16127 F8000
G1 X441.1967 Y145.03304 F8000
G0 Z0
G1 X448.26495 Y145.62287 F8000
G1 Z1 F8000
G1 X448.26495 Y145.62287 F8000
G1 X448.26664 Y145.55728 F8000
G1 X448.25963 Y145.93543 F8000
G1 X448.26495 Y145.62287 F8000
G0 Z0
G1 X448.19816 Y146.20506 F8000
G1 Z1 F8000
G1 X448.19816 Y146.20506 F8000
G1 X448.25963 Y145.93543 F8000
G1 X448.20383 Y147.99836 F8000
G1 X447.94811 Y147.65427 F8000
G1 X447.62402 Y147.39579 F8000
G1 X448.19816 Y146.20506 F8000
G0 Z0
G1 X448.36832 Y150.55603 F8000
G1 Z1 F8000
G1 X448.36832 Y150.55603 F8000
G1 X447.9842 Y152.00277 F8000
G1 X448.2038 Y147.99836 F8000
G1 X448.40197 Y148.49919 F8000
G1 X448.48849 Y149.04082 F8000
G1 X448.36832 Y150.55603 F8000
G0 Z0
G1 X447.94501 Y152.23439 F8000
G1 Z1 F8000
G1 X447.94501 Y152.23439 F8000
G1 X447.77801 Y152.63735 F8000
G1 X447.9842 Y152.00277 F8000
G1 X447.94501 Y152.23439 F8000
G0 Z0
G1 X447.40419 Y153.34376 F8000
G1 Z1 F8000
G1 X447.40419 Y153.34376 F8000
G1 X447.42854 Y153.26257 F8000
G1 X446.66962 Y153.57612 F8000
G1 X445.99656 Y153.74058 F8000
G1 X444.37861 Y153.88132 F8000
G1 X444.49659 Y154.2484 F8000
G1 X446.98029 Y154.63763 F8000
G1 X447.40419 Y153.34376 F8000
G0 Z0
G1 X447.18616 Y153.35333 F8000
G1 Z1 F8000
G1 X447.18616 Y153.35333 F8000
G1 X447.34664 Y153.51381 F8000
G0 Z0
G1 X447.25972 Y153.78045 F8000
G1 Z1 F8000
G1 X447.25972 Y153.78045 F8000
G1 X446.94809 Y153.46881 F8000
G0 Z0
G1 X446.69172 Y153.566 F8000
G1 Z1 F8000
G1 X446.69172 Y153.566 F8000
G1 X447.1728 Y154.04708 F8000
G0 Z0
G1 X447.08588 Y154.31372 F8000
G1 Z1 F8000
G1 X447.08588 Y154.31372 F8000
G1 X446.41912 Y153.64695 F8000
G0 Z0
G1 X446.29891 Y153.3996 F8000
G1 Z1 F8000
G1 X446.29891 Y153.3996 F8000
G1 X444.57671 Y151.67741 F8000
G0 Z0
G1 X444.40747 Y151.86172 F8000
G1 Z1 F8000
G1 X444.40747 Y151.86172 F8000
G1 X446.0036 Y153.45785 F8000
G0 Z0
G1 X446.132 Y153.71339 F8000
G1 Z1 F8000
G1 X446.132 Y153.71339 F8000
G1 X446.99896 Y154.58035 F8000
G0 Z0
G1 X446.6551 Y154.59005 F8000
G1 Z1 F8000
G1 X446.6551 Y154.59005 F8000
G1 X445.83187 Y153.76681 F8000
G0 Z0
G1 X445.7034 Y153.51121 F8000
G1 Z1 F8000
G1 X445.7034 Y153.51121 F8000
G1 X444.23834 Y152.04614 F8000
G0 Z0
G1 X444.07953 Y152.24089 F8000
G1 Z1 F8000
G1 X444.07953 Y152.24089 F8000
G1 X445.38434 Y153.54569 F8000
G0 Z0
G1 X445.51891 Y153.80741 F8000
G1 Z1 F8000
G1 X445.51891 Y153.80741 F8000
G1 X446.24094 Y154.52944 F8000
G0 Z0
G1 X445.40397 Y154.39957 F8000
G1 Z1 F8000
G1 X445.40397 Y154.39957 F8000
G1 X444.85872 Y153.85432 F8000
G0 Z0
G1 X447.53774 Y152.93824 F8000
G1 Z1 F8000
G1 X447.53774 Y152.93824 F8000
G1 X447.77801 Y152.63735 F8000
G1 X447.07416 Y154.80003 F8000
G1 X444.38906 Y154.37731 F8000
G1 X444.187 Y153.73342 F8000
G1 X445.29523 Y153.69447 F8000
G1 X446.27104 Y153.54765 F8000
G1 X446.99058 Y153.30524 F8000
G1 X447.53774 Y152.93824 F8000
G0 Z0
G1 X444.5229 Y153.87206 F8000
G1 Z1 F8000
G1 X444.5229 Y153.87206 F8000
G1 X444.98435 Y154.3335 F8000
G0 Z0
G1 X444.55662 Y154.25933 F8000
G1 Z1 F8000
G1 X444.55662 Y154.25933 F8000
G1 X444.47333 Y154.17604 F8000
G0 Z0
G1 X443.96523 Y153.56045 F8000
G1 Z1 F8000
G1 X443.96523 Y153.56045 F8000
G1 X443.35676 Y152.95198 F8000
G0 Z0
G1 X442.92666 Y153.44349 F8000
G1 Z1 F8000
G1 X442.92666 Y153.44349 F8000
G1 X443.03532 Y153.5498 F8000
G1 X443.96774 Y153.5744 F8000
G1 X443.79446 Y152.95701 F8000
G1 X443.64399 Y152.77827 F8000
G1 X443.37012 Y152.93881 F8000
G1 X442.92666 Y153.44349 F8000
G0 Z0
G1 X443.17599 Y153.12476 F8000
G1 Z1 F8000
G1 X443.17599 Y153.12476 F8000
G1 X443.62376 Y153.57253 F8000
G0 Z0
G1 X443.25799 Y153.56031 F8000
G1 Z1 F8000
G1 X443.25799 Y153.56031 F8000
G1 X443.00128 Y153.3036 F8000
G0 Z0
G1 X442.98696 Y153.10916 F8000
G1 Z1 F8000
G1 X442.98696 Y153.10916 F8000
G1 X443.75449 Y152.35676 F8000
G1 X444.187 Y153.73342 F8000
G1 X442.37677 Y153.64967 F8000
G1 X442.98696 Y153.10916 F8000
G0 Z0
G1 X441.74273 Y153.96201 F8000
G1 Z1 F8000
G1 X441.74273 Y153.96201 F8000
G1 X441.48897 Y153.70825 F8000
G0 Z0
G1 X441.09547 Y153.6683 F8000
G1 Z1 F8000
G1 X441.09547 Y153.6683 F8000
G1 X441.53661 Y154.10945 F8000
G0 Z0
G1 X441.32495 Y154.25134 F8000
G1 Z1 F8000
G1 X441.32495 Y154.25134 F8000
G1 X440.70197 Y153.62835 F8000
G0 Z0
G1 X440.30847 Y153.58841 F8000
G1 Z1 F8000
G1 X440.30847 Y153.58841 F8000
G1 X441.10738 Y154.38732 F8000
G0 Z0
G1 X440.88042 Y154.51392 F8000
G1 Z1 F8000
G1 X440.88042 Y154.51392 F8000
G1 X439.91516 Y153.54866 F8000
G0 Z0
G1 X439.52198 Y153.50903 F8000
G1 Z1 F8000
G1 X439.52198 Y153.50903 F8000
G1 X440.64823 Y154.63528 F8000
G0 Z0
G1 X440.40591 Y154.74652 F8000
G1 Z1 F8000
G1 X440.40591 Y154.74652 F8000
G1 X439.12879 Y153.4694 F8000
G0 Z0
G1 X438.73561 Y153.42977 F8000
G1 Z1 F8000
G1 X438.73561 Y153.42977 F8000
G1 X440.14557 Y154.83973 F8000
G0 Z0
G1 X440.03881 Y155.01773 F8000
G1 Z1 F8000
G1 X440.03881 Y155.01773 F8000
G1 X439.46694 Y155.04623 F8000
G1 X439.05276 Y154.88914 F8000
G1 X438.09647 Y153.85126 F8000
G1 X437.26857 Y153.18358 F8000
G1 X442.37677 Y153.6497 F8000
G1 X441.0896 Y154.57558 F8000
G1 X440.03881 Y155.01773 F8000
G0 Z0
G1 X439.84875 Y154.89646 F8000
G1 Z1 F8000
G1 X439.84875 Y154.89646 F8000
G1 X438.34243 Y153.39014 F8000
G0 Z0
G1 X437.97813 Y153.37939 F8000
G1 Z1 F8000
G1 X437.97813 Y153.37939 F8000
G1 X439.49551 Y154.89677 F8000
G0 Z0
G1 X440.62602 Y153.62236 F8000
G1 Z1 F8000
G1 X440.62602 Y153.62236 F8000
G1 X437.97813 Y153.36131 F8000
G1 X438.04099 Y153.58391 F8000
G1 X439.02318 Y154.68102 F8000
G1 X439.50815 Y154.89905 F8000
G1 X439.98208 Y154.88076 F8000
G1 X440.51002 Y154.70257 F8000
G1 X441.3286 Y154.25226 F8000
G1 X441.85668 Y153.81925 F8000
G1 X441.78956 Y153.73876 F8000
G1 X440.62602 Y153.62236 F8000
G0 Z0
G1 X436.50827 Y153.00645 F8000
G1 Z1 F8000
G1 X436.50827 Y153.00645 F8000
G1 X436.09479 Y152.59297 F8000
G0 Z0
G1 X436.08652 Y152.93825 F8000
G1 Z1 F8000
G1 X436.08652 Y152.93825 F8000
G1 X433.56082 Y150.41255 F8000
G0 Z0
G1 X433.85317 Y151.05846 F8000
G1 Z1 F8000
G1 X433.85317 Y151.05846 F8000
G1 X435.5696 Y152.77488 F8000
G0 Z0
G1 X443.55717 Y152.79883 F8000
G1 Z1 F8000
G1 X443.55717 Y152.79883 F8000
G1 X443.83206 Y153.07372 F8000
G0 Z0
G1 X444.74453 Y151.49167 F8000
G1 Z1 F8000
G1 X444.74453 Y151.49167 F8000
G1 X446.57324 Y153.32039 F8000
G0 Z0
G1 X446.86232 Y155.51499 F8000
G1 Z1 F8000
G1 X446.86232 Y155.51499 F8000
G1 X446.86232 Y166.90016 F8000
G0 Z0
G1 X447.11232 Y166.90046 F8000
G1 Z1 F8000
G1 X447.11232 Y166.90046 F8000
G1 X447.11232 Y155.51581 F8000
G0 Z0
G1 X447.36232 Y155.51662 F8000
G1 Z1 F8000
G1 X447.36232 Y155.51662 F8000
G1 X447.36232 Y166.90075 F8000
G0 Z0
G1 X447.61232 Y166.90104 F8000
G1 Z1 F8000
G1 X447.61232 Y166.90104 F8000
G1 X447.61232 Y155.51744 F8000
G0 Z0
G1 X447.86232 Y155.51826 F8000
G1 Z1 F8000
G1 X447.86232 Y155.51826 F8000
G1 X447.86232 Y166.90133 F8000
G0 Z0
G1 X448.11232 Y166.90163 F8000
G1 Z1 F8000
G1 X448.11232 Y166.90163 F8000
G1 X448.11232 Y155.51907 F8000
G0 Z0
G1 X448.36232 Y155.51989 F8000
G1 Z1 F8000
G1 X448.36232 Y155.51989 F8000
G1 X448.36232 Y166.90192 F8000
G0 Z0
G1 X448.61232 Y166.90221 F8000
G1 Z1 F8000
G1 X448.61232 Y166.90221 F8000
G1 X448.61232 Y155.52071 F8000
G0 Z0
G1 X448.86232 Y155.52152 F8000
G1 Z1 F8000
G1 X448.86232 Y155.52152 F8000
G1 X448.86232 Y166.9025 F8000
G0 Z0
G1 X449.11232 Y166.9028 F8000
G1 Z1 F8000
G1 X449.11232 Y166.9028 F8000
G1 X449.11232 Y155.52234 F8000
G0 Z0
G1 X449.36232 Y155.52316 F8000
G1 Z1 F8000
G1 X449.36232 Y155.52316 F8000
G1 X449.36232 Y166.90309 F8000
G0 Z0
G1 X449.61232 Y166.90338 F8000
G1 Z1 F8000
G1 X449.61232 Y166.90338 F8000
G1 X449.61232 Y155.52397 F8000
G0 Z0
G1 X449.86232 Y155.52479 F8000
G1 Z1 F8000
G1 X449.86232 Y155.52479 F8000
G1 X449.86232 Y166.90367 F8000
G0 Z0
G1 X450.11232 Y166.90396 F8000
G1 Z1 F8000
G1 X450.11232 Y166.90396 F8000
G1 X450.11232 Y155.52561 F8000
G0 Z0
G1 X450.36232 Y155.52642 F8000
G1 Z1 F8000
G1 X450.36232 Y155.52642 F8000
G1 X450.36232 Y166.90426 F8000
G0 Z0
G1 X450.61232 Y166.90455 F8000
G1 Z1 F8000
G1 X450.61232 Y166.90455 F8000
G1 X450.61232 Y155.52724 F8000
G0 Z0
G1 X450.86232 Y155.52806 F8000
G1 Z1 F8000
G1 X450.86232 Y155.52806 F8000
G1 X450.86232 Y166.90484 F8000
G0 Z0
G1 X451.11232 Y166.90513 F8000
G1 Z1 F8000
G1 X451.11232 Y166.90513 F8000
G1 X451.11232 Y155.52887 F8000
G0 Z0
G1 X451.36232 Y155.52969 F8000
G1 Z1 F8000
G1 X451.36232 Y155.52969 F8000
G1 X451.36232 Y166.90543 F8000
G0 Z0
G1 X451.61232 Y166.90572 F8000
G1 Z1 F8000
G1 X451.61232 Y166.90572 F8000
G1 X451.61232 Y155.53051 F8000
G0 Z0
G1 X451.86232 Y155.53132 F8000
G1 Z1 F8000
G1 X451.86232 Y155.53132 F8000
G1 X451.86232 Y166.90601 F8000
G0 Z0
G1 X452.11232 Y166.9063 F8000
G1 Z1 F8000
G1 X452.11232 Y166.9063 F8000
G1 X452.11232 Y155.53214 F8000
G0 Z0
G1 X452.36232 Y155.53296 F8000
G1 Z1 F8000
G1 X452.36232 Y155.53296 F8000
G1 X452.36232 Y166.9066 F8000
G0 Z0
G1 X452.61232 Y166.90689 F8000
G1 Z1 F8000
G1 X452.61232 Y166.90689 F8000
G1 X452.61232 Y155.53377 F8000
G0 Z0
G1 X452.86232 Y155.53459 F8000
G1 Z1 F8000
G1 X452.86232 Y155.53459 F8000
G1 X452.86232 Y166.90718 F8000
G0 Z0
G1 X453.11232 Y166.90747 F8000
G1 Z1 F8000
G1 X453.11232 Y166.90747 F8000
G1 X453.11232 Y155.53541 F8000
G0 Z0
G1 X453.36232 Y155.53622 F8000
G1 Z1 F8000
G1 X453.36232 Y155.53622 F8000
G1 X453.36232 Y166.90776 F8000
G0 Z0
G1 X453.61233 Y166.90806 F8000
G1 Z1 F8000
G1 X453.61233 Y166.90806 F8000
G1 X453.61233 Y155.53704 F8000
G0 Z0
G1 X453.86233 Y155.53786 F8000
G1 Z1 F8000
G1 X453.86233 Y155.53786 F8000
G1 X453.86233 Y166.90835 F8000
G0 Z0
G1 X454.11233 Y166.90864 F8000
G1 Z1 F8000
G1 X454.11233 Y166.90864 F8000
G1 X454.11233 Y155.53867 F8000
G0 Z0
G1 X454.36233 Y155.53949 F8000
G1 Z1 F8000
G1 X454.36233 Y155.53949 F8000
G1 X454.36233 Y166.90893 F8000
G0 Z0
G1 X454.61233 Y166.90923 F8000
G1 Z1 F8000
G1 X454.61233 Y166.90923 F8000
G1 X454.61233 Y155.54031 F8000
G0 Z0
G1 X454.86233 Y155.54112 F8000
G1 Z1 F8000
G1 X454.86233 Y155.54112 F8000
G1 X454.86233 Y166.90952 F8000
G0 Z0
G1 X455.11233 Y166.90981 F8000
G1 Z1 F8000
G1 X455.11233 Y166.90981 F8000
G1 X455.11233 Y155.54194 F8000
G0 Z0
G1 X455.36233 Y155.54275 F8000
G1 Z1 F8000
G1 X455.36233 Y155.54275 F8000
G1 X455.36233 Y166.9101 F8000
G0 Z0
G1 X455.61233 Y166.9104 F8000
G1 Z1 F8000
G1 X455.61233 Y166.9104 F8000
G1 X455.61233 Y155.54357 F8000
G0 Z0
G1 X455.86233 Y155.54439 F8000
G1 Z1 F8000
G1 X455.86233 Y155.54439 F8000
G1 X455.86233 Y166.91069 F8000
G0 Z0
G1 X456.11233 Y166.91098 F8000
G1 Z1 F8000
G1 X456.11233 Y166.91098 F8000
G1 X456.11233 Y155.5452 F8000
G0 Z0
G1 X456.36233 Y155.54602 F8000
G1 Z1 F8000
G1 X456.36233 Y155.54602 F8000
G1 X456.36233 Y166.91127 F8000
G0 Z0
G1 X456.61233 Y166.91157 F8000
G1 Z1 F8000
G1 X456.61233 Y166.91157 F8000
G1 X456.61233 Y155.54684 F8000
G0 Z0
G1 X456.86233 Y155.54765 F8000
G1 Z1 F8000
G1 X456.86233 Y155.54765 F8000
G1 X456.86233 Y166.91186 F8000
G0 Z0
G1 X457.11233 Y166.91215 F8000
G1 Z1 F8000
G1 X457.11233 Y166.91215 F8000
G1 X457.11233 Y155.54847 F8000
G0 Z0
G1 X457.36233 Y155.54929 F8000
G1 Z1 F8000
G1 X457.36233 Y155.54929 F8000
G1 X457.36233 Y166.91244 F8000
G0 Z0
G1 X457.61233 Y166.91273 F8000
G1 Z1 F8000
G1 X457.61233 Y166.91273 F8000
G1 X457.61233 Y155.5501 F8000
G0 Z0
G1 X457.86233 Y155.55092 F8000
G1 Z1 F8000
G1 X457.86233 Y155.55092 F8000
G1 X457.86233 Y166.91303 F8000
G0 Z0
G1 X435.2698 Y124.00754 F8000
G1 Z1 F8000
G1 X435.2698 Y124.00754 F8000
G1 X430.49507 Y119.23282 F8000
G0 Z0
G1 X430.84863 Y119.23282 F8000
G1 Z1 F8000
G1 X430.84863 Y119.23282 F8000
G1 X435.2698 Y123.65399 F8000
G0 Z0
G1 X435.2698 Y123.30043 F8000
G1 Z1 F8000
G1 X435.2698 Y123.30043 F8000
G1 X431.20218 Y119.23282 F8000
G0 Z0
G1 X431.55573 Y119.23282 F8000
G1 Z1 F8000
G1 X431.55573 Y119.23282 F8000
G1 X435.2698 Y122.94688 F8000
G0 Z0
G1 X435.2698 Y122.59332 F8000
G1 Z1 F8000
G1 X435.2698 Y122.59332 F8000
G1 X431.90929 Y119.23282 F8000
G0 Z0
G1 X432.26284 Y119.23282 F8000
G1 Z1 F8000
G1 X432.26284 Y119.23282 F8000
G1 X435.2698 Y122.23977 F8000
G0 Z0
G1 X435.2698 Y121.88622 F8000
G1 Z1 F8000
G1 X435.2698 Y121.88622 F8000
G1 X432.6164 Y119.23282 F8000
G0 Z0
G1 X432.96995 Y119.23282 F8000
G1 Z1 F8000
G1 X432.96995 Y119.23282 F8000
G1 X435.2698 Y121.53266 F8000
G0 Z0
G1 X435.2698 Y121.17911 F8000
G1 Z1 F8000
G1 X435.2698 Y121.17911 F8000
G1 X433.3235 Y119.23282 F8000
G0 Z0
G1 X433.67706 Y119.23282 F8000
G1 Z1 F8000
G1 X433.67706 Y119.23282 F8000
G1 X435.2698 Y120.82556 F8000
G0 Z0
G1 X435.2698 Y120.472 F8000
G1 Z1 F8000
G1 X435.2698 Y120.472 F8000
G1 X434.03061 Y119.23282 F8000
G0 Z0
G1 X434.38416 Y119.23282 F8000
G1 Z1 F8000
G1 X434.38416 Y119.23282 F8000
G1 X435.2698 Y120.11845 F8000
G0 Z0
G1 X435.2698 Y119.7649 F8000
G1 Z1 F8000
G1 X435.2698 Y119.7649 F8000
G1 X434.73772 Y119.23282 F8000
G0 Z0
G1 X435.09127 Y119.23282 F8000
G1 Z1 F8000
G1 X435.09127 Y119.23282 F8000
G1 X435.2698 Y119.41134 F8000
G0 Z0
G1 X447.11232 Y93.21974 F8000
G1 Z1 F8000
G1 X447.11232 Y93.21974 F8000
G1 X447.11232 Y81.85499 F8000
G0 Z0
G1 X447.36232 Y81.85491 F8000
G1 Z1 F8000
G1 X447.36232 Y81.85491 F8000
G1 X447.36232 Y93.21974 F8000
G0 Z0
G1 X447.61232 Y93.21974 F8000
G1 Z1 F8000
G1 X447.61232 Y93.21974 F8000
G1 X447.61232 Y81.85483 F8000
G0 Z0
G1 X447.86232 Y81.85475 F8000
G1 Z1 F8000
G1 X447.86232 Y81.85475 F8000
G1 X447.86232 Y93.21974 F8000
G0 Z0
G1 X448.11232 Y93.21974 F8000
G1 Z1 F8000
G1 X448.11232 Y93.21974 F8000
G1 X448.11232 Y81.85467 F8000
G0 Z0
G1 X448.36232 Y81.85459 F8000
G1 Z1 F8000
G1 X448.36232 Y81.85459 F8000
G1 X448.36232 Y93.21974 F8000
G0 Z0
G1 X448.61232 Y93.21974 F8000
G1 Z1 F8000
G1 X448.61232 Y93.21974 F8000
G1 X448.61232 Y81.85451 F8000
G0 Z0
G1 X448.86232 Y81.85443 F8000
G1 Z1 F8000
G1 X448.86232 Y81.85443 F8000
G1 X448.86232 Y93.21974 F8000
G0 Z0
G1 X449.11232 Y93.21974 F8000
G1 Z1 F8000
G1 X449.11232 Y93.21974 F8000
G1 X449.11232 Y81.85435 F8000
G0 Z0
G1 X449.36232 Y81.85427 F8000
G1 Z1 F8000
G1 X449.36232 Y81.85427 F8000
G1 X449.36232 Y93.21974 F8000
G0 Z0
G1 X449.61232 Y93.21974 F8000
G1 Z1 F8000
G1 X449.61232 Y93.21974 F8000
G1 X449.61232 Y81.85419 F8000
G0 Z0
G1 X449.86232 Y81.85411 F8000
G1 Z1 F8000
G1 X449.86232 Y81.85411 F8000
G1 X449.86232 Y93.21974 F8000
G0 Z0
G1 X450.11232 Y93.21974 F8000
G1 Z1 F8000
G1 X450.11232 Y93.21974 F8000
G1 X450.11232 Y81.85403 F8000
G0 Z0
G1 X450.36232 Y81.85395 F8000
G1 Z1 F8000
G1 X450.36232 Y81.85395 F8000
G1 X450.36232 Y93.21974 F8000
G0 Z0
G1 X450.61232 Y93.21974 F8000
G1 Z1 F8000
G1 X450.61232 Y93.21974 F8000
G1 X450.61232 Y81.85387 F8000
G0 Z0
G1 X450.86232 Y81.85379 F8000
G1 Z1 F8000
G1 X450.86232 Y81.85379 F8000
G1 X450.86232 Y93.21974 F8000
G0 Z0
G1 X451.11232 Y93.21974 F8000
G1 Z1 F8000
G1 X451.11232 Y93.21974 F8000
G1 X451.11232 Y81.85371 F8000
G0 Z0
G1 X451.36232 Y81.85363 F8000
G1 Z1 F8000
G1 X451.36232 Y81.85363 F8000
G1 X451.36232 Y93.21974 F8000
G0 Z0
G1 X451.61232 Y93.21974 F8000
G1 Z1 F8000
G1 X451.61232 Y93.21974 F8000
G1 X451.61232 Y81.85355 F8000
G0 Z0
G1 X451.86232 Y81.85347 F8000
G1 Z1 F8000
G1 X451.86232 Y81.85347 F8000
G1 X451.86232 Y93.21974 F8000
G0 Z0
G1 X452.11232 Y93.21974 F8000
G1 Z1 F8000
G1 X452.11232 Y93.21974 F8000
G1 X452.11232 Y81.85339 F8000
G0 Z0
G1 X452.36232 Y81.85331 F8000
G1 Z1 F8000
G1 X452.36232 Y81.85331 F8000
G1 X452.36232 Y93.21974 F8000
G0 Z0
G1 X452.61232 Y93.21974 F8000
G1 Z1 F8000
G1 X452.61232 Y93.21974 F8000
G1 X452.61232 Y81.85323 F8000
G0 Z0
G1 X452.86232 Y81.85315 F8000
G1 Z1 F8000
G1 X452.86232 Y81.85315 F8000
G1 X452.86232 Y93.21974 F8000
G0 Z0
G1 X453.11232 Y93.21974 F8000
G1 Z1 F8000
G1 X453.11232 Y93.21974 F8000
G1 X453.11232 Y81.85307 F8000
G0 Z0
G1 X453.36232 Y81.85299 F8000
G1 Z1 F8000
G1 X453.36232 Y81.85299 F8000
G1 X453.36232 Y93.21974 F8000
G0 Z0
G1 X453.61233 Y93.21974 F8000
G1 Z1 F8000
G1 X453.61233 Y93.21974 F8000
G1 X453.61233 Y81.85291 F8000
G0 Z0
G1 X453.86233 Y81.85283 F8000
G1 Z1 F8000
G1 X453.86233 Y81.85283 F8000
G1 X453.86233 Y93.21974 F8000
G0 Z0
G1 X454.11233 Y93.21974 F8000
G1 Z1 F8000
G1 X454.11233 Y93.21974 F8000
G1 X454.11233 Y81.85275 F8000
G0 Z0
G1 X454.36233 Y81.85267 F8000
G1 Z1 F8000
G1 X454.36233 Y81.85267 F8000
G1 X454.36233 Y93.21974 F8000
G0 Z0
G1 X454.61233 Y93.21974 F8000
G1 Z1 F8000
G1 X454.61233 Y93.21974 F8000
G1 X454.61233 Y81.85259 F8000
G0 Z0
G1 X454.86233 Y81.85251 F8000
G1 Z1 F8000
G1 X454.86233 Y81.85251 F8000
G1 X454.86233 Y93.21974 F8000
G0 Z0
G1 X455.11233 Y93.21974 F8000
G1 Z1 F8000
G1 X455.11233 Y93.21974 F8000
G1 X455.11233 Y81.85243 F8000
G0 Z0
G1 X455.36233 Y81.85235 F8000
G1 Z1 F8000
G1 X455.36233 Y81.85235 F8000
G1 X455.36233 Y93.21974 F8000
G0 Z0
G1 X455.61233 Y93.21974 F8000
G1 Z1 F8000
G1 X455.61233 Y93.21974 F8000
G1 X455.61233 Y81.85227 F8000
G0 Z0
G1 X455.86233 Y81.85219 F8000
G1 Z1 F8000
G1 X455.86233 Y81.85219 F8000
G1 X455.86233 Y93.21974 F8000
G0 Z0
G1 X456.11233 Y93.21974 F8000
G1 Z1 F8000
G1 X456.11233 Y93.21974 F8000
G1 X456.11233 Y81.85211 F8000
G0 Z0
G1 X456.36233 Y81.85203 F8000
G1 Z1 F8000
G1 X456.36233 Y81.85203 F8000
G1 X456.36233 Y93.21974 F8000
G0 Z0
G1 X456.61233 Y93.21974 F8000
G1 Z1 F8000
G1 X456.61233 Y93.21974 F8000
G1 X456.61233 Y81.85195 F8000
G0 Z0
G1 X456.86233 Y81.85187 F8000
G1 Z1 F8000
G1 X456.86233 Y81.85187 F8000
G1 X456.86233 Y93.21974 F8000
G0 Z0
G1 X457.11233 Y93.21974 F8000
G1 Z1 F8000
G1 X457.11233 Y93.21974 F8000
G1 X457.11233 Y81.85179 F8000
G0 Z0
G1 X457.36233 Y81.85171 F8000
G1 Z1 F8000
G1 X457.36233 Y81.85171 F8000
G1 X457.36233 Y93.21974 F8000
G0 Z0
G1 X457.61233 Y93.21974 F8000
G1 Z1 F8000
G1 X457.61233 Y93.21974 F8000
G1 X457.61233 Y81.85163 F8000
G0 Z0
G1 X457.86233 Y81.85155 F8000
G1 Z1 F8000
G1 X457.86233 Y81.85155 F8000
G1 X457.86233 Y93.21974 F8000
G0 Z0
G1 X458.27832 Y63.64655 F8000
G1 Z1 F8000
G1 X458.27832 Y63.64655 F8000
G1 X470.02887 Y51.89601 F8000
G0 Z0
G1 X470.3824 Y51.8959 F8000
G1 Z1 F8000
G1 X470.3824 Y51.8959 F8000
G1 X458.62513 Y63.65317 F8000
G0 Z0
G1 X458.9724 Y63.65947 F8000
G1 Z1 F8000
G1 X458.9724 Y63.65947 F8000
G1 X470.73597 Y51.8959 F8000
G0 Z0
G1 X471.08953 Y51.89463 F8000
G1 Z1 F8000
G1 X471.08953 Y51.89463 F8000
G1 X459.32469 Y63.65947 F8000
G0 Z0
G1 X459.67696 Y63.66074 F8000
G1 Z1 F8000
G1 X459.67696 Y63.66074 F8000
G1 X471.44307 Y51.89463 F8000
G0 Z0
G1 X471.79663 Y51.89336 F8000
G1 Z1 F8000
G1 X471.79663 Y51.89336 F8000
G1 X460.02925 Y63.66074 F8000
G0 Z0
G1 X460.38155 Y63.66198 F8000
G1 Z1 F8000
G1 X460.38155 Y63.66198 F8000
G1 X472.15019 Y51.89336 F8000
G0 Z0
G1 X472.50373 Y51.89209 F8000
G1 Z1 F8000
G1 X472.50373 Y51.89209 F8000
G1 X460.73384 Y63.66198 F8000
G0 Z0
G1 X461.08613 Y63.66325 F8000
G1 Z1 F8000
G1 X461.08613 Y63.66325 F8000
G1 X472.85729 Y51.89209 F8000
G0 Z0
G1 X473.21083 Y51.89082 F8000
G1 Z1 F8000
G1 X473.21083 Y51.89082 F8000
G1 X461.43842 Y63.66325 F8000
G0 Z0
G1 X461.79122 Y63.66399 F8000
G1 Z1 F8000
G1 X461.79122 Y63.66399 F8000
G1 X473.56439 Y51.89082 F8000
G0 Z0
G1 X473.91795 Y51.89116 F8000
G1 Z1 F8000
G1 X473.91795 Y51.89116 F8000
G1 X462.14513 Y63.66399 F8000
G0 Z0
G1 X462.49903 Y63.66362 F8000
G1 Z1 F8000
G1 X462.49903 Y63.66362 F8000
G1 X474.27149 Y51.89116 F8000
G0 Z0
G1 X474.62505 Y51.89153 F8000
G1 Z1 F8000
G1 X474.62505 Y51.89153 F8000
G1 X462.85297 Y63.66362 F8000
G0 Z0
G1 X463.20687 Y63.66328 F8000
G1 Z1 F8000
G1 X463.20687 Y63.66328 F8000
G1 X474.97862 Y51.89153 F8000
G0 Z0
G1 X475.33215 Y51.8919 F8000
G1 Z1 F8000
G1 X475.33215 Y51.8919 F8000
G1 X463.56078 Y63.66328 F8000
G0 Z0
G1 X463.91471 Y63.66291 F8000
G1 Z1 F8000
G1 X463.91471 Y63.66291 F8000
G1 X475.59367 Y51.98395 F8000
G0 Z0
G1 X475.59367 Y52.33786 F8000
G1 Z1 F8000
G1 X475.59367 Y52.33786 F8000
G1 X464.26862 Y63.66291 F8000
G0 Z0
G1 X464.62253 Y63.66254 F8000
G1 Z1 F8000
G1 X464.62253 Y63.66254 F8000
G1 X475.59367 Y52.6914 F8000
G0 Z0
G1 X475.59367 Y53.04533 F8000
G1 Z1 F8000
G1 X475.59367 Y53.04533 F8000
G1 X464.97643 Y63.66254 F8000
G0 Z0
G1 X465.33037 Y63.66219 F8000
G1 Z1 F8000
G1 X465.33037 Y63.66219 F8000
G1 X475.59367 Y53.39889 F8000
G0 Z0
G1 X475.59367 Y53.75243 F8000
G1 Z1 F8000
G1 X475.59367 Y53.75243 F8000
G1 X465.68401 Y63.66209 F8000
G0 Z0
G1 X466.03757 Y63.66209 F8000
G1 Z1 F8000
G1 X466.03757 Y63.66209 F8000
G1 X475.59367 Y54.10599 F8000
G0 Z0
G1 X475.59367 Y54.45955 F8000
G1 Z1 F8000
G1 X475.59367 Y54.45955 F8000
G1 X466.39114 Y63.66209 F8000
G0 Z0
G1 X466.74467 Y63.66209 F8000
G1 Z1 F8000
G1 X466.74467 Y63.66209 F8000
G1 X475.59367 Y54.81309 F8000
G0 Z0
G1 X475.59367 Y55.16665 F8000
G1 Z1 F8000
G1 X475.59367 Y55.16665 F8000
G1 X467.09824 Y63.66209 F8000
G0 Z0
G1 X467.45177 Y63.66209 F8000
G1 Z1 F8000
G1 X467.45177 Y63.66209 F8000
G1 X475.59367 Y55.52019 F8000
G0 Z0
G1 X475.59367 Y55.87375 F8000
G1 Z1 F8000
G1 X475.59367 Y55.87375 F8000
G1 X467.80533 Y63.66209 F8000
G0 Z0
G1 X468.1589 Y63.66209 F8000
G1 Z1 F8000
G1 X468.1589 Y63.66209 F8000
G1 X475.59367 Y56.22732 F8000
G0 Z0
G1 X475.59367 Y56.58085 F8000
G1 Z1 F8000
G1 X475.59367 Y56.58085 F8000
G1 X468.51243 Y63.66209 F8000
G0 Z0
G1 X468.866 Y63.66209 F8000
G1 Z1 F8000
G1 X468.866 Y63.66209 F8000
G1 X475.59367 Y56.93442 F8000
G0 Z0
G1 X475.59367 Y57.28798 F8000
G1 Z1 F8000
G1 X475.59367 Y57.28798 F8000
G1 X469.21956 Y63.66209 F8000
G0 Z0
G1 X469.5731 Y63.66209 F8000
G1 Z1 F8000
G1 X469.5731 Y63.66209 F8000
G1 X475.59367 Y57.64151 F8000
G0 Z0
G1 X475.59367 Y57.99508 F8000
G1 Z1 F8000
G1 X475.59367 Y57.99508 F8000
G1 X469.92666 Y63.66209 F8000
G0 Z0
G1 X470.28022 Y63.66209 F8000
G1 Z1 F8000
G1 X470.28022 Y63.66209 F8000
G1 X475.59367 Y58.34864 F8000
G0 Z0
G1 X475.59367 Y58.70218 F8000
G1 Z1 F8000
G1 X475.59367 Y58.70218 F8000
G1 X470.63376 Y63.66209 F8000
G0 Z0
G1 X470.98732 Y63.66209 F8000
G1 Z1 F8000
G1 X470.98732 Y63.66209 F8000
G1 X475.59367 Y59.05574 F8000
G0 Z0
G1 X475.59367 Y59.4093 F8000
G1 Z1 F8000
G1 X475.59367 Y59.4093 F8000
G1 X471.34088 Y63.66209 F8000
G0 Z0
G1 X471.69442 Y63.66209 F8000
G1 Z1 F8000
G1 X471.69442 Y63.66209 F8000
G1 X475.59367 Y59.76284 F8000
G0 Z0
G1 X475.59367 Y60.1164 F8000
G1 Z1 F8000
G1 X475.59367 Y60.1164 F8000
G1 X472.04798 Y63.66209 F8000
G0 Z0
G1 X472.40155 Y63.66209 F8000
G1 Z1 F8000
G1 X472.40155 Y63.66209 F8000
G1 X475.59367 Y60.46997 F8000
G0 Z0
G1 X475.59367 Y60.8235 F8000
G1 Z1 F8000
G1 X475.59367 Y60.8235 F8000
G1 X472.75508 Y63.66209 F8000
G0 Z0
G1 X473.10865 Y63.66209 F8000
G1 Z1 F8000
G1 X473.10865 Y63.66209 F8000
G1 X475.59367 Y61.17706 F8000
G0 Z0
G1 X475.59367 Y61.5306 F8000
G1 Z1 F8000
G1 X475.59367 Y61.5306 F8000
G1 X473.46218 Y63.66209 F8000
G0 Z0
G1 X473.81575 Y63.66209 F8000
G1 Z1 F8000
G1 X473.81575 Y63.66209 F8000
G1 X475.59367 Y61.88416 F8000
G0 Z0
G1 X475.59367 Y62.23773 F8000
G1 Z1 F8000
G1 X475.59367 Y62.23773 F8000
G1 X474.16931 Y63.66209 F8000
G0 Z0
G1 X474.52284 Y63.66209 F8000
G1 Z1 F8000
G1 X474.52284 Y63.66209 F8000
G1 X475.59367 Y62.59126 F8000
G0 Z0
G1 X475.59367 Y62.94483 F8000
G1 Z1 F8000
G1 X475.59367 Y62.94483 F8000
G1 X474.87641 Y63.66209 F8000
G0 Z0
G1 X475.22997 Y63.66209 F8000
G1 Z1 F8000
G1 X475.22997 Y63.66209 F8000
G1 X475.59367 Y63.29839 F8000
G0 Z0
G1 X475.58853 Y63.65706 F8000
G1 Z1 F8000
G1 X475.58853 Y63.65706 F8000
G1 X475.58853 Y63.65706 F8000
G0 Z0
G1 X469.6753 Y51.89601 F8000
G1 Z1 F8000
G1 X469.6753 Y51.89601 F8000
G1 X457.93148 Y63.63983 F8000
G0 Z0
G1 X457.59191 Y63.62581 F8000
G1 Z1 F8000
G1 X457.59191 Y63.62581 F8000
G1 X469.32174 Y51.89595 F8000
G0 Z0
G1 X468.96821 Y51.89595 F8000
G1 Z1 F8000
G1 X468.96821 Y51.89595 F8000
G1 X457.25274 Y63.61142 F8000
G0 Z0
G1 X456.91989 Y63.59078 F8000
G1 Z1 F8000
G1 X456.91989 Y63.59078 F8000
G1 X468.61464 Y51.89603 F8000
G0 Z0
G1 X468.26108 Y51.89603 F8000
G1 Z1 F8000
G1 X468.26108 Y51.89603 F8000
G1 X456.59369 Y63.56345 F8000
G0 Z0
G1 X456.27468 Y63.52889 F8000
G1 Z1 F8000
G1 X456.27468 Y63.52889 F8000
G1 X467.90754 Y51.89603 F8000
G0 Z0
G1 X467.55398 Y51.89603 F8000
G1 Z1 F8000
G1 X467.55398 Y51.89603 F8000
G1 X455.97184 Y63.47817 F8000
G0 Z0
G1 X455.69284 Y63.40361 F8000
G1 Z1 F8000
G1 X455.69284 Y63.40361 F8000
G1 X467.20042 Y51.89603 F8000
G0 Z0
G1 X466.84688 Y51.89603 F8000
G1 Z1 F8000
G1 X466.84688 Y51.89603 F8000
G1 X455.45056 Y63.29236 F8000
G0 Z0
G1 X455.27945 Y63.10993 F8000
G1 Z1 F8000
G1 X455.27945 Y63.10993 F8000
G1 X466.49332 Y51.89603 F8000
G0 Z0
G1 X466.13976 Y51.89603 F8000
G1 Z1 F8000
G1 X466.13976 Y51.89603 F8000
G1 X455.23566 Y62.80015 F8000
G0 Z0
G1 X455.36994 Y62.31231 F8000
G1 Z1 F8000
G1 X455.36994 Y62.31231 F8000
G1 X465.78622 Y51.89603 F8000
G0 Z0
G1 X465.43266 Y51.89603 F8000
G1 Z1 F8000
G1 X465.43266 Y51.89603 F8000
G1 X455.58258 Y61.7461 F8000
G0 Z0
G1 X455.76729 Y61.20786 F8000
G1 Z1 F8000
G1 X455.76729 Y61.20786 F8000
G1 X465.07912 Y51.89603 F8000
G0 Z0
G1 X464.72556 Y51.89603 F8000
G1 Z1 F8000
G1 X464.72556 Y51.89603 F8000
G1 X455.90583 Y60.71576 F8000
G0 Z0
G1 X456.007 Y60.26105 F8000
G1 Z1 F8000
G1 X456.007 Y60.26105 F8000
G1 X464.37199 Y51.89603 F8000
G0 Z0
G1 X464.01846 Y51.89603 F8000
G1 Z1 F8000
G1 X464.01846 Y51.89603 F8000
G1 X456.0642 Y59.85028 F8000
G0 Z0
G1 X456.17832 Y59.38261 F8000
G1 Z1 F8000
G1 X456.17832 Y59.38261 F8000
G1 X463.66489 Y51.89603 F8000
G0 Z0
G1 X463.31133 Y51.89603 F8000
G1 Z1 F8000
G1 X463.31133 Y51.89603 F8000
G1 X457.28743 Y57.91994 F8000
G0 Z0
G1 X457.39855 Y57.45525 F8000
G1 Z1 F8000
G1 X457.39855 Y57.45525 F8000
G1 X462.95779 Y51.89603 F8000
G0 Z0
G1 X462.60423 Y51.89603 F8000
G1 Z1 F8000
G1 X462.60423 Y51.89603 F8000
G1 X457.36064 Y57.13963 F8000
G0 Z0
G1 X457.25599 Y56.89071 F8000
G1 Z1 F8000
G1 X457.25599 Y56.89071 F8000
G1 X462.25067 Y51.89603 F8000
G0 Z0
G1 X461.89713 Y51.89603 F8000
G1 Z1 F8000
G1 X461.89713 Y51.89603 F8000
G1 X457.10643 Y56.68674 F8000
G0 Z0
G1 X456.92421 Y56.51539 F8000
G1 Z1 F8000
G1 X456.92421 Y56.51539 F8000
G1 X461.54357 Y51.89603 F8000
G0 Z0
G1 X461.19001 Y51.89603 F8000
G1 Z1 F8000
G1 X461.19001 Y51.89603 F8000
G1 X456.71296 Y56.3731 F8000
G0 Z0
G1 X456.47963 Y56.25285 F8000
G1 Z1 F8000
G1 X456.47963 Y56.25285 F8000
G1 X460.83647 Y51.89603 F8000
G0 Z0
G1 X460.48291 Y51.89603 F8000
G1 Z1 F8000
G1 X460.48291 Y51.89603 F8000
G1 X456.22756 Y56.15138 F8000
G0 Z0
G1 X455.95472 Y56.07068 F8000
G1 Z1 F8000
G1 X455.95472 Y56.07068 F8000
G1 X460.12934 Y51.89603 F8000
G0 Z0
G1 X459.77581 Y51.89603 F8000
G1 Z1 F8000
G1 X459.77581 Y51.89603 F8000
G1 X455.66164 Y56.0102 F8000
G0 Z0
G1 X455.34848 Y55.9698 F8000
G1 Z1 F8000
G1 X455.34848 Y55.9698 F8000
G1 X459.42225 Y51.89603 F8000
G0 Z0
G1 X459.06871 Y51.89603 F8000
G1 Z1 F8000
G1 X459.06871 Y51.89603 F8000
G1 X455.00915 Y55.95559 F8000
G0 Z0
G1 X454.63895 Y55.97223 F8000
G1 Z1 F8000
G1 X454.63895 Y55.97223 F8000
G1 X458.71515 Y51.89603 F8000
G0 Z0
G1 X458.36158 Y51.89603 F8000
G1 Z1 F8000
G1 X458.36158 Y51.89603 F8000
G1 X454.23953 Y56.01808 F8000
G0 Z0
G1 X453.79461 Y56.10944 F8000
G1 Z1 F8000
G1 X453.79461 Y56.10944 F8000
G1 X458.00805 Y51.89603 F8000
G0 Z0
G1 X457.65448 Y51.89603 F8000
G1 Z1 F8000
G1 X457.65448 Y51.89603 F8000
G1 X453.27788 Y56.27264 F8000
G0 Z0
G1 X453.19239 Y56.71169 F8000
G1 Z1 F8000
G1 X453.19239 Y56.71169 F8000
G1 X452.33853 Y57.56553 F8000
G0 Z0
G1 X451.94393 Y57.25303 F8000
G1 Z1 F8000
G1 X451.94393 Y57.25303 F8000
G1 X447.08768 Y62.10927 F8000
G0 Z0
G1 X447.2885 Y62.26202 F8000
G1 Z1 F8000
G1 X447.2885 Y62.26202 F8000
G1 X451.80491 Y57.7456 F8000
G0 Z0
G1 X451.85828 Y58.0458 F8000
G1 Z1 F8000
G1 X451.85828 Y58.0458 F8000
G1 X447.47373 Y62.43032 F8000
G0 Z0
G1 X447.65259 Y62.60502 F8000
G1 Z1 F8000
G1 X447.65259 Y62.60502 F8000
G1 X451.97218 Y58.28543 F8000
G0 Z0
G1 X452.03785 Y58.57332 F8000
G1 Z1 F8000
G1 X452.03785 Y58.57332 F8000
G1 X447.84338 Y62.76779 F8000
G0 Z0
G1 X448.05407 Y62.91064 F8000
G1 Z1 F8000
G1 X448.05407 Y62.91064 F8000
G1 X451.8722 Y59.09254 F8000
G0 Z0
G1 X451.29617 Y60.0221 F8000
G1 Z1 F8000
G1 X451.29617 Y60.0221 F8000
G1 X448.29005 Y63.02822 F8000
G0 Z0
G1 X448.55694 Y63.1149 F8000
G1 Z1 F8000
G1 X448.55694 Y63.1149 F8000
G1 X450.6236 Y61.04824 F8000
G0 Z0
G1 X450.12248 Y61.9029 F8000
G1 Z1 F8000
G1 X450.12248 Y61.9029 F8000
G1 X448.88412 Y63.14125 F8000
G0 Z0
G1 X449.41514 Y62.9638 F8000
G1 Z1 F8000
G1 X449.41514 Y62.9638 F8000
G1 X449.75159 Y62.62735 F8000
G0 Z0
G1 X449.23364 Y63.73776 F8000
G1 Z1 F8000
G1 X449.23364 Y63.73776 F8000
G1 X448.37763 Y63.73776 F8000
G0 Z0
G1 X446.87403 Y61.96936 F8000
G1 Z1 F8000
G1 X446.87403 Y61.96936 F8000
G1 X456.94738 Y51.89603 F8000
G0 Z0
G1 X457.30092 Y51.89603 F8000
G1 Z1 F8000
G1 X457.30092 Y51.89603 F8000
G1 X452.55548 Y56.64147 F8000
G0 Z0
G1 X452.55156 Y57.60791 F8000
G1 Z1 F8000
G1 X452.55156 Y57.60791 F8000
G1 X453.10821 Y57.10189 F8000
G1 X453.25461 Y56.72676 F8000
G1 X452.95177 Y56.79737 F8000
G1 X452.58427 Y57.11521 F8000
G1 X452.33829 Y57.54004 F8000
G1 X452.41022 Y57.64679 F8000
G1 X452.55156 Y57.60791 F8000
G0 Z0
G1 X452.70474 Y51.89601 F8000
G1 Z1 F8000
G1 X452.70474 Y51.89601 F8000
G1 X443.56449 Y61.03623 F8000
G0 Z0
G1 X443.89905 Y61.05528 F8000
G1 Z1 F8000
G1 X443.89905 Y61.05528 F8000
G1 X453.0583 Y51.89603 F8000
G0 Z0
G1 X453.41183 Y51.89603 F8000
G1 Z1 F8000
G1 X453.41183 Y51.89603 F8000
G1 X444.21851 Y61.08936 F8000
G0 Z0
G1 X444.52556 Y61.13587 F8000
G1 Z1 F8000
G1 X444.52556 Y61.13587 F8000
G1 X453.7654 Y51.89603 F8000
G0 Z0
G1 X454.11893 Y51.89603 F8000
G1 Z1 F8000
G1 X454.11893 Y51.89603 F8000
G1 X444.82189 Y61.19307 F8000
G0 Z0
G1 X445.1087 Y61.25983 F8000
G1 Z1 F8000
G1 X445.1087 Y61.25983 F8000
G1 X454.4725 Y51.89603 F8000
G0 Z0
G1 X454.82606 Y51.89603 F8000
G1 Z1 F8000
G1 X454.82606 Y51.89603 F8000
G1 X445.3867 Y61.33536 F8000
G0 Z0
G1 X445.65634 Y61.41929 F8000
G1 Z1 F8000
G1 X445.65634 Y61.41929 F8000
G1 X455.1796 Y51.89603 F8000
G0 Z0
G1 X455.53316 Y51.89603 F8000
G1 Z1 F8000
G1 X455.53316 Y51.89603 F8000
G1 X445.9178 Y61.51139 F8000
G0 Z0
G1 X446.17103 Y61.61172 F8000
G1 Z1 F8000
G1 X446.17103 Y61.61172 F8000
G1 X455.88672 Y51.89603 F8000
G0 Z0
G1 X456.24026 Y51.89603 F8000
G1 Z1 F8000
G1 X456.24026 Y51.89603 F8000
G1 X446.41487 Y61.72142 F8000
G0 Z0
G1 X446.64935 Y61.84051 F8000
G1 Z1 F8000
G1 X446.64935 Y61.84051 F8000
G1 X456.59382 Y51.89603 F8000
G0 Z0
G1 X452.35117 Y51.89601 F8000
G1 Z1 F8000
G1 X452.35117 Y51.89601 F8000
G1 X443.21074 Y61.03644 F8000
G0 Z0
G1 X442.84043 Y61.05311 F8000
G1 Z1 F8000
G1 X442.84043 Y61.05311 F8000
G1 X451.99764 Y51.89593 F8000
G0 Z0
G1 X451.64407 Y51.89593 F8000
G1 Z1 F8000
G1 X451.64407 Y51.89593 F8000
G1 X442.47459 Y61.06541 F8000
G0 Z0
G1 X442.13801 Y61.04848 F8000
G1 Z1 F8000
G1 X442.13801 Y61.04848 F8000
G1 X451.29051 Y51.89598 F8000
G0 Z0
G1 X450.93697 Y51.89598 F8000
G1 Z1 F8000
G1 X450.93697 Y51.89598 F8000
G1 X441.8579 Y60.97506 F8000
G0 Z0
G1 X441.6543 Y60.82509 F8000
G1 Z1 F8000
G1 X441.6543 Y60.82509 F8000
G1 X450.58341 Y51.89598 F8000
G0 Z0
G1 X450.22985 Y51.89598 F8000
G1 Z1 F8000
G1 X450.22985 Y51.89598 F8000
G1 X441.49277 Y60.63308 F8000
G0 Z0
G1 X441.3518 Y60.42049 F8000
G1 Z1 F8000
G1 X441.3518 Y60.42049 F8000
G1 X449.87631 Y51.89598 F8000
G0 Z0
G1 X449.52275 Y51.89598 F8000
G1 Z1 F8000
G1 X449.52275 Y51.89598 F8000
G1 X441.2193 Y60.19943 F8000
G0 Z0
G1 X441.08042 Y59.98475 F8000
G1 Z1 F8000
G1 X441.08042 Y59.98475 F8000
G1 X447.8891 Y53.17606 F8000
G0 Z0
G1 X447.38317 Y53.32846 F8000
G1 Z1 F8000
G1 X447.38317 Y53.32846 F8000
G1 X440.93709 Y59.77453 F8000
G0 Z0
G1 X440.78128 Y59.57678 F8000
G1 Z1 F8000
G1 X440.78128 Y59.57678 F8000
G1 X446.96155 Y53.39651 F8000
G0 Z0
G1 X446.58159 Y53.42294 F8000
G1 Z1 F8000
G1 X446.58159 Y53.42294 F8000
G1 X440.61756 Y59.38695 F8000
G0 Z0
G1 X440.44595 Y59.20502 F8000
G1 Z1 F8000
G1 X440.44595 Y59.20502 F8000
G1 X446.23752 Y53.41344 F8000
G0 Z0
G1 X445.91756 Y53.37984 F8000
G1 Z1 F8000
G1 X445.91756 Y53.37984 F8000
G1 X440.26352 Y59.03391 F8000
G0 Z0
G1 X440.07683 Y58.86701 F8000
G1 Z1 F8000
G1 X440.07683 Y58.86701 F8000
G1 X445.61871 Y53.32515 F8000
G0 Z0
G1 X445.33889 Y53.25141 F8000
G1 Z1 F8000
G1 X445.33889 Y53.25141 F8000
G1 X439.87651 Y58.71379 F8000
G0 Z0
G1 X439.67294 Y58.5638 F8000
G1 Z1 F8000
G1 X439.67294 Y58.5638 F8000
G1 X445.07669 Y53.16005 F8000
G0 Z0
G1 X444.82967 Y53.05351 F8000
G1 Z1 F8000
G1 X444.82967 Y53.05351 F8000
G1 X439.45717 Y58.42603 F8000
G0 Z0
G1 X439.23548 Y58.29414 F8000
G1 Z1 F8000
G1 X439.23548 Y58.29414 F8000
G1 X444.59763 Y52.93201 F8000
G0 Z0
G1 X444.38102 Y52.79509 F8000
G1 Z1 F8000
G1 X444.38102 Y52.79509 F8000
G1 X439.00505 Y58.17105 F8000
G0 Z0
G1 X438.76423 Y58.05829 F8000
G1 Z1 F8000
G1 X438.76423 Y58.05829 F8000
G1 X444.17253 Y52.65002 F8000
G0 Z0
G1 X443.98642 Y52.48256 F8000
G1 Z1 F8000
G1 X443.98642 Y52.48256 F8000
G1 X438.51851 Y57.95047 F8000
G0 Z0
G1 X438.2567 Y57.85871 F8000
G1 Z1 F8000
G1 X438.2567 Y57.85871 F8000
G1 X443.84206 Y52.27335 F8000
G0 Z0
G1 X443.62883 Y52.13305 F8000
G1 Z1 F8000
G1 X443.62883 Y52.13305 F8000
G1 X437.9881 Y57.77378 F8000
G0 Z0
G1 X437.70875 Y57.69956 F8000
G1 Z1 F8000
G1 X437.70875 Y57.69956 F8000
G1 X443.34163 Y52.06669 F8000
G0 Z0
G1 X443.02984 Y52.02491 F8000
G1 Z1 F8000
G1 X443.02984 Y52.02491 F8000
G1 X437.41282 Y57.64194 F8000
G0 Z0
G1 X437.10513 Y57.59606 F8000
G1 Z1 F8000
G1 X437.10513 Y57.59606 F8000
G1 X442.70052 Y52.0007 F8000
G0 Z0
G1 X442.36905 Y51.97863 F8000
G1 Z1 F8000
G1 X442.36905 Y51.97863 F8000
G1 X436.78295 Y57.56471 F8000
G0 Z0
G1 X436.43423 Y57.55986 F8000
G1 Z1 F8000
G1 X436.43423 Y57.55986 F8000
G1 X442.03207 Y51.96205 F8000
G0 Z0
G1 X441.68915 Y51.95138 F8000
G1 Z1 F8000
G1 X441.68915 Y51.95138 F8000
G1 X436.05979 Y57.58077 F8000
G0 Z0
G1 X435.64971 Y57.63728 F8000
G1 Z1 F8000
G1 X435.64971 Y57.63728 F8000
G1 X441.34625 Y51.94075 F8000
G0 Z0
G1 X441.00258 Y51.93085 F8000
G1 Z1 F8000
G1 X441.00258 Y51.93085 F8000
G1 X435.18494 Y57.74851 F8000
G0 Z0
G1 X434.61765 Y57.96222 F8000
G1 Z1 F8000
G1 X434.61765 Y57.96222 F8000
G1 X440.65383 Y51.92604 F8000
G0 Z0
G1 X440.30511 Y51.92122 F8000
G1 Z1 F8000
G1 X440.30511 Y51.92122 F8000
G1 X433.77953 Y58.4468 F8000
G0 Z0
G1 X433.80097 Y58.79633 F8000
G1 Z1 F8000
G1 X433.80097 Y58.79633 F8000
G1 X432.12681 Y60.58609 F8000
G1 X433.83832 Y58.98937 F8000
G1 X434.11995 Y58.60146 F8000
G1 X433.80097 Y58.79633 F8000
G0 Z0
G1 X432.21372 Y60.01263 F8000
G1 Z1 F8000
G1 X432.21372 Y60.01263 F8000
G1 X428.56088 Y63.66545 F8000
G0 Z0
G1 X428.20735 Y63.66545 F8000
G1 Z1 F8000
G1 X428.20735 Y63.66545 F8000
G1 X439.95636 Y51.91643 F8000
G0 Z0
G1 X439.60762 Y51.91162 F8000
G1 Z1 F8000
G1 X439.60762 Y51.91162 F8000
G1 X427.85379 Y63.66545 F8000
G0 Z0
G1 X427.50022 Y63.66545 F8000
G1 Z1 F8000
G1 X427.50022 Y63.66545 F8000
G1 X439.25657 Y51.9091 F8000
G0 Z0
G1 X438.90403 Y51.90807 F8000
G1 Z1 F8000
G1 X438.90403 Y51.90807 F8000
G1 X427.14669 Y63.66545 F8000
G0 Z0
G1 X426.79312 Y63.66545 F8000
G1 Z1 F8000
G1 X426.79312 Y63.66545 F8000
G1 X438.55153 Y51.90704 F8000
G0 Z0
G1 X438.199 Y51.90601 F8000
G1 Z1 F8000
G1 X438.199 Y51.90601 F8000
G1 X426.43956 Y63.66545 F8000
G0 Z0
G1 X426.08602 Y63.66545 F8000
G1 Z1 F8000
G1 X426.08602 Y63.66545 F8000
G1 X437.84649 Y51.90497 F8000
G0 Z0
G1 X437.49396 Y51.90394 F8000
G1 Z1 F8000
G1 X437.49396 Y51.90394 F8000
G1 X425.73246 Y63.66545 F8000
G0 Z0
G1 X425.3789 Y63.66545 F8000
G1 Z1 F8000
G1 X425.3789 Y63.66545 F8000
G1 X437.14146 Y51.90291 F8000
G0 Z0
G1 X436.78893 Y51.90188 F8000
G1 Z1 F8000
G1 X436.78893 Y51.90188 F8000
G1 X425.02536 Y63.66545 F8000
G0 Z0
G1 X424.6718 Y63.66545 F8000
G1 Z1 F8000
G1 X424.6718 Y63.66545 F8000
G1 X436.43642 Y51.90082 F8000
G0 Z0
G1 X436.08389 Y51.89979 F8000
G1 Z1 F8000
G1 X436.08389 Y51.89979 F8000
G1 X402.66076 Y85.32293 F8000
G0 Z0
G1 X402.30291 Y85.32716 F8000
G1 Z1 F8000
G1 X402.30291 Y85.32716 F8000
G1 X435.73139 Y51.8987 F8000
G0 Z0
G1 X435.37886 Y51.8987 F8000
G1 Z1 F8000
G1 X435.37886 Y51.8987 F8000
G1 X401.95516 Y85.3224 F8000
G0 Z0
G1 X401.61356 Y85.31049 F8000
G1 Z1 F8000
G1 X401.61356 Y85.31049 F8000
G1 X435.02633 Y51.8977 F8000
G0 Z0
G1 X434.6735 Y51.8977 F8000
G1 Z1 F8000
G1 X434.6735 Y51.8977 F8000
G1 X401.28066 Y85.29054 F8000
G0 Z0
G1 X400.95581 Y85.26183 F8000
G1 Z1 F8000
G1 X400.95581 Y85.26183 F8000
G1 X434.31994 Y51.8977 F8000
G0 Z0
G1 X433.9664 Y51.8977 F8000
G1 Z1 F8000
G1 X433.9664 Y51.8977 F8000
G1 X400.63529 Y85.22881 F8000
G0 Z0
G1 X400.32425 Y85.1863 F8000
G1 Z1 F8000
G1 X400.32425 Y85.1863 F8000
G1 X433.61284 Y51.8977 F8000
G0 Z0
G1 X433.25928 Y51.8977 F8000
G1 Z1 F8000
G1 X433.25928 Y51.8977 F8000
G1 X400.01778 Y85.1392 F8000
G0 Z0
G1 X399.71681 Y85.08663 F8000
G1 Z1 F8000
G1 X399.71681 Y85.08663 F8000
G1 X432.90574 Y51.8977 F8000
G0 Z0
G1 X432.55218 Y51.8977 F8000
G1 Z1 F8000
G1 X432.55218 Y51.8977 F8000
G1 X399.42313 Y85.02675 F8000
G0 Z0
G1 X399.13195 Y84.96439 F8000
G1 Z1 F8000
G1 X399.13195 Y84.96439 F8000
G1 X432.19862 Y51.8977 F8000
G0 Z0
G1 X431.84508 Y51.8977 F8000
G1 Z1 F8000
G1 X431.84508 Y51.8977 F8000
G1 X398.84988 Y84.8929 F8000
G0 Z0
G1 X398.56995 Y84.81926 F8000
G1 Z1 F8000
G1 X398.56995 Y84.81926 F8000
G1 X431.49152 Y51.8977 F8000
G0 Z0
G1 X431.13795 Y51.8977 F8000
G1 Z1 F8000
G1 X431.13795 Y51.8977 F8000
G1 X398.29682 Y84.73883 F8000
G0 Z0
G1 X398.02742 Y84.65467 F8000
G1 Z1 F8000
G1 X398.02742 Y84.65467 F8000
G1 X430.78442 Y51.8977 F8000
G0 Z0
G1 X430.43085 Y51.8977 F8000
G1 Z1 F8000
G1 X430.43085 Y51.8977 F8000
G1 X397.76302 Y84.56553 F8000
G0 Z0
G1 X397.50357 Y84.47142 F8000
G1 Z1 F8000
G1 X397.50357 Y84.47142 F8000
G1 X430.07729 Y51.8977 F8000
G0 Z0
G1 X429.72376 Y51.8977 F8000
G1 Z1 F8000
G1 X429.72376 Y51.8977 F8000
G1 X397.24767 Y84.37376 F8000
G0 Z0
G1 X396.99772 Y84.2702 F8000
G1 Z1 F8000
G1 X396.99772 Y84.2702 F8000
G1 X429.37019 Y51.8977 F8000
G0 Z0
G1 X429.01663 Y51.8977 F8000
G1 Z1 F8000
G1 X429.01663 Y51.8977 F8000
G1 X396.75017 Y84.16418 F8000
G0 Z0
G1 X396.5093 Y84.0515 F8000
G1 Z1 F8000
G1 X396.5093 Y84.0515 F8000
G1 X428.66309 Y51.8977 F8000
G0 Z0
G1 X428.30953 Y51.8977 F8000
G1 Z1 F8000
G1 X428.30953 Y51.8977 F8000
G1 X396.27001 Y83.93722 F8000
G0 Z0
G1 X396.03794 Y83.81573 F8000
G1 Z1 F8000
G1 X396.03794 Y83.81573 F8000
G1 X427.95599 Y51.8977 F8000
G0 Z0
G1 X427.60243 Y51.8977 F8000
G1 Z1 F8000
G1 X427.60243 Y51.8977 F8000
G1 X395.80685 Y83.69328 F8000
G0 Z0
G1 X395.58339 Y83.56321 F8000
G1 Z1 F8000
G1 X395.58339 Y83.56321 F8000
G1 X427.24887 Y51.8977 F8000
G0 Z0
G1 X426.89533 Y51.8977 F8000
G1 Z1 F8000
G1 X426.89533 Y51.8977 F8000
G1 X395.36042 Y83.43258 F8000
G0 Z0
G1 X395.14539 Y83.29407 F8000
G1 Z1 F8000
G1 X395.14539 Y83.29407 F8000
G1 X426.54177 Y51.8977 F8000
G0 Z0
G1 X426.18821 Y51.8977 F8000
G1 Z1 F8000
G1 X426.18821 Y51.8977 F8000
G1 X394.93061 Y83.1553 F8000
G0 Z0
G1 X394.72391 Y83.00843 F8000
G1 Z1 F8000
G1 X394.72391 Y83.00843 F8000
G1 X425.86375 Y51.86862 F8000
G0 Z0
G1 X425.90015 Y51.47865 F8000
G1 Z1 F8000
G1 X425.90015 Y51.47865 F8000
G1 X394.51733 Y82.86148 F8000
G0 Z0
G1 X394.31894 Y82.7063 F8000
G1 Z1 F8000
G1 X394.31894 Y82.7063 F8000
G1 X425.93656 Y51.08868 F8000
G0 Z0
G1 X425.97299 Y50.69871 F8000
G1 Z1 F8000
G1 X425.97299 Y50.69871 F8000
G1 X394.12061 Y82.5511 F8000
G0 Z0
G1 X393.93056 Y82.38758 F8000
G1 Z1 F8000
G1 X393.93056 Y82.38758 F8000
G1 X426.0094 Y50.30874 F8000
G0 Z0
G1 X426.03758 Y49.927 F8000
G1 Z1 F8000
G1 X426.03758 Y49.927 F8000
G1 X393.74061 Y82.22399 F8000
G0 Z0
G1 X393.55477 Y82.05627 F8000
G1 Z1 F8000
G1 X393.55477 Y82.05627 F8000
G1 X426.06314 Y49.54791 F8000
G0 Z0
G1 X426.06949 Y49.18802 F8000
G1 Z1 F8000
G1 X426.06949 Y49.18802 F8000
G1 X393.36906 Y81.88845 F8000
G0 Z0
G1 X393.18332 Y81.72065 F8000
G1 Z1 F8000
G1 X393.18332 Y81.72065 F8000
G1 X426.07367 Y48.8303 F8000
G0 Z0
G1 X426.06176 Y48.48859 F8000
G1 Z1 F8000
G1 X426.06176 Y48.48859 F8000
G1 X392.99753 Y81.55282 F8000
G0 Z0
G1 X392.81179 Y81.38502 F8000
G1 Z1 F8000
G1 X392.81179 Y81.38502 F8000
G1 X426.04795 Y48.14887 F8000
G0 Z0
G1 X426.0203 Y47.82298 F8000
G1 Z1 F8000
G1 X426.0203 Y47.82298 F8000
G1 X392.54459 Y81.29869 F8000
G0 Z0
G1 X392.07945 Y81.41027 F8000
G1 Z1 F8000
G1 X392.07945 Y81.41027 F8000
G1 X425.99154 Y47.49818 F8000
G0 Z0
G1 X425.94953 Y47.18663 F8000
G1 Z1 F8000
G1 X425.94953 Y47.18663 F8000
G1 X391.61432 Y81.52184 F8000
G0 Z0
G1 X391.15352 Y81.6291 F8000
G1 Z1 F8000
G1 X391.15352 Y81.6291 F8000
G1 X425.90754 Y46.87508 F8000
G0 Z0
G1 X425.85306 Y46.576 F8000
G1 Z1 F8000
G1 X425.85306 Y46.576 F8000
G1 X390.71381 Y81.71525 F8000
G0 Z0
G1 X390.29645 Y81.77904 F8000
G1 Z1 F8000
G1 X390.29645 Y81.77904 F8000
G1 X425.79795 Y46.27755 F8000
G0 Z0
G1 X425.73368 Y45.98825 F8000
G1 Z1 F8000
G1 X425.73368 Y45.98825 F8000
G1 X389.89574 Y81.82622 F8000
G0 Z0
G1 X389.51167 Y81.85672 F8000
G1 Z1 F8000
G1 X389.51167 Y81.85672 F8000
G1 X425.66647 Y45.70192 F8000
G0 Z0
G1 X425.59371 Y45.42112 F8000
G1 Z1 F8000
G1 X425.59371 Y45.42112 F8000
G1 X389.13451 Y81.88032 F8000
G0 Z0
G1 X388.7651 Y81.8962 F8000
G1 Z1 F8000
G1 X388.7651 Y81.8962 F8000
G1 X425.51526 Y45.146 F8000
G0 Z0
G1 X425.43502 Y44.87272 F8000
G1 Z1 F8000
G1 X425.43502 Y44.87272 F8000
G1 X388.4083 Y81.89943 F8000
G0 Z0
G1 X388.05154 Y81.9026 F8000
G1 Z1 F8000
G1 X388.05154 Y81.9026 F8000
G1 X425.34606 Y44.60811 F8000
G0 Z0
G1 X425.25708 Y44.3435 F8000
G1 Z1 F8000
G1 X425.25708 Y44.3435 F8000
G1 X387.71171 Y81.88887 F8000
G0 Z0
G1 X387.37278 Y81.87432 F8000
G1 Z1 F8000
G1 X387.37278 Y81.87432 F8000
G1 X425.16025 Y44.08685 F8000
G0 Z0
G1 X425.06137 Y43.83219 F8000
G1 Z1 F8000
G1 X425.06137 Y43.83219 F8000
G1 X387.03903 Y81.8545 F8000
G0 Z0
G1 X386.71383 Y81.82616 F8000
G1 Z1 F8000
G1 X386.71383 Y81.82616 F8000
G1 X424.95906 Y43.58094 F8000
G0 Z0
G1 X424.85074 Y43.3357 F8000
G1 Z1 F8000
G1 X424.85074 Y43.3357 F8000
G1 X386.39609 Y81.79034 F8000
G0 Z0
G1 X386.08561 Y81.74729 F8000
G1 Z1 F8000
G1 X386.08561 Y81.74729 F8000
G1 X424.74244 Y43.09046 F8000
G0 Z0
G1 X424.62613 Y42.8532 F8000
G1 Z1 F8000
G1 X424.62613 Y42.8532 F8000
G1 X385.78155 Y81.69779 F8000
G0 Z0
G1 X385.48426 Y81.64151 F8000
G1 Z1 F8000
G1 X385.48426 Y81.64151 F8000
G1 X424.50884 Y42.61696 F8000
G0 Z0
G1 X424.3883 Y42.38391 F8000
G1 Z1 F8000
G1 X424.3883 Y42.38391 F8000
G1 X385.19433 Y81.57791 F8000
G0 Z0
G1 X384.91474 Y81.50393 F8000
G1 Z1 F8000
G1 X384.91474 Y81.50393 F8000
G1 X424.26233 Y42.15632 F8000
G0 Z0
G1 X424.13639 Y41.92875 F8000
G1 Z1 F8000
G1 X424.13639 Y41.92875 F8000
G1 X384.64466 Y81.42048 F8000
G0 Z0
G1 X384.38216 Y81.32941 F8000
G1 Z1 F8000
G1 X384.38216 Y81.32941 F8000
G1 X424.00357 Y41.70801 F8000
G0 Z0
G1 X423.86921 Y41.4888 F8000
G1 Z1 F8000
G1 X423.86921 Y41.4888 F8000
G1 X384.1257 Y81.23231 F8000
G0 Z0
G1 X383.87713 Y81.12732 F8000
G1 Z1 F8000
G1 X383.87713 Y81.12732 F8000
G1 X423.73295 Y41.2715 F8000
G0 Z0
G1 X423.59045 Y41.06044 F8000
G1 Z1 F8000
G1 X423.59045 Y41.06044 F8000
G1 X383.63286 Y81.01805 F8000
G0 Z0
G1 X383.3917 Y80.90565 F8000
G1 Z1 F8000
G1 X383.3917 Y80.90565 F8000
G1 X423.44794 Y40.84941 F8000
G0 Z0
G1 X423.30046 Y40.64335 F8000
G1 Z1 F8000
G1 X423.30046 Y40.64335 F8000
G1 X383.15698 Y80.78683 F8000
G0 Z0
G1 X382.92431 Y80.66591 F8000
G1 Z1 F8000
G1 X382.92431 Y80.66591 F8000
G1 X423.14997 Y40.44028 F8000
G0 Z0
G1 X422.99947 Y40.23721 F8000
G1 Z1 F8000
G1 X422.99947 Y40.23721 F8000
G1 X382.69555 Y80.54114 F8000
G0 Z0
G1 X382.47028 Y80.41287 F8000
G1 Z1 F8000
G1 X382.47028 Y80.41287 F8000
G1 X422.84115 Y40.04198 F8000
G0 Z0
G1 X422.68279 Y39.84679 F8000
G1 Z1 F8000
G1 X422.68279 Y39.84679 F8000
G1 X382.247 Y80.28258 F8000
G0 Z0
G1 X382.02846 Y80.14757 F8000
G1 Z1 F8000
G1 X382.02846 Y80.14757 F8000
G1 X422.52169 Y39.65434 F8000
G0 Z0
G1 X422.35553 Y39.46693 F8000
G1 Z1 F8000
G1 X422.35553 Y39.46693 F8000
G1 X381.81118 Y80.01131 F8000
G0 Z0
G1 X381.5983 Y79.8706 F8000
G1 Z1 F8000
G1 X381.5983 Y79.8706 F8000
G1 X422.18937 Y39.27955 F8000
G0 Z0
G1 X422.01781 Y39.09755 F8000
G1 Z1 F8000
G1 X422.01781 Y39.09755 F8000
G1 X381.38742 Y79.72794 F8000
G0 Z0
G1 X381.17975 Y79.58207 F8000
G1 Z1 F8000
G1 X381.17975 Y79.58207 F8000
G1 X421.84388 Y38.91792 F8000
G0 Z0
G1 X421.6697 Y38.73856 F8000
G1 Z1 F8000
G1 X421.6697 Y38.73856 F8000
G1 X380.97547 Y79.4328 F8000
G0 Z0
G1 X380.77317 Y79.28153 F8000
G1 Z1 F8000
G1 X380.77317 Y79.28153 F8000
G1 X421.48796 Y38.56674 F8000
G0 Z0
G1 X421.30624 Y38.39492 F8000
G1 Z1 F8000
G1 X421.30624 Y38.39492 F8000
G1 X380.576 Y79.12514 F8000
G0 Z0
G1 X380.38076 Y78.96684 F8000
G1 Z1 F8000
G1 X380.38076 Y78.96684 F8000
G1 X421.12162 Y38.22598 F8000
G0 Z0
G1 X420.93202 Y38.06202 F8000
G1 Z1 F8000
G1 X420.93202 Y38.06202 F8000
G1 X380.19034 Y78.8037 F8000
G0 Z0
G1 X380.00402 Y78.63648 F8000
G1 Z1 F8000
G1 X380.00402 Y78.63648 F8000
G1 X420.74242 Y37.89806 F8000
G0 Z0
G1 X420.54718 Y37.73976 F8000
G1 Z1 F8000
G1 X420.54718 Y37.73976 F8000
G1 X379.82077 Y78.46617 F8000
G0 Z0
G1 X379.64533 Y78.28805 F8000
G1 Z1 F8000
G1 X379.64533 Y78.28805 F8000
G1 X420.34962 Y37.58376 F8000
G0 Z0
G1 X420.15158 Y37.42826 F8000
G1 Z1 F8000
G1 X420.15158 Y37.42826 F8000
G1 X379.47512 Y78.10469 F8000
G0 Z0
G1 X379.3111 Y77.91517 F8000
G1 Z1 F8000
G1 X379.3111 Y77.91517 F8000
G1 X419.94589 Y37.28039 F8000
G0 Z0
G1 X419.7402 Y37.13251 F8000
G1 Z1 F8000
G1 X419.7402 Y37.13251 F8000
G1 X379.1559 Y77.71684 F8000
G0 Z0
G1 X379.00787 Y77.51131 F8000
G1 Z1 F8000
G1 X379.00787 Y77.51131 F8000
G1 X419.53097 Y36.98821 F8000
G0 Z0
G1 X419.31695 Y36.84867 F8000
G1 Z1 F8000
G1 X419.31695 Y36.84867 F8000
G1 X378.86422 Y77.30139 F8000
G0 Z0
G1 X378.72442 Y77.08766 F8000
G1 Z1 F8000
G1 X378.72442 Y77.08766 F8000
G1 X419.10295 Y36.70913 F8000
G0 Z0
G1 X418.88194 Y36.57657 F8000
G1 Z1 F8000
G1 X418.88194 Y36.57657 F8000
G1 X378.58461 Y76.8739 F8000
G0 Z0
G1 X378.44676 Y76.65819 F8000
G1 Z1 F8000
G1 X378.44676 Y76.65819 F8000
G1 X418.65935 Y36.4456 F8000
G0 Z0
G1 X418.43477 Y36.31664 F8000
G1 Z1 F8000
G1 X418.43477 Y36.31664 F8000
G1 X378.31516 Y76.43623 F8000
G0 Z0
G1 X378.18358 Y76.21427 F8000
G1 Z1 F8000
G1 X378.18358 Y76.21427 F8000
G1 X418.20326 Y36.19459 F8000
G0 Z0
G1 X417.97178 Y36.07254 F8000
G1 Z1 F8000
G1 X417.97178 Y36.07254 F8000
G1 X378.05198 Y75.99231 F8000
G0 Z0
G1 X377.92725 Y75.7635 F8000
G1 Z1 F8000
G1 X377.92725 Y75.7635 F8000
G1 X417.7341 Y35.95662 F8000
G0 Z0
G1 X417.49333 Y35.84386 F8000
G1 Z1 F8000
G1 X417.49333 Y35.84386 F8000
G1 X377.80446 Y75.53273 F8000
G0 Z0
G1 X377.68169 Y75.30196 F8000
G1 Z1 F8000
G1 X377.68169 Y75.30196 F8000
G1 X417.25118 Y35.73244 F8000
G0 Z0
G1 X417.00068 Y35.62941 F8000
G1 Z1 F8000
G1 X417.00068 Y35.62941 F8000
G1 X377.5635 Y75.06659 F8000
G0 Z0
G1 X377.4492 Y74.82732 F8000
G1 Z1 F8000
G1 X377.4492 Y74.82732 F8000
G1 X416.75014 Y35.52638 F8000
G0 Z0
G1 X416.49289 Y35.43008 F8000
G1 Z1 F8000
G1 X416.49289 Y35.43008 F8000
G1 X377.33834 Y74.58462 F8000
G0 Z0
G1 X377.23262 Y74.33681 F8000
G1 Z1 F8000
G1 X377.23262 Y74.33681 F8000
G1 X416.23209 Y35.33731 F8000
G0 Z0
G1 X415.96896 Y35.2469 F8000
G1 Z1 F8000
G1 X415.96896 Y35.2469 F8000
G1 X377.13411 Y74.08175 F8000
G0 Z0
G1 X377.04164 Y73.82069 F8000
G1 Z1 F8000
G1 X377.04164 Y73.82069 F8000
G1 X415.69726 Y35.16504 F8000
G0 Z0
G1 X415.42553 Y35.08321 F8000
G1 Z1 F8000
G1 X415.42553 Y35.08321 F8000
G1 X376.96425 Y73.54452 F8000
G0 Z0
G1 X376.89464 Y73.26057 F8000
G1 Z1 F8000
G1 X376.89464 Y73.26057 F8000
G1 X415.14425 Y35.01095 F8000
G0 Z0
G1 X414.86088 Y34.94078 F8000
G1 Z1 F8000
G1 X414.86088 Y34.94078 F8000
G1 X376.8382 Y72.96344 F8000
G0 Z0
G1 X376.79418 Y72.65393 F8000
G1 Z1 F8000
G1 X376.79418 Y72.65393 F8000
G1 X414.5714 Y34.8767 F8000
G0 Z0
G1 X414.27552 Y34.81902 F8000
G1 Z1 F8000
G1 X414.27552 Y34.81902 F8000
G1 X376.75557 Y72.33897 F8000
G0 Z0
G1 X376.72938 Y72.01149 F8000
G1 Z1 F8000
G1 X376.72938 Y72.01149 F8000
G1 X413.97665 Y34.76423 F8000
G0 Z0
G1 X413.66727 Y34.72007 F8000
G1 Z1 F8000
G1 X413.66727 Y34.72007 F8000
G1 X376.70488 Y71.68246 F8000
G0 Z0
G1 X376.68742 Y71.34646 F8000
G1 Z1 F8000
G1 X376.68742 Y71.34646 F8000
G1 X413.35673 Y34.67718 F8000
G0 Z0
G1 X413.03322 Y34.64712 F8000
G1 Z1 F8000
G1 X413.03322 Y34.64712 F8000
G1 X376.67009 Y71.01026 F8000
G0 Z0
G1 X376.65924 Y70.66741 F8000
G1 Z1 F8000
G1 X376.65924 Y70.66741 F8000
G1 X412.70913 Y34.61751 F8000
G0 Z0
G1 X412.37094 Y34.60217 F8000
G1 Z1 F8000
G1 X412.37094 Y34.60217 F8000
G1 X376.65355 Y70.31956 F8000
G0 Z0
G1 X376.65352 Y69.96602 F8000
G1 Z1 F8000
G1 X376.65352 Y69.96602 F8000
G1 X412.03212 Y34.58743 F8000
G0 Z0
G1 X411.67842 Y34.58756 F8000
G1 Z1 F8000
G1 X411.67842 Y34.58756 F8000
G1 X376.66202 Y69.60397 F8000
G0 Z0
G1 X376.68054 Y69.23194 F8000
G1 Z1 F8000
G1 X376.68054 Y69.23194 F8000
G1 X411.32269 Y34.58979 F8000
G0 Z0
G1 X410.95246 Y34.60645 F8000
G1 Z1 F8000
G1 X410.95246 Y34.60645 F8000
G1 X376.70895 Y68.84996 F8000
G0 Z0
G1 X376.74943 Y68.45591 F8000
G1 Z1 F8000
G1 X376.74943 Y68.45591 F8000
G1 X410.57699 Y34.62836 F8000
G0 Z0
G1 X410.18887 Y34.66292 F8000
G1 Z1 F8000
G1 X410.18887 Y34.66292 F8000
G1 X376.80471 Y68.04708 F8000
G0 Z0
G1 X376.87823 Y67.62002 F8000
G1 Z1 F8000
G1 X376.87823 Y67.62002 F8000
G1 X409.79001 Y34.70824 F8000
G0 Z0
G1 X409.38223 Y34.76245 F8000
G1 Z1 F8000
G1 X409.38223 Y34.76245 F8000
G1 X376.97446 Y67.17022 F8000
G0 Z0
G1 X377.09913 Y66.69202 F8000
G1 Z1 F8000
G1 X377.09913 Y66.69202 F8000
G1 X384.9162 Y58.87492 F8000
G0 Z0
G1 X385.14104 Y58.65011 F8000
G1 Z1 F8000
G1 X385.14104 Y58.65011 F8000
G1 X408.9548 Y34.83632 F8000
G0 Z0
G1 X408.51652 Y34.92107 F8000
G1 Z1 F8000
G1 X408.51652 Y34.92107 F8000
G1 X384.93213 Y58.50546 F8000
G0 Z0
G1 X384.71067 Y58.37338 F8000
G1 Z1 F8000
G1 X384.71067 Y58.37338 F8000
G1 X408.06178 Y35.02225 F8000
G0 Z0
G1 X407.581 Y35.14949 F8000
G1 Z1 F8000
G1 X407.581 Y35.14949 F8000
G1 X384.4844 Y58.24609 F8000
G0 Z0
G1 X384.25342 Y58.12351 F8000
G1 Z1 F8000
G1 X384.25342 Y58.12351 F8000
G1 X407.07774 Y35.29919 F8000
G0 Z0
G1 X406.5446 Y35.47876 F8000
G1 Z1 F8000
G1 X406.5446 Y35.47876 F8000
G1 X384.02482 Y57.99854 F8000
G0 Z0
G1 X383.79767 Y57.87215 F8000
G1 Z1 F8000
G1 X383.79767 Y57.87215 F8000
G1 X405.96993 Y35.6999 F8000
G0 Z0
G1 X405.33363 Y35.98263 F8000
G1 Z1 F8000
G1 X405.33363 Y35.98263 F8000
G1 X383.57397 Y57.74229 F8000
G0 Z0
G1 X383.35971 Y57.60302 F8000
G1 Z1 F8000
G1 X383.35971 Y57.60302 F8000
G1 X404.59782 Y36.36488 F8000
G0 Z0
G1 X403.65519 Y36.95394 F8000
G1 Z1 F8000
G1 X403.65519 Y36.95394 F8000
G1 X383.14542 Y57.46374 F8000
G0 Z0
G1 X382.941 Y57.3146 F8000
G1 Z1 F8000
G1 X382.941 Y57.3146 F8000
G1 X402.57418 Y37.68139 F8000
G0 Z0
G1 X402.33153 Y37.5705 F8000
G1 Z1 F8000
G1 X402.33153 Y37.5705 F8000
G1 X382.73847 Y57.16357 F8000
G0 Z0
G1 X382.53976 Y57.00874 F8000
G1 Z1 F8000
G1 X382.53976 Y57.00874 F8000
G1 X402.17633 Y37.37217 F8000
G0 Z0
G1 X402.0211 Y37.17384 F8000
G1 Z1 F8000
G1 X402.0211 Y37.17384 F8000
G1 X382.34813 Y56.84681 F8000
G0 Z0
G1 X382.15649 Y56.68491 F8000
G1 Z1 F8000
G1 X382.15649 Y56.68491 F8000
G1 X401.86589 Y36.97551 F8000
G0 Z0
G1 X401.70373 Y36.78411 F8000
G1 Z1 F8000
G1 X401.70373 Y36.78411 F8000
G1 X381.97324 Y56.5146 F8000
G0 Z0
G1 X381.79189 Y56.34238 F8000
G1 Z1 F8000
G1 X381.79189 Y56.34238 F8000
G1 X401.53969 Y36.59459 F8000
G0 Z0
G1 X401.36054 Y36.42017 F8000
G1 Z1 F8000
G1 X401.36054 Y36.42017 F8000
G1 X381.61306 Y56.16765 F8000
G0 Z0
G1 X381.44164 Y55.98554 F8000
G1 Z1 F8000
G1 X381.44164 Y55.98554 F8000
G1 X401.17988 Y36.24729 F8000
G0 Z0
G1 X400.98393 Y36.08968 F8000
G1 Z1 F8000
G1 X400.98393 Y36.08968 F8000
G1 X381.27021 Y55.8034 F8000
G0 Z0
G1 X381.10535 Y55.6147 F8000
G1 Z1 F8000
G1 X381.10535 Y55.6147 F8000
G1 X400.78684 Y35.93321 F8000
G0 Z0
G1 X400.57637 Y35.79015 F8000
G1 Z1 F8000
G1 X400.57637 Y35.79015 F8000
G1 X380.94366 Y55.42285 F8000
G0 Z0
G1 X380.78293 Y55.23002 F8000
G1 Z1 F8000
G1 X380.78293 Y55.23002 F8000
G1 X400.3638 Y35.64915 F8000
G0 Z0
G1 X400.13925 Y35.52017 F8000
G1 Z1 F8000
G1 X400.13925 Y35.52017 F8000
G1 X380.63095 Y55.02846 F8000
G0 Z0
G1 X380.47898 Y54.82688 F8000
G1 Z1 F8000
G1 X380.47898 Y54.82688 F8000
G1 X399.91155 Y35.3943 F8000
G0 Z0
G1 X399.67305 Y35.27926 F8000
G1 Z1 F8000
G1 X399.67305 Y35.27926 F8000
G1 X380.33234 Y54.61997 F8000
G0 Z0
G1 X380.19024 Y54.40849 F8000
G1 Z1 F8000
G1 X380.19024 Y54.40849 F8000
G1 X399.42993 Y35.16883 F8000
G0 Z0
G1 X399.17728 Y35.06791 F8000
G1 Z1 F8000
G1 X399.17728 Y35.06791 F8000
G1 X380.04831 Y54.19688 F8000
G0 Z0
G1 X379.91647 Y53.97516 F8000
G1 Z1 F8000
G1 X379.91647 Y53.97516 F8000
G1 X398.91777 Y34.97388 F8000
G0 Z0
G1 X398.65044 Y34.88765 F8000
G1 Z1 F8000
G1 X398.65044 Y34.88765 F8000
G1 X379.78463 Y53.75343 F8000
G0 Z0
G1 X379.65869 Y53.52584 F8000
G1 Z1 F8000
G1 X379.65869 Y53.52584 F8000
G1 X398.3727 Y34.81182 F8000
G0 Z0
G1 X398.08973 Y34.74126 F8000
G1 Z1 F8000
G1 X398.08973 Y34.74126 F8000
G1 X379.53769 Y53.29327 F8000
G0 Z0
G1 X379.41831 Y53.05911 F8000
G1 Z1 F8000
G1 X379.41831 Y53.05911 F8000
G1 X397.79075 Y34.68665 F8000
G0 Z0
G1 X397.48516 Y34.63871 F8000
G1 Z1 F8000
G1 X397.48516 Y34.63871 F8000
G1 X379.30901 Y52.81485 F8000
G0 Z0
G1 X379.19974 Y52.57056 F8000
G1 Z1 F8000
G1 X379.19974 Y52.57056 F8000
G1 X397.16554 Y34.60476 F8000
G0 Z0
G1 X396.82936 Y34.5874 F8000
G1 Z1 F8000
G1 X396.82936 Y34.5874 F8000
G1 X379.10092 Y52.31582 F8000
G0 Z0
G1 X379.00458 Y52.05859 F8000
G1 Z1 F8000
G1 X379.00458 Y52.05859 F8000
G1 X396.47895 Y34.58423 F8000
G0 Z0
G1 X396.10874 Y34.60084 F8000
G1 Z1 F8000
G1 X396.10874 Y34.60084 F8000
G1 X378.91672 Y51.7929 F8000
G0 Z0
G1 X378.83496 Y51.52109 F8000
G1 Z1 F8000
G1 X378.83496 Y51.52109 F8000
G1 X395.70388 Y34.65217 F8000
G0 Z0
G1 X395.25927 Y34.74322 F8000
G1 Z1 F8000
G1 X395.25927 Y34.74322 F8000
G1 X378.76109 Y51.2414 F8000
G0 Z0
G1 X378.69624 Y50.95271 F8000
G1 Z1 F8000
G1 X378.69624 Y50.95271 F8000
G1 X394.73304 Y34.90006 F8000
G1 X395.74768 Y34.63767 F8000
G1 X396.8375 Y34.57807 F8000
G1 X397.95559 Y34.70786 F8000
G1 X399.05505 Y35.01366 F8000
G1 X400.08899 Y35.48207 F8000
G1 X401.01051 Y36.09969 F8000
G1 X401.64809 Y36.70663 F8000
G1 X402.47208 Y37.74513 F8000
G1 X405.02416 Y36.1263 F8000
G1 X406.28119 Y35.56808 F8000
G1 X407.6239 Y35.12924 F8000
G1 X409.12858 Y34.79733 F8000
G1 X410.56757 Y34.62201 F8000
G1 X412.11677 Y34.58416 F8000
G1 X413.54256 Y34.69423 F8000
G1 X414.9455 Y34.95278 F8000
G1 X416.40299 Y35.3889 F8000
G1 X417.70216 Y35.9329 F8000
G1 X419.0203 Y36.65177 F8000
G1 X420.25344 Y37.50024 F8000
G1 X421.3928 Y38.46695 F8000
G1 X422.42956 Y39.54056 F8000
G1 X423.35492 Y40.70972 F8000
G1 X424.16008 Y41.96308 F8000
G1 X424.83623 Y43.28928 F8000
G1 X425.37457 Y44.67698 F8000
G1 X425.74492 Y46.01763 F8000
G1 X425.9804 Y47.39275 F8000
G1 X426.07203 Y48.69242 F8000
G1 X426.04967 Y49.80366 F8000
G1 X425.86092 Y51.89272 F8000
G1 X438.84952 Y51.90187 F8000
G1 X442.75347 Y51.99647 F8000
G1 X443.72651 Y52.16937 F8000
G1 X444.26584 Y52.71909 F8000
G1 X445.10659 Y53.1706 F8000
G1 X445.81547 Y53.36287 F8000
G1 X446.54928 Y53.42037 F8000
G1 X447.46781 Y53.30559 F8000
G1 X448.20003 Y53.0345 F8000
G1 X448.72883 Y52.67385 F8000
G1 X449.47298 Y51.89272 F8000
G1 X475.59356 Y51.89272 F8000
G1 X475.59356 Y63.66219 F8000
G1 X458.75731 Y63.65374 F8000
G1 X456.67373 Y63.57119 F8000
G1 X455.62388 Y63.37732 F8000
G1 X455.29903 Y63.14625 F8000
G1 X455.2351 Y62.78583 F8000
G1 X455.87819 Y60.83037 F8000
G1 X456.11213 Y59.54736 F8000
G1 X456.42197 Y58.9717 F8000
G1 X457.19968 Y58.09079 F8000
G1 X457.40125 Y57.45085 F8000
G1 X457.28505 Y56.93677 F8000
G1 X456.90423 Y56.49497 F8000
G1 X456.29999 Y56.17362 F8000
G1 X455.62229 Y55.9989 F8000
G1 X454.6709 Y55.96122 F8000
G1 X453.62821 Y56.14647 F8000
G1 X452.726 Y56.52599 F8000
G1 X452.13535 Y56.98714 F8000
G1 X451.90495 Y57.31865 F8000
G1 X451.81363 Y57.60103 F8000
G1 X451.83239 Y57.96848 F8000
G1 X452.04169 Y58.53833 F8000
G1 X451.82368 Y59.18687 F8000
G1 X450.53179 Y61.18833 F8000
G1 X449.70468 Y62.6921 F8000
G1 X449.35518 Y63.00089 F8000
G1 X448.93583 Y63.13437 F8000
G1 X448.56731 Y63.11388 F8000
G1 X448.18369 Y62.97937 F8000
G1 X446.85699 Y61.95388 F8000
G1 X445.46863 Y61.3548 F8000
G1 X444.08727 Y61.06884 F8000
G1 X442.26551 Y61.06107 F8000
G1 X441.86482 Y60.97566 F8000
G1 X441.57461 Y60.74221 F8000
G1 X440.87979 Y59.69107 F8000
G1 X440.25796 Y59.01966 F8000
G1 X439.52532 Y58.46113 F8000
G1 X438.61509 Y57.98625 F8000
G1 X437.83867 Y57.72651 F8000
G1 X437.14081 Y57.59342 F8000
G1 X436.33961 Y57.55587 F8000
G1 X435.65005 Y57.62902 F8000
G1 X434.71303 Y57.91336 F8000
G1 X433.83624 Y58.39949 F8000
G1 X433.03501 Y59.05221 F8000
G1 X432.27811 Y59.91451 F8000
G1 X431.73699 Y60.78589 F8000
G1 X431.36803 Y61.69893 F8000
G1 X431.20893 Y62.52299 F8000
G1 X431.19061 Y63.66219 F8000
G1 X424.50429 Y63.66219 F8000
G1 X426.02916 Y65.92805 F8000
G1 X426.52857 Y66.95633 F8000
G1 X426.90349 Y68.00873 F8000
G1 X427.17316 Y69.17386 F8000
G1 X427.30026 Y70.34556 F8000
G1 X427.28771 Y71.51231 F8000
G1 X427.13841 Y72.66255 F8000
G1 X426.85528 Y73.78475 F8000
G1 X426.44123 Y74.86737 F8000
G1 X425.89918 Y75.89887 F8000
G1 X425.23202 Y76.8677 F8000
G1 X424.44268 Y77.76233 F8000
G1 X423.53407 Y78.57121 F8000
G1 X422.5091 Y79.28281 F8000
G1 X421.48476 Y79.83242 F8000
G1 X420.55074 Y80.20936 F8000
G1 X419.47925 Y80.51404 F8000
G1 X418.47965 Y80.68971 F8000
G1 X417.36851 Y80.77001 F8000
G1 X416.36237 Y80.739 F8000
G1 X415.37388 Y80.60767 F8000
G1 X412.9857 Y79.95945 F8000
G1 X411.48106 Y81.49864 F8000
G1 X410.51529 Y82.37019 F8000
G1 X409.36501 Y83.26594 F8000
G1 X408.31127 Y83.9012 F8000
G1 X407.03915 Y84.47584 F8000
G1 X405.70246 Y84.90164 F8000
G1 X404.31965 Y85.18009 F8000
G1 X402.90917 Y85.31266 F8000
G1 X401.48946 Y85.30086 F8000
G1 X399.97904 Y85.12969 F8000
G1 X398.59885 Y84.82354 F8000
G1 X397.26607 Y84.37757 F8000
G1 X395.99914 Y83.79328 F8000
G1 X394.89777 Y83.12815 F8000
G1 X394.03356 Y82.47407 F8000
G1 X392.68011 Y81.26117 F8000
G1 X390.45705 Y81.753 F8000
G1 X388.46799 Y81.89955 F8000
G1 X386.24057 Y81.76587 F8000
G1 X384.43454 Y81.3456 F8000
G1 X383.15533 Y80.78287 F8000
G1 X381.75002 Y79.96733 F8000
G1 X380.46128 Y79.0296 F8000
G1 X379.50121 Y78.13234 F8000
G1 X378.65247 Y76.98148 F8000
G1 X377.71623 Y75.37114 F8000
G1 X377.11496 Y74.03501 F8000
G1 X376.83515 Y72.95533 F8000
G1 X376.65199 Y70.31833 F8000
G1 X376.7962 Y68.08603 F8000
G1 X377.28062 Y66.11226 F8000
G1 X378.12617 Y64.30055 F8000
G1 X378.61868 Y63.57296 F8000
G1 X379.3169 Y62.7456 F8000
G1 X381.04437 Y61.14778 F8000
G1 X382.59703 Y60.06363 F8000
G1 X385.18269 Y58.6939 F8000
G1 X383.22548 Y57.51504 F8000
G1 X382.02542 Y56.56327 F8000
G1 X380.81813 Y55.27024 F8000
G1 X379.81969 Y53.81482 F8000
G1 X379.07855 Y52.26499 F8000
G1 X378.64315 Y50.68877 F8000
G1 X378.54089 Y49.11336 F8000
G1 X378.73947 Y47.56448 F8000
G1 X379.22229 Y46.07252 F8000
G1 X380.02603 Y44.57712 F8000
G1 X381.11247 Y43.19184 F8000
G1 X382.46312 Y41.94048 F8000
G1 X384.155 Y40.79121 F8000
G1 X385.99065 Y39.88992 F8000
G1 X388.41562 Y39.07392 F8000
G1 X390.49836 Y38.65354 F8000
G1 X390.95117 Y38.24995 F8000
G1 X392.02827 Y36.82955 F8000
G1 X392.73562 Y36.094 F8000
G1 X393.61962 Y35.44175 F8000
G1 X394.73309 Y34.90006 F8000
G0 Z0
G1 X394.11738 Y35.17801 F8000
G1 Z1 F8000
G1 X394.11738 Y35.17801 F8000
G1 X378.64107 Y50.65432 F8000
G0 Z0
G1 X378.59636 Y50.34547 F8000
G1 Z1 F8000
G1 X378.59636 Y50.34547 F8000
G1 X390.17718 Y38.76465 F8000
G0 Z0
G1 X389.79425 Y38.79402 F8000
G1 Z1 F8000
G1 X389.79425 Y38.79402 F8000
G1 X378.56403 Y50.02426 F8000
G0 Z0
G1 X378.54445 Y49.69033 F8000
G1 Z1 F8000
G1 X378.54445 Y49.69033 F8000
G1 X389.38835 Y38.84643 F8000
G0 Z0
G1 X388.93075 Y38.95046 F8000
G1 Z1 F8000
G1 X388.93075 Y38.95046 F8000
G1 X378.53778 Y49.34346 F8000
G0 Z0
G1 X378.54678 Y48.98082 F8000
G1 Z1 F8000
G1 X378.54678 Y48.98082 F8000
G1 X388.45704 Y39.07056 F8000
G0 Z0
G1 X387.96248 Y39.21156 F8000
G1 Z1 F8000
G1 X387.96248 Y39.21156 F8000
G1 X378.57538 Y48.59866 F8000
G0 Z0
G1 X378.62438 Y48.19612 F8000
G1 Z1 F8000
G1 X378.62438 Y48.19612 F8000
G1 X387.44877 Y39.37171 F8000
G0 Z0
G1 X386.92397 Y39.54297 F8000
G1 Z1 F8000
G1 X386.92397 Y39.54297 F8000
G1 X378.69791 Y47.76903 F8000
G0 Z0
G1 X378.80236 Y47.31101 F8000
G1 Z1 F8000
G1 X378.80236 Y47.31101 F8000
G1 X386.36942 Y39.74395 F8000
G0 Z0
G1 X385.7707 Y39.98911 F8000
G1 Z1 F8000
G1 X385.7707 Y39.98911 F8000
G1 X378.95029 Y46.80952 F8000
G0 Z0
G1 X379.15122 Y46.25506 F8000
G1 Z1 F8000
G1 X379.15122 Y46.25506 F8000
G1 X385.11826 Y40.28801 F8000
G0 Z0
G1 X384.38508 Y40.66764 F8000
G1 Z1 F8000
G1 X384.38508 Y40.66764 F8000
G1 X379.43612 Y45.61659 F8000
G0 Z0
G1 X379.87443 Y44.82475 F8000
G1 Z1 F8000
G1 X379.87443 Y44.82475 F8000
G1 X383.49684 Y41.20231 F8000
G0 Z0
G1 X382.0941 Y42.25151 F8000
G1 Z1 F8000
G1 X382.0941 Y42.25151 F8000
G1 X380.83373 Y43.51188 F8000
G0 Z0
G1 X391.76666 Y37.17516 F8000
G1 Z1 F8000
G1 X391.76666 Y37.17516 F8000
G1 X393.23711 Y35.70474 F8000
G0 Z0
G1 X384.17396 Y59.26362 F8000
G1 Z1 F8000
G1 X384.17396 Y59.26362 F8000
G1 X377.25971 Y66.17785 F8000
G0 Z0
G1 X377.47953 Y65.6045 F8000
G1 Z1 F8000
G1 X377.47953 Y65.6045 F8000
G1 X383.49102 Y59.593 F8000
G0 Z0
G1 X382.75058 Y59.97988 F8000
G1 Z1 F8000
G1 X382.75058 Y59.97988 F8000
G1 X377.77552 Y64.95497 F8000
G0 Z0
G1 X378.21864 Y64.15829 F8000
G1 Z1 F8000
G1 X378.21864 Y64.15829 F8000
G1 X381.759 Y60.61792 F8000
G0 Z0
G1 X403.02935 Y85.3079 F8000
G1 Z1 F8000
G1 X403.02935 Y85.3079 F8000
G1 X424.57374 Y63.7635 F8000
G0 Z0
G1 X424.72022 Y63.97056 F8000
G1 Z1 F8000
G1 X424.72022 Y63.97056 F8000
G1 X403.40691 Y85.2839 F8000
G0 Z0
G1 X403.79473 Y85.24964 F8000
G1 Z1 F8000
G1 X403.79473 Y85.24964 F8000
G1 X424.86669 Y64.17765 F8000
G0 Z0
G1 X425.01316 Y64.38474 F8000
G1 Z1 F8000
G1 X425.01316 Y64.38474 F8000
G1 X404.19891 Y85.199 F8000
G0 Z0
G1 X404.61756 Y85.13388 F8000
G1 Z1 F8000
G1 X404.61756 Y85.13388 F8000
G1 X425.15966 Y64.59181 F8000
G0 Z0
G1 X425.30614 Y64.79889 F8000
G1 Z1 F8000
G1 X425.30614 Y64.79889 F8000
G1 X405.05262 Y85.05239 F8000
G0 Z0
G1 X405.50744 Y84.95113 F8000
G1 Z1 F8000
G1 X405.50744 Y84.95113 F8000
G1 X425.45094 Y65.00762 F8000
G0 Z0
G1 X425.59252 Y65.21958 F8000
G1 Z1 F8000
G1 X425.59252 Y65.21958 F8000
G1 X405.98652 Y84.82561 F8000
G0 Z0
G1 X406.49616 Y84.66951 F8000
G1 Z1 F8000
G1 X406.49616 Y84.66951 F8000
G1 X425.73373 Y65.43194 F8000
G0 Z0
G1 X425.86531 Y65.65392 F8000
G1 Z1 F8000
G1 X425.86531 Y65.65392 F8000
G1 X407.04538 Y84.47385 F8000
G0 Z0
G1 X407.6477 Y84.22509 F8000
G1 Z1 F8000
G1 X407.6477 Y84.22509 F8000
G1 X425.99686 Y65.87591 F8000
G0 Z0
G1 X426.12013 Y66.1062 F8000
G1 Z1 F8000
G1 X426.12013 Y66.1062 F8000
G1 X408.33956 Y83.88679 F8000
G0 Z0
G1 X409.20073 Y83.37916 F8000
G1 Z1 F8000
G1 X409.20073 Y83.37916 F8000
G1 X426.24136 Y66.33853 F8000
G0 Z0
G1 X425.9758 Y64.83631 F8000
G1 Z1 F8000
G1 X425.9758 Y64.83631 F8000
G1 X426.07965 Y64.73248 F8000
G0 Z0
G1 X425.94849 Y64.51008 F8000
G1 Z1 F8000
G1 X425.94849 Y64.51008 F8000
G1 X425.79596 Y64.66261 F8000
G0 Z0
G1 X425.64697 Y64.45803 F8000
G1 Z1 F8000
G1 X425.64697 Y64.45803 F8000
G1 X425.78424 Y64.32079 F8000
G0 Z0
G1 X425.38066 Y64.00401 F8000
G1 Z1 F8000
G1 X425.38066 Y64.00401 F8000
G1 X425.76865 Y64.6313 F8000
G1 X426.08229 Y64.84737 F8000
G1 X425.92663 Y64.47333 F8000
G1 X425.37387 Y63.944 F8000
G1 X425.38066 Y64.00401 F8000
G0 Z0
G1 X425.51243 Y64.23901 F8000
G1 Z1 F8000
G1 X425.51243 Y64.23901 F8000
G1 X425.60551 Y64.14593 F8000
G0 Z0
G1 X425.40235 Y63.99555 F8000
G1 Z1 F8000
G1 X425.40235 Y63.99555 F8000
G1 X425.40235 Y63.99555 F8000
G0 Z0
G1 X428.91445 Y63.66545 F8000
G1 Z1 F8000
G1 X428.91445 Y63.66545 F8000
G1 X431.6845 Y60.89539 F8000
G0 Z0
G1 X431.43902 Y61.49443 F8000
G1 Z1 F8000
G1 X431.43902 Y61.49443 F8000
G1 X429.26798 Y63.66545 F8000
G0 Z0
G1 X429.62155 Y63.66545 F8000
G1 Z1 F8000
G1 X429.62155 Y63.66545 F8000
G1 X431.29416 Y61.99283 F8000
G0 Z0
G1 X431.21963 Y62.4209 F8000
G1 Z1 F8000
G1 X431.21963 Y62.4209 F8000
G1 X429.97511 Y63.66545 F8000
G0 Z0
G1 X430.32865 Y63.66545 F8000
G1 Z1 F8000
G1 X430.32865 Y63.66545 F8000
G1 X431.19653 Y62.79759 F8000
G0 Z0
G1 X431.19415 Y63.15353 F8000
G1 Z1 F8000
G1 X431.19415 Y63.15353 F8000
G1 X430.68221 Y63.66545 F8000
G0 Z0
G1 X431.03577 Y63.66545 F8000
G1 Z1 F8000
G1 X431.03577 Y63.66545 F8000
G1 X431.19174 Y63.50945 F8000
G0 Z0
G1 X431.40833 Y63.73778 F8000
G1 Z1 F8000
G1 X431.40833 Y63.73778 F8000
G1 X424.74734 Y63.73778 F8000
G1 X425.403 Y64.50105 F8000
G1 X426.03398 Y65.41032 F8000
G1 X426.56333 Y66.38229 F8000
G1 X426.95116 Y67.31077 F8000
G1 X427.24614 Y68.27277 F8000
G1 X427.46006 Y69.35864 F8000
G1 X427.55573 Y70.46127 F8000
G1 X427.53719 Y71.46322 F8000
G1 X427.42032 Y72.45681 F8000
G1 X427.18066 Y73.53078 F8000
G1 X426.82736 Y74.5729 F8000
G1 X426.41093 Y75.48253 F8000
G1 X425.90788 Y76.3473 F8000
G1 X425.26021 Y77.23686 F8000
G1 X424.52096 Y78.05196 F8000
G1 X423.69866 Y78.78316 F8000
G1 X422.46075 Y79.63007 F8000
G1 X421.20531 Y80.24977 F8000
G1 X419.87718 Y80.69277 F8000
G1 X418.50108 Y80.95079 F8000
G1 X417.10125 Y81.01886 F8000
G1 X415.69684 Y80.8934 F8000
G1 X414.32291 Y80.57653 F8000
G1 X413.00541 Y80.07428 F8000
G1 X412.17994 Y81.09729 F8000
G1 X411.26369 Y82.03463 F8000
G1 X410.26499 Y82.87775 F8000
G1 X409.10768 Y83.67161 F8000
G1 X407.87747 Y84.33894 F8000
G1 X406.68118 Y84.83919 F8000
G1 X405.44412 Y85.21971 F8000
G1 X404.17751 Y85.47704 F8000
G1 X402.59511 Y85.62132 F8000
G1 X401.001 Y85.56848 F8000
G1 X399.42202 Y85.32083 F8000
G1 X397.88235 Y84.88324 F8000
G1 X396.40338 Y84.26181 F8000
G1 X395.00572 Y83.4652 F8000
G1 X393.70879 Y82.5045 F8000
G1 X392.53067 Y81.39304 F8000
G1 X391.36505 Y81.77647 F8000
G1 X390.16622 Y82.03825 F8000
G1 X388.94684 Y82.17562 F8000
G1 X387.72986 Y82.18711 F8000
G1 X386.53193 Y82.07606 F8000
G1 X385.35128 Y81.84505 F8000
G1 X384.1056 Y81.46212 F8000
G1 X382.99905 Y80.99005 F8000
G1 X381.6918 Y80.24745 F8000
G1 X380.56486 Y79.41115 F8000
G1 X379.54383 Y78.44841 F8000
G1 X378.64282 Y77.37253 F8000
G1 X377.8247 Y76.11116 F8000
G1 X377.20978 Y74.8497 F8000
G1 X376.74711 Y73.52486 F8000
G1 X376.42754 Y72.05576 F8000
G1 X376.29538 Y69.95584 F8000
G1 X376.37526 Y68.85369 F8000
G1 X376.55671 Y67.76363 F8000
G1 X376.83812 Y66.69503 F8000
G1 X377.21714 Y65.65702 F8000
G1 X378.1993 Y63.7922 F8000
G1 X379.49401 Y62.12914 F8000
G1 X380.28377 Y61.35621 F8000
G1 X381.1416 Y60.65959 F8000
G1 X382.9413 Y59.56265 F8000
G1 X383.95354 Y59.11942 F8000
G1 X385.00245 Y58.77165 F8000
G1 X383.00731 Y57.60182 F8000
G1 X381.37949 Y56.25512 F8000
G1 X380.0631 Y54.71919 F8000
G1 X379.53341 Y53.89334 F8000
G1 X379.05568 Y52.94926 F8000
G1 X378.48071 Y51.16229 F8000
G1 X378.33942 Y50.24738 F8000
G1 X378.2987 Y49.24318 F8000
G1 X378.37305 Y48.27965 F8000
G1 X378.55577 Y47.32474 F8000
G1 X378.84549 Y46.38571 F8000
G1 X379.24004 Y45.46967 F8000
G1 X379.9414 Y44.2701 F8000
G1 X380.82211 Y43.14308 F8000
G1 X381.86973 Y42.10448 F8000
G1 X383.06957 Y41.16894 F8000
G1 X384.78116 Y40.15231 F8000
G1 X386.67094 Y39.34498 F8000
G1 X388.69628 Y38.76523 F8000
G1 X390.81138 Y38.42611 F8000
G1 X391.52925 Y37.10036 F8000
G1 X392.45836 Y36.04195 F8000
G1 X393.68116 Y35.15692 F8000
G1 X394.97828 Y34.60407 F8000
G1 X396.06292 Y34.37256 F8000
G1 X397.07 Y34.32446 F8000
G1 X398.17014 Y34.45429 F8000
G1 X399.23247 Y34.7675 F8000
G1 X400.22651 Y35.25505 F8000
G1 X401.12374 Y35.90296 F8000
G1 X401.83361 Y36.61557 F8000
G1 X402.47735 Y37.51454 F8000
G1 X404.04106 Y36.42909 F8000
G1 X405.64015 Y35.5952 F8000
G1 X407.32928 Y34.96327 F8000
G1 X409.18187 Y34.52581 F8000
G1 X410.97524 Y34.33536 F8000
G1 X412.77541 Y34.36989 F8000
G1 X414.65411 Y34.64654 F8000
G1 X416.38711 Y35.12993 F8000
G1 X417.59541 Y35.60891 F8000
G1 X418.75669 Y36.19268 F8000
G1 X419.86191 Y36.87671 F8000
G1 X420.90244 Y37.65562 F8000
G1 X421.87012 Y38.52337 F8000
G1 X422.75743 Y39.47315 F8000
G1 X423.5574 Y40.49756 F8000
G1 X424.26384 Y41.58862 F8000
G1 X424.87119 Y42.73776 F8000
G1 X425.37472 Y43.93604 F8000
G1 X425.77048 Y45.17407 F8000
G1 X426.05541 Y46.44225 F8000
G1 X426.22726 Y47.73059 F8000
G1 X426.28473 Y49.02911 F8000
G1 X426.2216 Y50.37192 F8000
G1 X426.03615 Y51.70336 F8000
G1 X443.88559 Y51.70336 F8000
G0 Z0
G1 X444.52842 Y52.70068 F8000
G1 Z1 F8000
G1 X444.52842 Y52.70068 F8000
G1 X445.20152 Y53.02223 F8000
G1 X446.0194 Y53.19871 F8000
G1 X446.89205 Y53.21072 F8000
G1 X447.61082 Y53.08861 F8000
G1 X448.33371 Y52.80556 F8000
G1 X448.85682 Y52.40128 F8000
G1 X449.10182 Y51.99173 F8000
G1 X449.12259 Y51.48688 F8000
G1 X448.96085 Y51.13765 F8000
G1 X448.66137 Y50.82034 F8000
G1 X448.241 Y50.55282 F8000
G1 X447.72348 Y50.35017 F8000
G1 X446.6427 Y50.18264 F8000
G1 X445.42414 Y50.31853 F8000
G1 X444.44867 Y50.76234 F8000
G1 X444.12342 Y51.07103 F8000
G1 X443.93313 Y51.41541 F8000
G1 X443.88855 Y51.77601 F8000
G1 X443.99219 Y52.13254 F8000
G1 X444.52842 Y52.70068 F8000
G0 Z0
G1 X449.14937 Y51.70336 F8000
G1 Z1 F8000
G1 X449.14937 Y51.70336 F8000
G1 X475.90654 Y51.70336 F8000
G1 X475.90654 Y63.73778 F8000
G1 X454.49732 Y63.73778 F8000
G0 Z0
G1 X433.55596 Y67.57628 F8000
G1 Z1 F8000
G1 X433.55596 Y67.57628 F8000
G1 X434.50118 Y68.13857 F8000
G1 X435.44109 Y68.46369 F8000
G1 X436.42317 Y68.59953 F8000
G1 X437.51026 Y68.52468 F8000
G1 X438.55897 Y68.21826 F8000
G1 X439.44088 Y67.74971 F8000
G1 X440.29357 Y67.04592 F8000
G1 X440.98774 Y66.17438 F8000
G1 X441.49333 Y65.1728 F8000
G1 X441.77082 Y64.18569 F8000
G1 X441.86348 Y63.05904 F8000
G1 X441.72981 Y61.93687 F8000
G1 X441.41652 Y60.96135 F8000
G1 X440.87476 Y59.98032 F8000
G1 X440.14935 Y59.1367 F8000
G1 X439.35671 Y58.51977 F8000
G1 X438.46641 Y58.06863 F8000
G1 X437.51026 Y57.79936 F8000
G1 X436.52233 Y57.7216 F8000
G1 X435.53798 Y57.8381 F8000
G1 X434.5923 Y58.14472 F8000
G1 X433.637 Y58.68834 F8000
G1 X432.87936 Y59.35096 F8000
G1 X432.2554 Y60.14966 F8000
G1 X431.74978 Y61.15124 F8000
G1 X431.47228 Y62.13835 F8000
G1 X431.37867 Y63.16202 F8000
G1 X431.47228 Y64.18569 F8000
G1 X431.74978 Y65.1728 F8000
G1 X432.20124 Y66.0881 F8000
G1 X432.81055 Y66.89892 F8000
G1 X433.55596 Y67.57628 F8000
G0 Z0
G1 X441.59361 Y61.4359 F8000
G1 Z1 F8000
G1 X441.59361 Y61.4359 F8000
G1 X442.46485 Y61.24202 F8000
G1 X443.41251 Y61.1845 F8000
G1 X444.44256 Y61.27144 F8000
G1 X445.35387 Y61.47739 F8000
G1 X446.4014 Y61.89117 F8000
G1 X447.24662 Y62.41986 F8000
G1 X447.94663 Y63.09169 F8000
G1 X448.41798 Y63.817 F8000
G1 X449.49637 Y63.73767 F8000
G1 X450.13232 Y62.30892 F8000
G1 X450.88903 Y60.9369 F8000
G1 X451.73072 Y59.68082 F8000
G1 X452.56141 Y58.66532 F8000
G1 X452.16678 Y58.24196 F8000
G1 X452.04053 Y57.77777 F8000
G1 X452.15202 Y57.33457 F8000
G1 X452.53199 Y56.86631 F8000
G1 X453.13429 Y56.48306 F8000
G1 X453.7903 Y56.24803 F8000
G1 X454.54266 Y56.12188 F8000
G1 X455.30554 Y56.12426 F8000
G1 X455.99102 Y56.24975 F8000
G1 X456.64753 Y56.53018 F8000
G1 X457.04867 Y56.867 F8000
G1 X457.26473 Y57.27583 F8000
G1 X457.25266 Y57.76108 F8000
G1 X457.03787 Y58.16332 F8000
G1 X456.55794 Y58.5925 F8000
G1 X455.99488 Y58.88077 F8000
G1 X455.81335 Y60.22398 F8000
G1 X455.35369 Y61.77412 F8000
G1 X454.35693 Y64.00818 F8000
G1 X453.11 Y66.03077 F8000
G1 X453.13505 Y66.65791 F8000
G1 X452.93945 Y67.31053 F8000
G1 X452.41954 Y68.04874 F8000
G1 X451.63968 Y68.66247 F8000
G1 X450.75624 Y69.07459 F8000
G1 X449.85676 Y69.3043 F8000
G1 X448.74982 Y69.38053 F8000
G1 X447.64095 Y69.23331 F8000
G1 X447.00778 Y69.65916 F8000
G1 X446.08555 Y69.93872 F8000
G1 X444.75495 Y70.10802 F8000
G1 X443.25019 Y70.12316 F8000
G1 X441.66475 Y69.96137 F8000
G1 X440.35255 Y69.57441 F8000
G1 X439.46027 Y68.97987 F8000
G1 X438.83329 Y68.09552 F8000
G0 Z0
G1 X426.84204 Y75.28378 F8000
G1 Z1 F8000
G1 X426.84204 Y75.28378 F8000
G1 X426.52677 Y75.62076 F8000
G1 X426.80258 Y75.2682 F8000
G1 X426.88932 Y75.35494 F8000
G1 X426.84349 Y75.54699 F8000
G1 X426.44814 Y75.9369 F8000
G1 X426.52677 Y75.62076 F8000
G0 Z0
G1 X426.34259 Y75.07614 F8000
G1 Z1 F8000
G1 X426.34259 Y75.07614 F8000
G1 X421.67407 Y79.74466 F8000
G0 Z0
G1 X422.46232 Y79.30998 F8000
G1 Z1 F8000
G1 X422.46232 Y79.30998 F8000
G1 X425.93294 Y75.83935 F8000
G0 Z0
G1 X425.14429 Y76.98154 F8000
G1 Z1 F8000
G1 X425.14429 Y76.98154 F8000
G1 X423.6255 Y78.50032 F8000
G0 Z0
G1 X346.02131 Y70.47273 F8000
G1 Z1 F8000
G1 X346.02131 Y70.47273 F8000
G1 X344.92361 Y69.37504 F8000
G0 Z0
G1 X335.63604 Y66.87817 F8000
G1 Z1 F8000
G1 X335.63604 Y66.87817 F8000
G1 X333.9298 Y65.17193 F8000
G0 Z0
G1 X333.57625 Y65.17193 F8000
G1 Z1 F8000
G1 X333.57625 Y65.17193 F8000
G1 X335.5527 Y67.14838 F8000
G0 Z0
G1 X335.43055 Y67.37979 F8000
G1 Z1 F8000
G1 X335.43055 Y67.37979 F8000
G1 X333.22269 Y65.17193 F8000
G0 Z0
G1 X332.86914 Y65.17193 F8000
G1 Z1 F8000
G1 X332.86914 Y65.17193 F8000
G1 X335.27358 Y67.57637 F8000
G0 Z0
G1 X335.08717 Y67.74351 F8000
G1 Z1 F8000
G1 X335.08717 Y67.74351 F8000
G1 X332.51558 Y65.17193 F8000
G0 Z0
G1 X332.16203 Y65.17193 F8000
G1 Z1 F8000
G1 X332.16203 Y65.17193 F8000
G1 X334.86564 Y67.87554 F8000
G0 Z0
G1 X334.60873 Y67.97218 F8000
G1 Z1 F8000
G1 X334.60873 Y67.97218 F8000
G1 X331.80848 Y65.17193 F8000
G0 Z0
G1 X331.45492 Y65.17193 F8000
G1 Z1 F8000
G1 X331.45492 Y65.17193 F8000
G1 X334.30284 Y68.01985 F8000
G0 Z0
G1 X333.95093 Y68.0215 F8000
G1 Z1 F8000
G1 X333.95093 Y68.0215 F8000
G1 X331.10137 Y65.17193 F8000
G0 Z0
G1 X330.74782 Y65.17193 F8000
G1 Z1 F8000
G1 X330.74782 Y65.17193 F8000
G1 X333.59738 Y68.0215 F8000
G0 Z0
G1 X333.24383 Y68.0215 F8000
G1 Z1 F8000
G1 X333.24383 Y68.0215 F8000
G1 X330.43158 Y65.20925 F8000
G0 Z0
G1 X330.16581 Y65.29703 F8000
G1 Z1 F8000
G1 X330.16581 Y65.29703 F8000
G1 X332.89027 Y68.0215 F8000
G0 Z0
G1 X332.53672 Y68.0215 F8000
G1 Z1 F8000
G1 X332.53672 Y68.0215 F8000
G1 X329.93985 Y65.42462 F8000
G0 Z0
G1 X329.74594 Y65.58427 F8000
G1 Z1 F8000
G1 X329.74594 Y65.58427 F8000
G1 X332.18317 Y68.0215 F8000
G0 Z0
G1 X331.82961 Y68.0215 F8000
G1 Z1 F8000
G1 X331.82961 Y68.0215 F8000
G1 X329.58314 Y65.77503 F8000
G0 Z0
G1 X329.45425 Y65.99968 F8000
G1 Z1 F8000
G1 X329.45425 Y65.99968 F8000
G1 X331.47606 Y68.0215 F8000
G0 Z0
G1 X331.12251 Y68.0215 F8000
G1 Z1 F8000
G1 X331.12251 Y68.0215 F8000
G1 X329.36229 Y66.26128 F8000
G0 Z0
G1 X329.32189 Y66.59719 F8000
G1 Z1 F8000
G1 X329.32189 Y66.59719 F8000
G1 X329.37957 Y66.9984 F8000
G1 X329.60595 Y67.45063 F8000
G1 X329.89257 Y67.73725 F8000
G1 X330.34477 Y67.9636 F8000
G1 X330.74601 Y68.02128 F8000
G1 X334.34207 Y68.01766 F8000
G1 X334.92297 Y67.84711 F8000
G1 X335.43851 Y67.36713 F8000
G1 X335.66094 Y66.69879 F8000
G1 X335.57479 Y66.09951 F8000
G1 X335.38054 Y65.74375 F8000
G1 X335.09391 Y65.45713 F8000
G1 X334.44314 Y65.18757 F8000
G1 X330.74601 Y65.17307 F8000
G1 X330.24833 Y65.26287 F8000
G1 X329.81341 Y65.52092 F8000
G1 X329.54795 Y65.82725 F8000
G1 X329.37957 Y66.19597 F8000
G1 X329.32189 Y66.59719 F8000
G1 X330.76895 Y68.0215 F8000
G0 Z0
G1 X330.36145 Y67.96754 F8000
G1 Z1 F8000
G1 X330.36145 Y67.96754 F8000
G1 X329.37571 Y66.98181 F8000
G0 Z0
G1 X334.28574 Y65.17432 F8000
G1 Z1 F8000
G1 X334.28574 Y65.17432 F8000
G1 X335.66263 Y66.5512 F8000
G0 Z0
G1 X335.57801 Y66.11303 F8000
G1 Z1 F8000
G1 X335.57801 Y66.11303 F8000
G1 X334.7214 Y65.25643 F8000
G0 Z0
G1 X322.49154 Y64.93457 F8000
G1 Z1 F8000
G1 X322.49154 Y64.93457 F8000
G1 X321.88474 Y64.93457 F8000
G0 Z0
G1 X321.88564 Y64.41774 F8000
G1 Z1 F8000
G1 X321.88564 Y64.41774 F8000
G1 X322.49154 Y64.49661 F8000
G0 Z0
G1 X322.48746 Y65.32182 F8000
G1 Z1 F8000
G1 X322.48746 Y65.32182 F8000
G1 X321.88882 Y65.55727 F8000
G0 Z0
G1 X321.88564 Y68.24245 F8000
G1 Z1 F8000
G1 X321.88564 Y68.24245 F8000
G1 X322.49154 Y68.32132 F8000
G0 Z0
G1 X322.49154 Y68.75931 F8000
G1 Z1 F8000
G1 X322.49154 Y68.75931 F8000
G1 X321.88474 Y68.75931 F8000
G0 Z0
G1 X321.88882 Y69.38198 F8000
G1 Z1 F8000
G1 X321.88882 Y69.38198 F8000
G1 X322.48746 Y69.14653 F8000
G0 Z0
G1 X318.25413 Y67.96765 F8000
G1 Z1 F8000
G1 X318.25413 Y67.96765 F8000
G1 X317.65548 Y68.20311 F8000
G0 Z0
G1 X317.65141 Y67.58043 F8000
G1 Z1 F8000
G1 X317.65141 Y67.58043 F8000
G1 X318.2582 Y67.58043 F8000
G0 Z0
G1 X318.2582 Y67.14244 F8000
G1 Z1 F8000
G1 X318.2582 Y67.14244 F8000
G1 X317.65231 Y67.06357 F8000
G0 Z0
G1 X317.65548 Y64.27256 F8000
G1 Z1 F8000
G1 X317.65548 Y64.27256 F8000
G1 X318.25413 Y64.03711 F8000
G0 Z0
G1 X318.2582 Y63.64986 F8000
G1 Z1 F8000
G1 X318.2582 Y63.64986 F8000
G1 X317.65141 Y63.64986 F8000
G0 Z0
G1 X317.65231 Y63.13302 F8000
G1 Z1 F8000
G1 X317.65231 Y63.13302 F8000
G1 X318.2582 Y63.2119 F8000
G0 Z0
G1 X321.88882 Y61.62672 F8000
G1 Z1 F8000
G1 X321.88882 Y61.62672 F8000
G1 X322.48746 Y61.39127 F8000
G0 Z0
G1 X322.49154 Y61.00403 F8000
G1 Z1 F8000
G1 X322.49154 Y61.00403 F8000
G1 X321.88474 Y61.00403 F8000
G0 Z0
G1 X321.88564 Y60.48719 F8000
G1 Z1 F8000
G1 X321.88564 Y60.48719 F8000
G1 X322.49154 Y60.56606 F8000
G0 Z0
G1 X321.85148 Y76.5282 F8000
G1 Z1 F8000
G1 X321.85148 Y76.5282 F8000
G1 X321.7583 Y77.0317 F8000
G1 X321.85148 Y77.5352 F8000
G1 X322.11818 Y77.96909 F8000
G1 X322.61391 Y78.31461 F8000
G1 X323.10643 Y78.40986 F8000
G1 X323.59898 Y78.31461 F8000
G1 X324.0947 Y77.96909 F8000
G1 X324.3614 Y77.5352 F8000
G1 X324.45459 Y77.0317 F8000
G1 X324.3614 Y76.5282 F8000
G1 X324.0947 Y76.09431 F8000
G1 X323.59898 Y75.74879 F8000
G1 X323.10643 Y75.65354 F8000
G1 X322.61391 Y75.74879 F8000
G1 X322.11818 Y76.09431 F8000
G1 X321.85148 Y76.5282 F8000
G0 Z0
G1 X326.51967 Y78.75622 F8000
G1 Z1 F8000
G1 X326.51967 Y78.75622 F8000
G1 X328.29446 Y80.531 F8000
G0 Z0
G1 X328.64801 Y80.531 F8000
G1 Z1 F8000
G1 X328.64801 Y80.531 F8000
G1 X326.61224 Y78.49523 F8000
G0 Z0
G1 X326.74475 Y78.27418 F8000
G1 Z1 F8000
G1 X326.74475 Y78.27418 F8000
G1 X329.00156 Y80.531 F8000
G0 Z0
G1 X329.35512 Y80.531 F8000
G1 Z1 F8000
G1 X329.35512 Y80.531 F8000
G1 X326.90783 Y78.08371 F8000
G0 Z0
G1 X327.10396 Y77.9263 F8000
G1 Z1 F8000
G1 X327.10396 Y77.9263 F8000
G1 X329.70867 Y80.531 F8000
G0 Z0
G1 X330.06222 Y80.531 F8000
G1 Z1 F8000
G1 X330.06222 Y80.531 F8000
G1 X327.33258 Y77.80136 F8000
G0 Z0
G1 X327.6 Y77.71522 F8000
G1 Z1 F8000
G1 X327.6 Y77.71522 F8000
G1 X330.41578 Y80.531 F8000
G0 Z0
G1 X330.76933 Y80.531 F8000
G1 Z1 F8000
G1 X330.76933 Y80.531 F8000
G1 X327.92241 Y77.68408 F8000
G0 Z0
G1 X328.27597 Y77.68408 F8000
G1 Z1 F8000
G1 X328.27597 Y77.68408 F8000
G1 X331.12288 Y80.531 F8000
G0 Z0
G1 X331.47644 Y80.531 F8000
G1 Z1 F8000
G1 X331.47644 Y80.531 F8000
G1 X328.62952 Y77.68408 F8000
G0 Z0
G1 X328.98307 Y77.68408 F8000
G1 Z1 F8000
G1 X328.98307 Y77.68408 F8000
G1 X331.82999 Y80.531 F8000
G0 Z0
G1 X331.81057 Y81.85392 F8000
G1 Z1 F8000
G1 X331.81057 Y81.85392 F8000
G1 X334.6097 Y84.65305 F8000
G0 Z0
G1 X334.86704 Y84.55684 F8000
G1 Z1 F8000
G1 X334.86704 Y84.55684 F8000
G1 X332.16412 Y81.85392 F8000
G0 Z0
G1 X332.51767 Y81.85392 F8000
G1 Z1 F8000
G1 X332.51767 Y81.85392 F8000
G1 X335.08698 Y84.42323 F8000
G0 Z0
G1 X335.27458 Y84.25728 F8000
G1 Z1 F8000
G1 X335.27458 Y84.25728 F8000
G1 X332.87123 Y81.85392 F8000
G0 Z0
G1 X333.22478 Y81.85392 F8000
G1 Z1 F8000
G1 X333.22478 Y81.85392 F8000
G1 X335.43048 Y84.05961 F8000
G0 Z0
G1 X335.55296 Y83.82855 F8000
G1 Z1 F8000
G1 X335.55296 Y83.82855 F8000
G1 X333.57833 Y81.85392 F8000
G0 Z0
G1 X333.93189 Y81.85392 F8000
G1 Z1 F8000
G1 X333.93189 Y81.85392 F8000
G1 X335.63636 Y83.55839 F8000
G0 Z0
G1 X335.66261 Y83.23109 F8000
G1 Z1 F8000
G1 X335.66261 Y83.23109 F8000
G1 X334.28666 Y81.85514 F8000
G0 Z0
G1 X334.72454 Y81.93946 F8000
G1 Z1 F8000
G1 X334.72454 Y81.93946 F8000
G1 X335.57811 Y82.79303 F8000
G0 Z0
G1 X334.3023 Y84.69921 F8000
G1 Z1 F8000
G1 X334.3023 Y84.69921 F8000
G1 X331.45701 Y81.85392 F8000
G0 Z0
G1 X331.10346 Y81.85392 F8000
G1 Z1 F8000
G1 X331.10346 Y81.85392 F8000
G1 X333.95038 Y84.70084 F8000
G0 Z0
G1 X333.59682 Y84.70084 F8000
G1 Z1 F8000
G1 X333.59682 Y84.70084 F8000
G1 X330.74991 Y81.85392 F8000
G0 Z0
G1 X330.4314 Y81.88897 F8000
G1 Z1 F8000
G1 X330.4314 Y81.88897 F8000
G1 X333.24327 Y84.70084 F8000
G0 Z0
G1 X332.88972 Y84.70084 F8000
G1 Z1 F8000
G1 X332.88972 Y84.70084 F8000
G1 X330.16727 Y81.97839 F8000
G0 Z0
G1 X329.93952 Y82.10419 F8000
G1 Z1 F8000
G1 X329.93952 Y82.10419 F8000
G1 X332.53616 Y84.70084 F8000
G0 Z0
G1 X332.18261 Y84.70084 F8000
G1 Z1 F8000
G1 X332.18261 Y84.70084 F8000
G1 X329.7469 Y82.26512 F8000
G0 Z0
G1 X329.5836 Y82.45538 F8000
G1 Z1 F8000
G1 X329.5836 Y82.45538 F8000
G1 X331.82906 Y84.70084 F8000
G0 Z0
G1 X331.4755 Y84.70084 F8000
G1 Z1 F8000
G1 X331.4755 Y84.70084 F8000
G1 X329.45488 Y82.68021 F8000
G0 Z0
G1 X329.36274 Y82.94162 F8000
G1 Z1 F8000
G1 X329.36274 Y82.94162 F8000
G1 X331.12195 Y84.70084 F8000
G0 Z0
G1 X330.7684 Y84.70084 F8000
G1 Z1 F8000
G1 X330.7684 Y84.70084 F8000
G1 X329.32189 Y83.27793 F8000
G1 X329.37957 Y82.87672 F8000
G1 X329.54795 Y82.508 F8000
G1 X329.81341 Y82.20166 F8000
G1 X330.24833 Y81.94361 F8000
G1 X330.74601 Y81.85381 F8000
G1 X334.44314 Y81.86831 F8000
G1 X335.09391 Y82.13787 F8000
G1 X335.38054 Y82.42449 F8000
G1 X335.57479 Y82.78025 F8000
G1 X335.66094 Y83.37951 F8000
G1 X335.43851 Y84.04785 F8000
G1 X335.01041 Y84.47597 F8000
G1 X334.34207 Y84.6984 F8000
G1 X330.74601 Y84.70203 F8000
G1 X330.34477 Y84.64435 F8000
G1 X329.97608 Y84.47597 F8000
G1 X329.60595 Y84.13137 F8000
G1 X329.37957 Y83.67915 F8000
G1 X329.32189 Y83.27793 F8000
G0 Z0
G1 X329.37494 Y83.66093 F8000
G1 Z1 F8000
G1 X329.37494 Y83.66093 F8000
G1 X330.36364 Y84.64964 F8000
G0 Z0
G1 X327.9409 Y80.531 F8000
G1 Z1 F8000
G1 X327.9409 Y80.531 F8000
G1 X326.47445 Y79.10773 F8000
G1 X326.60314 Y78.51615 F8000
G1 X326.89156 Y78.10072 F8000
G1 X327.30696 Y77.81233 F8000
G1 X327.79697 Y77.68726 F8000
G1 X344.72936 Y77.68726 F8000
G1 X345.21934 Y77.81233 F8000
G1 X345.63476 Y78.10072 F8000
G1 X345.92316 Y78.51615 F8000
G1 X346.04823 Y79.00613 F8000
G1 X345.96208 Y79.60541 F8000
G1 X345.63476 Y80.11473 F8000
G1 X345.21934 Y80.40316 F8000
G1 X344.62776 Y80.53185 F8000
G1 X327.79697 Y80.52822 F8000
G1 X327.30696 Y80.40316 F8000
G1 X326.89156 Y80.11473 F8000
G1 X326.60314 Y79.69934 F8000
G1 X326.47445 Y79.10773 F8000
G0 Z0
G1 X326.52126 Y79.46492 F8000
G1 Z1 F8000
G1 X326.52126 Y79.46492 F8000
G1 X327.54285 Y80.4865 F8000
G0 Z0
G1 X330.43158 Y90.23091 F8000
G1 Z1 F8000
G1 X330.43158 Y90.23091 F8000
G1 X333.24383 Y93.04315 F8000
G0 Z0
G1 X333.59738 Y93.04315 F8000
G1 Z1 F8000
G1 X333.59738 Y93.04315 F8000
G1 X330.74782 Y90.19359 F8000
G0 Z0
G1 X331.10137 Y90.19359 F8000
G1 Z1 F8000
G1 X331.10137 Y90.19359 F8000
G1 X333.95093 Y93.04315 F8000
G0 Z0
G1 X334.30128 Y93.03995 F8000
G1 Z1 F8000
G1 X334.30128 Y93.03995 F8000
G1 X331.45492 Y90.19359 F8000
G0 Z0
G1 X331.80848 Y90.19359 F8000
G1 Z1 F8000
G1 X331.80848 Y90.19359 F8000
G1 X334.60801 Y92.99312 F8000
G0 Z0
G1 X334.86564 Y92.8972 F8000
G1 Z1 F8000
G1 X334.86564 Y92.8972 F8000
G1 X332.16203 Y90.19359 F8000
G0 Z0
G1 X332.51558 Y90.19359 F8000
G1 Z1 F8000
G1 X332.51558 Y90.19359 F8000
G1 X335.08574 Y92.76375 F8000
G0 Z0
G1 X335.27358 Y92.59803 F8000
G1 Z1 F8000
G1 X335.27358 Y92.59803 F8000
G1 X332.86914 Y90.19359 F8000
G0 Z0
G1 X333.22269 Y90.19359 F8000
G1 Z1 F8000
G1 X333.22269 Y90.19359 F8000
G1 X335.42963 Y92.40052 F8000
G0 Z0
G1 X335.5527 Y92.17004 F8000
G1 Z1 F8000
G1 X335.5527 Y92.17004 F8000
G1 X333.57625 Y90.19359 F8000
G0 Z0
G1 X333.9298 Y90.19359 F8000
G1 Z1 F8000
G1 X333.9298 Y90.19359 F8000
G1 X335.63604 Y91.89983 F8000
G0 Z0
G1 X335.66267 Y91.5729 F8000
G1 Z1 F8000
G1 X335.66267 Y91.5729 F8000
G1 X334.28574 Y90.19598 F8000
G0 Z0
G1 X334.7214 Y90.27809 F8000
G1 Z1 F8000
G1 X334.7214 Y90.27809 F8000
G1 X335.57911 Y91.13579 F8000
G0 Z0
G1 X332.89027 Y93.04315 F8000
G1 Z1 F8000
G1 X332.89027 Y93.04315 F8000
G1 X330.16581 Y90.31869 F8000
G0 Z0
G1 X329.93985 Y90.44628 F8000
G1 Z1 F8000
G1 X329.93985 Y90.44628 F8000
G1 X332.53672 Y93.04315 F8000
G0 Z0
G1 X332.18317 Y93.04315 F8000
G1 Z1 F8000
G1 X332.18317 Y93.04315 F8000
G1 X329.74594 Y90.60593 F8000
G0 Z0
G1 X329.58273 Y90.79628 F8000
G1 Z1 F8000
G1 X329.58273 Y90.79628 F8000
G1 X331.82961 Y93.04315 F8000
G0 Z0
G1 X331.47606 Y93.04315 F8000
G1 Z1 F8000
G1 X331.47606 Y93.04315 F8000
G1 X329.45425 Y91.02134 F8000
G0 Z0
G1 X329.36229 Y91.28294 F8000
G1 Z1 F8000
G1 X329.36229 Y91.28294 F8000
G1 X331.12251 Y93.04315 F8000
G0 Z0
G1 X330.76895 Y93.04315 F8000
G1 Z1 F8000
G1 X330.76895 Y93.04315 F8000
G1 X329.32189 Y91.61829 F8000
G1 X329.37957 Y91.21708 F8000
G1 X329.54795 Y90.84836 F8000
G1 X329.81341 Y90.54202 F8000
G1 X330.24833 Y90.28397 F8000
G1 X330.74601 Y90.1942 F8000
G1 X334.44314 Y90.20867 F8000
G1 X335.09391 Y90.47823 F8000
G1 X335.38054 Y90.76485 F8000
G1 X335.57479 Y91.12061 F8000
G1 X335.66094 Y91.71989 F8000
G1 X335.43851 Y92.38823 F8000
G1 X334.92297 Y92.86821 F8000
G1 X334.34207 Y93.03879 F8000
G1 X330.74601 Y93.04241 F8000
G1 X330.34477 Y92.98471 F8000
G1 X329.89257 Y92.75836 F8000
G1 X329.60595 Y92.47173 F8000
G1 X329.37957 Y92.01951 F8000
G1 X329.32189 Y91.61829 F8000
G0 Z0
G1 X329.37571 Y92.00347 F8000
G1 Z1 F8000
G1 X329.37571 Y92.00347 F8000
G1 X330.36088 Y92.98864 F8000
G0 Z0
G1 X341.70941 Y94.36343 F8000
G1 Z1 F8000
G1 X341.70941 Y94.36343 F8000
G1 X344.55897 Y97.21299 F8000
G0 Z0
G1 X344.88758 Y97.18804 F8000
G1 Z1 F8000
G1 X344.88758 Y97.18804 F8000
G1 X342.06296 Y94.36343 F8000
G0 Z0
G1 X342.41652 Y94.36343 F8000
G1 Z1 F8000
G1 X342.41652 Y94.36343 F8000
G1 X345.16118 Y97.10809 F8000
G0 Z0
G1 X345.39427 Y96.98762 F8000
G1 Z1 F8000
G1 X345.39427 Y96.98762 F8000
G1 X342.77007 Y94.36343 F8000
G0 Z0
G1 X343.12362 Y94.36343 F8000
G1 Z1 F8000
G1 X343.12362 Y94.36343 F8000
G1 X345.59336 Y96.83316 F8000
G0 Z0
G1 X345.76248 Y96.64873 F8000
G1 Z1 F8000
G1 X345.76248 Y96.64873 F8000
G1 X343.47718 Y94.36343 F8000
G0 Z0
G1 X343.83073 Y94.36343 F8000
G1 Z1 F8000
G1 X343.83073 Y94.36343 F8000
G1 X345.89805 Y96.43074 F8000
G0 Z0
G1 X345.99673 Y96.17587 F8000
G1 Z1 F8000
G1 X345.99673 Y96.17587 F8000
G1 X344.18429 Y94.36343 F8000
G0 Z0
G1 X344.53784 Y94.36343 F8000
G1 Z1 F8000
G1 X344.53784 Y94.36343 F8000
G1 X346.04913 Y95.87472 F8000
G0 Z0
G1 X346.02107 Y95.4931 F8000
G1 Z1 F8000
G1 X346.02107 Y95.4931 F8000
G1 X344.92491 Y94.39695 F8000
G0 Z0
G1 X318.2582 Y114.23137 F8000
G1 Z1 F8000
G1 X318.2582 Y114.23137 F8000
G1 X317.65231 Y114.15247 F8000
G0 Z0
G1 X317.65141 Y114.66936 F8000
G1 Z1 F8000
G1 X317.65141 Y114.66936 F8000
G1 X318.2582 Y114.66936 F8000
G0 Z0
G1 X318.25413 Y115.05658 F8000
G1 Z1 F8000
G1 X318.25413 Y115.05658 F8000
G1 X317.65548 Y115.29203 F8000
G0 Z0
G1 X317.65231 Y117.97718 F8000
G1 Z1 F8000
G1 X317.65231 Y117.97718 F8000
G1 X318.2582 Y118.05608 F8000
G0 Z0
G1 X318.2582 Y118.49407 F8000
G1 Z1 F8000
G1 X318.2582 Y118.49407 F8000
G1 X317.65141 Y118.49407 F8000
G0 Z0
G1 X317.65548 Y119.11674 F8000
G1 Z1 F8000
G1 X317.65548 Y119.11674 F8000
G1 X318.25413 Y118.88132 F8000
G0 Z0
G1 X288.31299 Y106.88417 F8000
G1 Z1 F8000
G1 X288.31299 Y106.88417 F8000
G1 X286.37918 Y104.95036 F8000
G0 Z0
G1 X286.89093 Y105.81565 F8000
G1 Z1 F8000
G1 X286.89093 Y105.81565 F8000
G1 X287.45088 Y106.37561 F8000
G0 Z0
G1 X500.85372 Y103.18485 F8000
G1 Z1 F8000
G1 X500.85372 Y103.18485 F8000
G1 X526.60668 Y118.05336 F8000
G0 Z0
G1 X526.67471 Y118.40636 F8000
G1 Z1 F8000
G1 X526.67471 Y118.40636 F8000
G1 X549.44849 Y141.18012 F8000
G0 Z0
G1 X549.34957 Y141.43465 F8000
G1 Z1 F8000
G1 X549.34957 Y141.43465 F8000
G1 X526.32445 Y118.40954 F8000
G0 Z0
G1 X525.96168 Y118.40031 F8000
G1 Z1 F8000
G1 X525.96168 Y118.40031 F8000
G1 X549.24426 Y141.68288 F8000
G0 Z0
G1 X549.13456 Y141.92686 F8000
G1 Z1 F8000
G1 X549.13456 Y141.92686 F8000
G1 X525.5932 Y118.38549 F8000
G0 Z0
G1 X525.57989 Y118.03775 F8000
G1 Z1 F8000
G1 X525.57989 Y118.03775 F8000
G1 X500.87523 Y103.7745 F8000
G0 Z0
G1 X500.86067 Y103.47737 F8000
G1 Z1 F8000
G1 X500.86067 Y103.47737 F8000
G1 X526.10244 Y118.05071 F8000
G0 Z0
G1 X525.2059 Y118.35175 F8000
G1 Z1 F8000
G1 X525.2059 Y118.35175 F8000
G1 X549.01754 Y142.16337 F8000
G0 Z0
G1 X548.89493 Y142.39435 F8000
G1 Z1 F8000
G1 X548.89493 Y142.39435 F8000
G1 X524.81114 Y118.31056 F8000
G0 Z0
G1 X525.03154 Y118.00983 F8000
G1 Z1 F8000
G1 X525.03154 Y118.00983 F8000
G1 X500.897 Y104.07576 F8000
G0 Z0
G1 X500.92746 Y104.38201 F8000
G1 Z1 F8000
G1 X500.92746 Y104.38201 F8000
G1 X524.43287 Y117.95287 F8000
G0 Z0
G1 X524.39934 Y118.25232 F8000
G1 Z1 F8000
G1 X524.39934 Y118.25232 F8000
G1 X548.76849 Y142.62144 F8000
G0 Z0
G1 X548.63432 Y142.84083 F8000
G1 Z1 F8000
G1 X548.63432 Y142.84083 F8000
G1 X523.96945 Y118.17597 F8000
G0 Z0
G1 X523.69685 Y117.81661 F8000
G1 Z1 F8000
G1 X523.69685 Y117.81661 F8000
G1 X500.96537 Y104.69258 F8000
G0 Z0
G1 X501.01471 Y105.00974 F8000
G1 Z1 F8000
G1 X501.01471 Y105.00974 F8000
G1 X516.53746 Y113.97181 F8000
G0 Z0
G1 X516.2212 Y114.07788 F8000
G1 Z1 F8000
G1 X516.2212 Y114.07788 F8000
G1 X501.07036 Y105.33054 F8000
G0 Z0
G1 X501.14248 Y105.66085 F8000
G1 Z1 F8000
G1 X501.14248 Y105.66085 F8000
G1 X515.90105 Y114.18173 F8000
G0 Z0
G1 X516.02255 Y114.47172 F8000
G1 Z1 F8000
G1 X516.02255 Y114.47172 F8000
G1 X546.63557 Y145.08474 F8000
G0 Z0
G1 X546.82957 Y144.92517 F8000
G1 Z1 F8000
G1 X546.82957 Y144.92517 F8000
G1 X516.30441 Y114.40002 F8000
G0 Z0
G1 X516.61305 Y114.35509 F8000
G1 Z1 F8000
G1 X516.61305 Y114.35509 F8000
G1 X547.0203 Y144.76237 F8000
G0 Z0
G1 X547.20329 Y144.59177 F8000
G1 Z1 F8000
G1 X547.20329 Y144.59177 F8000
G1 X517.77044 Y115.15895 F8000
G0 Z0
G1 X517.50636 Y114.5312 F8000
G1 Z1 F8000
G1 X517.50636 Y114.5312 F8000
G1 X522.75551 Y117.56179 F8000
G0 Z0
G1 X522.55655 Y117.8237 F8000
G1 Z1 F8000
G1 X522.55655 Y117.8237 F8000
G1 X548.20307 Y143.47025 F8000
G0 Z0
G1 X548.04948 Y143.67022 F8000
G1 Z1 F8000
G1 X548.04948 Y143.67022 F8000
G1 X522.02426 Y117.64497 F8000
G0 Z0
G1 X521.45059 Y117.42487 F8000
G1 Z1 F8000
G1 X521.45059 Y117.42487 F8000
G1 X547.8907 Y143.86498 F8000
G0 Z0
G1 X547.72576 Y144.05361 F8000
G1 Z1 F8000
G1 X547.72576 Y144.05361 F8000
G1 X520.81781 Y117.14562 F8000
G0 Z0
G1 X521.38629 Y117.05995 F8000
G1 Z1 F8000
G1 X521.38629 Y117.05995 F8000
G1 X518.65571 Y115.48346 F8000
G0 Z0
G1 X519.23176 Y116.2667 F8000
G1 Z1 F8000
G1 X519.23176 Y116.2667 F8000
G1 X547.3827 Y144.41765 F8000
G0 Z0
G1 X547.55759 Y144.23897 F8000
G1 Z1 F8000
G1 X547.55759 Y144.23897 F8000
G1 X520.097 Y116.77841 F8000
G0 Z0
G1 X523.05605 Y117.96967 F8000
G1 Z1 F8000
G1 X523.05605 Y117.96967 F8000
G1 X548.3533 Y143.26692 F8000
G0 Z0
G1 X548.49578 Y143.05586 F8000
G1 Z1 F8000
G1 X548.49578 Y143.05586 F8000
G1 X523.52463 Y118.08468 F8000
G0 Z0
G1 X527.0174 Y118.39546 F8000
G1 Z1 F8000
G1 X527.0174 Y118.39546 F8000
G1 X549.53967 Y140.91776 F8000
G0 Z0
G1 X549.62571 Y140.65016 F8000
G1 Z1 F8000
G1 X549.62571 Y140.65016 F8000
G1 X527.35117 Y118.37562 F8000
G0 Z0
G1 X527.67711 Y118.34802 F8000
G1 Z1 F8000
G1 X527.67711 Y118.34802 F8000
G1 X549.70514 Y140.37603 F8000
G0 Z0
G1 X549.77142 Y140.08877 F8000
G1 Z1 F8000
G1 X549.77142 Y140.08877 F8000
G1 X527.99583 Y118.31318 F8000
G0 Z0
G1 X528.30766 Y118.27145 F8000
G1 Z1 F8000
G1 X528.30766 Y118.27145 F8000
G1 X549.83307 Y139.79685 F8000
G0 Z0
G1 X549.87982 Y139.49004 F8000
G1 Z1 F8000
G1 X549.87982 Y139.49004 F8000
G1 X528.61249 Y118.22274 F8000
G0 Z0
G1 X528.91234 Y118.16901 F8000
G1 Z1 F8000
G1 X528.91234 Y118.16901 F8000
G1 X549.91945 Y139.17614 F8000
G0 Z0
G1 X550.22716 Y139.22398 F8000
G1 Z1 F8000
G1 X550.22716 Y139.22398 F8000
G1 X557.16391 Y151.23877 F8000
G0 Z0
G1 X556.84958 Y151.19434 F8000
G1 Z1 F8000
G1 X556.84958 Y151.19434 F8000
G1 X550.17112 Y139.62691 F8000
G0 Z0
G1 X550.10143 Y140.00622 F8000
G1 Z1 F8000
G1 X550.10143 Y140.00622 F8000
G1 X556.54375 Y151.16463 F8000
G0 Z0
G1 X556.2453 Y151.1477 F8000
G1 Z1 F8000
G1 X556.2453 Y151.1477 F8000
G1 X550.01997 Y140.3651 F8000
G0 Z0
G1 X549.92821 Y140.70615 F8000
G1 Z1 F8000
G1 X549.92821 Y140.70615 F8000
G1 X555.95367 Y151.14256 F8000
G0 Z0
G1 X555.66851 Y151.14865 F8000
G1 Z1 F8000
G1 X555.66851 Y151.14865 F8000
G1 X549.82738 Y141.03151 F8000
G0 Z0
G1 X549.71845 Y141.34284 F8000
G1 Z1 F8000
G1 X549.71845 Y141.34284 F8000
G1 X555.38995 Y151.16616 F8000
G0 Z0
G1 X555.11759 Y151.19442 F8000
G1 Z1 F8000
G1 X555.11759 Y151.19442 F8000
G1 X549.60224 Y141.64158 F8000
G0 Z0
G1 X549.47945 Y141.92887 F8000
G1 Z1 F8000
G1 X549.47945 Y141.92887 F8000
G1 X554.85139 Y151.2334 F8000
G0 Z0
G1 X554.59149 Y151.28322 F8000
G1 Z1 F8000
G1 X554.59149 Y151.28322 F8000
G1 X549.3493 Y142.20348 F8000
G0 Z0
G1 X549.21309 Y142.46756 F8000
G1 Z1 F8000
G1 X549.21309 Y142.46756 F8000
G1 X554.33805 Y151.34423 F8000
G0 Z0
G1 X554.08717 Y151.40969 F8000
G1 Z1 F8000
G1 X554.08717 Y151.40969 F8000
G1 X549.07175 Y142.72272 F8000
G0 Z0
G1 X548.9256 Y142.96958 F8000
G1 Z1 F8000
G1 X548.9256 Y142.96958 F8000
G1 X553.83666 Y151.47583 F8000
G0 Z0
G1 X553.58229 Y151.53521 F8000
G1 Z1 F8000
G1 X553.58229 Y151.53521 F8000
G1 X548.77449 Y143.20789 F8000
G0 Z0
G1 X548.61754 Y143.43601 F8000
G1 Z1 F8000
G1 X548.61754 Y143.43601 F8000
G1 X553.2812 Y151.51372 F8000
G0 Z0
G1 X553.03181 Y151.82546 F8000
G1 Z1 F8000
G1 X553.03181 Y151.82546 F8000
G1 X553.03181 Y180.72896 F8000
G0 Z0
G1 X552.78181 Y180.73863 F8000
G1 Z1 F8000
G1 X552.78181 Y180.73863 F8000
G1 X552.78181 Y151.52035 F8000
G0 Z0
G1 X552.53181 Y151.23887 F8000
G1 Z1 F8000
G1 X552.53181 Y151.23887 F8000
G1 X552.53181 Y180.74462 F8000
G0 Z0
G1 X552.28181 Y180.74541 F8000
G1 Z1 F8000
G1 X552.28181 Y180.74541 F8000
G1 X552.28181 Y150.98214 F8000
G0 Z0
G1 X552.03181 Y150.74632 F8000
G1 Z1 F8000
G1 X552.03181 Y150.74632 F8000
G1 X552.03181 Y180.73941 F8000
G0 Z0
G1 X551.78181 Y180.7314 F8000
G1 Z1 F8000
G1 X551.78181 Y180.7314 F8000
G1 X551.78181 Y150.52852 F8000
G0 Z0
G1 X552.03472 Y150.35474 F8000
G1 Z1 F8000
G1 X552.03472 Y150.35474 F8000
G1 X548.29195 Y143.87207 F8000
G0 Z0
G1 X548.12256 Y144.07869 F8000
G1 Z1 F8000
G1 X548.12256 Y144.07869 F8000
G1 X551.49393 Y149.91807 F8000
G0 Z0
G1 X551.28181 Y150.13854 F8000
G1 Z1 F8000
G1 X551.28181 Y150.13854 F8000
G1 X551.28181 Y180.69435 F8000
G0 Z0
G1 X551.53181 Y180.71287 F8000
G1 Z1 F8000
G1 X551.53181 Y180.71287 F8000
G1 X551.53181 Y150.32651 F8000
G0 Z0
G1 X551.03181 Y149.96323 F8000
G1 Z1 F8000
G1 X551.03181 Y149.96323 F8000
G1 X551.03181 Y180.66221 F8000
G0 Z0
G1 X550.78181 Y180.6294 F8000
G1 Z1 F8000
G1 X550.78181 Y180.6294 F8000
G1 X550.78181 Y149.80165 F8000
G0 Z0
G1 X550.53181 Y149.65208 F8000
G1 Z1 F8000
G1 X550.53181 Y149.65208 F8000
G1 X550.53181 Y180.58087 F8000
G0 Z0
G1 X550.28181 Y180.53013 F8000
G1 Z1 F8000
G1 X550.28181 Y180.53013 F8000
G1 X550.28181 Y149.51247 F8000
G0 Z0
G1 X550.03181 Y149.38221 F8000
G1 Z1 F8000
G1 X550.03181 Y149.38221 F8000
G1 X550.03181 Y180.46323 F8000
G0 Z0
G1 X549.78181 Y180.39285 F8000
G1 Z1 F8000
G1 X549.78181 Y180.39285 F8000
G1 X549.78181 Y149.26145 F8000
G0 Z0
G1 X549.53181 Y149.15267 F8000
G1 Z1 F8000
G1 X549.53181 Y149.15267 F8000
G1 X549.53181 Y180.31529 F8000
G0 Z0
G1 X549.28181 Y180.22947 F8000
G1 Z1 F8000
G1 X549.28181 Y180.22947 F8000
G1 X549.28181 Y149.05199 F8000
G0 Z0
G1 X549.03181 Y148.95911 F8000
G1 Z1 F8000
G1 X549.03181 Y148.95911 F8000
G1 X549.03181 Y180.13833 F8000
G0 Z0
G1 X548.78181 Y180.03676 F8000
G1 Z1 F8000
G1 X548.78181 Y180.03676 F8000
G1 X548.78181 Y148.87568 F8000
G0 Z0
G1 X548.53181 Y148.80252 F8000
G1 Z1 F8000
G1 X548.53181 Y148.80252 F8000
G1 X548.53181 Y179.92634 F8000
G0 Z0
G1 X548.28181 Y179.80846 F8000
G1 Z1 F8000
G1 X548.28181 Y179.80846 F8000
G1 X548.28181 Y148.73671 F8000
G0 Z0
G1 X548.03181 Y148.67843 F8000
G1 Z1 F8000
G1 X548.03181 Y148.67843 F8000
G1 X548.03181 Y179.6794 F8000
G0 Z0
G1 X547.78181 Y179.53846 F8000
G1 Z1 F8000
G1 X547.78181 Y179.53846 F8000
G1 X547.78181 Y148.63801 F8000
G0 Z0
G1 X547.53181 Y148.60957 F8000
G1 Z1 F8000
G1 X547.53181 Y148.60957 F8000
G1 X547.53181 Y179.38797 F8000
G0 Z0
G1 X547.28181 Y179.22794 F8000
G1 Z1 F8000
G1 X547.28181 Y179.22794 F8000
G1 X547.28181 Y148.58719 F8000
G0 Z0
G1 X547.03181 Y148.57469 F8000
G1 Z1 F8000
G1 X547.03181 Y148.57469 F8000
G1 X547.03181 Y179.0606 F8000
G0 Z0
G1 X546.78181 Y178.89326 F8000
G1 Z1 F8000
G1 X546.78181 Y178.89326 F8000
G1 X546.78181 Y148.56525 F8000
G0 Z0
G1 X546.53181 Y148.5617 F8000
G1 Z1 F8000
G1 X546.53181 Y148.5617 F8000
G1 X546.53181 Y178.77299 F8000
G0 Z0
G1 X546.28181 Y179.09607 F8000
G1 Z1 F8000
G1 X546.28181 Y179.09607 F8000
G1 X546.28181 Y148.56214 F8000
G0 Z0
G1 X546.03181 Y148.56695 F8000
G1 Z1 F8000
G1 X546.03181 Y148.56695 F8000
G1 X546.03181 Y179.40781 F8000
G0 Z0
G1 X545.78181 Y179.6719 F8000
G1 Z1 F8000
G1 X545.78181 Y179.6719 F8000
G1 X545.78181 Y148.57734 F8000
G0 Z0
G1 X545.53181 Y148.59121 F8000
G1 Z1 F8000
G1 X545.53181 Y148.59121 F8000
G1 X545.53181 Y179.89357 F8000
G0 Z0
G1 X545.28181 Y180.08247 F8000
G1 Z1 F8000
G1 X545.28181 Y180.08247 F8000
G1 X545.28181 Y148.61485 F8000
G0 Z0
G1 X545.03181 Y148.64502 F8000
G1 Z1 F8000
G1 X545.03181 Y148.64502 F8000
G1 X545.03181 Y180.24166 F8000
G0 Z0
G1 X544.78181 Y180.37437 F8000
G1 Z1 F8000
G1 X544.78181 Y180.37437 F8000
G1 X544.77785 Y148.68842 F8000
G1 X545.93577 Y148.5688 F8000
G1 X547.41651 Y148.59668 F8000
G1 X548.33367 Y148.74775 F8000
G1 X549.38396 Y149.09008 F8000
G1 X550.48051 Y149.62057 F8000
G1 X551.49672 Y150.29705 F8000
G1 X552.40283 Y151.1011 F8000
G1 X553.22018 Y152.06191 F8000
G1 X554.17335 Y151.71878 F8000
G1 X554.95172 Y151.55406 F8000
G1 X556.02626 Y151.47633 F8000
G1 X556.97891 Y151.53239 F8000
G1 X557.84779 Y151.72086 F8000
G1 X558.69964 Y152.03992 F8000
G1 X559.37544 Y152.41053 F8000
G1 X560.09034 Y152.95228 F8000
G1 X561.04106 Y153.94396 F8000
G1 X561.73618 Y155.04557 F8000
G1 X562.17022 Y156.25211 F8000
G1 X562.33698 Y157.45377 F8000
G1 X562.26867 Y158.80103 F8000
G1 X561.9501 Y160.03644 F8000
G1 X561.37135 Y161.17658 F8000
G1 X560.43572 Y162.4008 F8000
G1 X593.05648 Y162.44843 F8000
G1 X593.05648 Y169.72987 F8000
G1 X561.36859 Y169.72987 F8000
G1 X561.50582 Y171.16718 F8000
G1 X561.43 Y173.06694 F8000
G1 X561.20852 Y174.12683 F8000
G1 X560.74642 Y175.36126 F8000
G1 X560.07257 Y176.58541 F8000
G1 X559.16495 Y177.75863 F8000
G1 X558.08387 Y178.76998 F8000
G1 X556.84832 Y179.60033 F8000
G1 X555.57251 Y180.19513 F8000
G1 X554.23632 Y180.58787 F8000
G1 X552.9313 Y180.73568 F8000
G1 X551.42497 Y180.70793 F8000
G1 X550.28124 Y180.53001 F8000
G1 X548.88355 Y180.08052 F8000
G1 X547.80851 Y179.55644 F8000
G1 X546.5558 Y178.74198 F8000
G1 X545.58409 Y179.85268 F8000
G1 X544.55019 Y180.47985 F8000
G1 X543.9875 Y180.66237 F8000
G1 X543.31095 Y180.76613 F8000
G1 X542.62864 Y180.75336 F8000
G1 X541.95725 Y180.6252 F8000
G1 X541.13694 Y180.29266 F8000
G1 X540.39772 Y179.77361 F8000
G1 X539.83737 Y179.15758 F8000
G1 X539.24486 Y178.18913 F8000
G1 X537.81559 Y177.94455 F8000
G1 X536.66842 Y177.61527 F8000
G1 X535.49766 Y177.11553 F8000
G1 X534.43218 Y176.48475 F8000
G1 X533.64034 Y175.87055 F8000
G1 X533.01345 Y175.25715 F8000
G1 X532.42371 Y174.51674 F8000
G1 X531.99909 Y173.8048 F8000
G1 X531.57373 Y172.68125 F8000
G1 X531.41294 Y171.44882 F8000
G1 X531.52449 Y170.31669 F8000
G1 X531.91198 Y169.12746 F8000
G1 X532.5612 Y168.0095 F8000
G1 X533.37896 Y167.06965 F8000
G1 X534.30176 Y166.30889 F8000
G1 X535.76237 Y165.37408 F8000
G1 X534.18337 Y164.70873 F8000
G1 X533.21707 Y164.14065 F8000
G1 X532.24219 Y163.29384 F8000
G1 X531.46558 Y162.35884 F8000
G1 X530.82714 Y161.24479 F8000
G1 X530.40168 Y160.0311 F8000
G1 X530.19128 Y158.72347 F8000
G1 X530.19496 Y157.3644 F8000
G1 X530.32151 Y156.50509 F8000
G1 X530.53127 Y155.76354 F8000
G1 X531.33505 Y154.06482 F8000
G1 X531.78736 Y153.4705 F8000
G1 X532.55025 Y152.69265 F8000
G1 X533.82847 Y151.70032 F8000
G1 X535.36281 Y151.02883 F8000
G1 X536.94168 Y150.73943 F8000
G1 X538.47795 Y150.78331 F8000
G1 X540.32579 Y151.19389 F8000
G1 X541.36392 Y150.27658 F8000
G1 X542.44041 Y149.56527 F8000
G1 X543.51263 Y149.06704 F8000
G1 X544.77785 Y148.68898 F8000
G0 Z0
G1 X544.53181 Y148.7522 F8000
G1 Z1 F8000
G1 X544.53181 Y148.7522 F8000
G1 X544.53181 Y180.48546 F8000
G0 Z0
G1 X544.28181 Y180.57674 F8000
G1 Z1 F8000
G1 X544.28181 Y180.57674 F8000
G1 X544.28181 Y148.81645 F8000
G0 Z0
G1 X544.03181 Y148.89189 F8000
G1 Z1 F8000
G1 X544.03181 Y148.89189 F8000
G1 X544.03181 Y180.64959 F8000
G0 Z0
G1 X543.78181 Y180.7051 F8000
G1 Z1 F8000
G1 X543.78181 Y180.7051 F8000
G1 X543.78181 Y148.97366 F8000
G0 Z0
G1 X543.53181 Y149.06292 F8000
G1 Z1 F8000
G1 X543.53181 Y149.06292 F8000
G1 X543.53181 Y180.74406 F8000
G0 Z0
G1 X543.28181 Y180.76702 F8000
G1 Z1 F8000
G1 X543.28181 Y180.76702 F8000
G1 X543.28181 Y149.1639 F8000
G0 Z0
G1 X543.03181 Y149.2697 F8000
G1 Z1 F8000
G1 X543.03181 Y149.2697 F8000
G1 X543.03181 Y180.77433 F8000
G0 Z0
G1 X542.78181 Y180.76613 F8000
G1 Z1 F8000
G1 X542.78181 Y180.76613 F8000
G1 X542.78181 Y149.39158 F8000
G0 Z0
G1 X542.53181 Y149.51691 F8000
G1 Z1 F8000
G1 X542.53181 Y149.51691 F8000
G1 X542.53181 Y180.74185 F8000
G0 Z0
G1 X542.28181 Y180.70124 F8000
G1 Z1 F8000
G1 X542.28181 Y180.70124 F8000
G1 X542.28181 Y149.66137 F8000
G0 Z0
G1 X542.03181 Y149.80945 F8000
G1 Z1 F8000
G1 X542.03181 Y149.80945 F8000
G1 X542.03181 Y180.64419 F8000
G0 Z0
G1 X541.78181 Y180.56997 F8000
G1 Z1 F8000
G1 X541.78181 Y180.56997 F8000
G1 X541.78181 Y149.9781 F8000
G0 Z0
G1 X541.59126 Y149.76578 F8000
G1 Z1 F8000
G1 X541.59126 Y149.76578 F8000
G1 X540.18461 Y147.32939 F8000
G0 Z0
G1 X540.48851 Y147.35574 F8000
G1 Z1 F8000
G1 X540.48851 Y147.35574 F8000
G1 X541.80039 Y149.62798 F8000
G0 Z0
G1 X542.00975 Y149.49072 F8000
G1 Z1 F8000
G1 X542.00975 Y149.49072 F8000
G1 X540.78476 Y147.36897 F8000
G0 Z0
G1 X541.07646 Y147.37421 F8000
G1 Z1 F8000
G1 X541.07646 Y147.37421 F8000
G1 X542.22539 Y149.36422 F8000
G0 Z0
G1 X542.44103 Y149.23777 F8000
G1 Z1 F8000
G1 X542.44103 Y149.23777 F8000
G1 X541.36081 Y147.3668 F8000
G0 Z0
G1 X541.64132 Y147.35264 F8000
G1 Z1 F8000
G1 X541.64132 Y147.35264 F8000
G1 X542.66248 Y149.12136 F8000
G0 Z0
G1 X542.88524 Y149.00719 F8000
G1 Z1 F8000
G1 X542.88524 Y149.00719 F8000
G1 X541.91577 Y147.32804 F8000
G0 Z0
G1 X542.18623 Y147.29645 F8000
G1 Z1 F8000
G1 X542.18623 Y147.29645 F8000
G1 X543.11323 Y148.9021 F8000
G0 Z0
G1 X543.34363 Y148.80113 F8000
G1 Z1 F8000
G1 X543.34363 Y148.80113 F8000
G1 X542.45275 Y147.25808 F8000
G0 Z0
G1 X542.71429 Y147.21106 F8000
G1 Z1 F8000
G1 X542.71429 Y147.21106 F8000
G1 X543.579 Y148.70879 F8000
G0 Z0
G1 X543.81736 Y148.62167 F8000
G1 Z1 F8000
G1 X543.81736 Y148.62167 F8000
G1 X542.97469 Y147.16212 F8000
G0 Z0
G1 X543.22933 Y147.10317 F8000
G1 Z1 F8000
G1 X543.22933 Y147.10317 F8000
G1 X544.06067 Y148.54308 F8000
G0 Z0
G1 X544.30716 Y148.47001 F8000
G1 Z1 F8000
G1 X544.30716 Y148.47001 F8000
G1 X543.48028 Y147.03782 F8000
G0 Z0
G1 X543.72852 Y146.96778 F8000
G1 Z1 F8000
G1 X543.72852 Y146.96778 F8000
G1 X544.56 Y148.40793 F8000
G0 Z0
G1 X544.81662 Y148.3524 F8000
G1 Z1 F8000
G1 X544.81662 Y148.3524 F8000
G1 X543.97199 Y146.88946 F8000
G0 Z0
G1 X544.21212 Y146.80541 F8000
G1 Z1 F8000
G1 X544.21212 Y146.80541 F8000
G1 X545.08287 Y148.31361 F8000
G0 Z0
G1 X545.35102 Y148.27802 F8000
G1 Z1 F8000
G1 X545.35102 Y148.27802 F8000
G1 X544.44972 Y146.71693 F8000
G0 Z0
G1 X544.68244 Y146.62012 F8000
G1 Z1 F8000
G1 X544.68244 Y146.62012 F8000
G1 X545.62696 Y148.25606 F8000
G0 Z0
G1 X545.90511 Y148.23783 F8000
G1 Z1 F8000
G1 X545.90511 Y148.23783 F8000
G1 X544.91226 Y146.51815 F8000
G0 Z0
G1 X545.13957 Y146.41189 F8000
G1 Z1 F8000
G1 X545.13957 Y146.41189 F8000
G1 X546.18935 Y148.23016 F8000
G0 Z0
G1 X546.47698 Y148.22834 F8000
G1 Z1 F8000
G1 X546.47698 Y148.22834 F8000
G1 X545.3619 Y146.29696 F8000
G0 Z0
G1 X545.58158 Y146.1775 F8000
G1 Z1 F8000
G1 X545.58158 Y146.1775 F8000
G1 X546.76959 Y148.23521 F8000
G0 Z0
G1 X547.06756 Y148.2513 F8000
G1 Z1 F8000
G1 X547.06756 Y148.2513 F8000
G1 X545.79875 Y146.05364 F8000
G0 Z0
G1 X546.01084 Y145.92109 F8000
G1 Z1 F8000
G1 X546.01084 Y145.92109 F8000
G1 X547.36934 Y148.27406 F8000
G0 Z0
G1 X547.68055 Y148.31308 F8000
G1 Z1 F8000
G1 X547.68055 Y148.31308 F8000
G1 X546.22042 Y145.78411 F8000
G0 Z0
G1 X546.42735 Y145.64248 F8000
G1 Z1 F8000
G1 X546.42735 Y145.64248 F8000
G1 X547.99733 Y148.36179 F8000
G0 Z0
G1 X548.3246 Y148.42863 F8000
G1 Z1 F8000
G1 X548.3246 Y148.42863 F8000
G1 X546.62925 Y145.49222 F8000
G0 Z0
G1 X546.82856 Y145.33744 F8000
G1 Z1 F8000
G1 X546.82856 Y145.33744 F8000
G1 X548.668 Y148.52343 F8000
G0 Z0
G1 X549.01611 Y148.6264 F8000
G1 Z1 F8000
G1 X549.01611 Y148.6264 F8000
G1 X547.02517 Y145.17795 F8000
G0 Z0
G1 X547.21657 Y145.00947 F8000
G1 Z1 F8000
G1 X547.21657 Y145.00947 F8000
G1 X549.38092 Y148.75824 F8000
G0 Z0
G1 X549.75835 Y148.91194 F8000
G1 Z1 F8000
G1 X549.75835 Y148.91194 F8000
G1 X547.40514 Y144.83611 F8000
G0 Z0
G1 X547.59085 Y144.65773 F8000
G1 Z1 F8000
G1 X547.59085 Y144.65773 F8000
G1 X550.149 Y149.0886 F8000
G0 Z0
G1 X550.56588 Y149.31064 F8000
G1 Z1 F8000
G1 X550.56588 Y149.31064 F8000
G1 X547.77146 Y144.47059 F8000
G0 Z0
G1 X547.94862 Y144.27744 F8000
G1 Z1 F8000
G1 X547.94862 Y144.27744 F8000
G1 X551.0111 Y149.58179 F8000
G0 Z0
G1 X552.67424 Y150.96241 F8000
G1 Z1 F8000
G1 X552.67424 Y150.96241 F8000
G1 X548.45662 Y143.65729 F8000
G0 Z0
G1 X546.43629 Y145.23899 F8000
G1 Z1 F8000
G1 X546.43629 Y145.23899 F8000
G1 X515.74553 Y114.54823 F8000
G0 Z0
G1 X515.46851 Y114.62478 F8000
G1 Z1 F8000
G1 X515.46851 Y114.62478 F8000
G1 X546.23068 Y145.38695 F8000
G0 Z0
G1 X546.02134 Y145.53117 F8000
G1 Z1 F8000
G1 X546.02134 Y145.53117 F8000
G1 X515.1893 Y114.6991 F8000
G0 Z0
G1 X514.90876 Y114.77213 F8000
G1 Z1 F8000
G1 X514.90876 Y114.77213 F8000
G1 X545.80317 Y145.66653 F8000
G0 Z0
G1 X545.58499 Y145.80192 F8000
G1 Z1 F8000
G1 X545.58499 Y145.80192 F8000
G1 X514.61804 Y114.83496 F8000
G0 Z0
G1 X514.30723 Y114.87769 F8000
G1 Z1 F8000
G1 X514.30723 Y114.87769 F8000
G1 X545.36166 Y145.93212 F8000
G0 Z0
G1 X545.13184 Y146.05587 F8000
G1 Z1 F8000
G1 X545.13184 Y146.05587 F8000
G1 X513.97711 Y114.90114 F8000
G0 Z0
G1 X514.08522 Y114.57673 F8000
G1 Z1 F8000
G1 X514.08522 Y114.57673 F8000
G1 X501.69684 Y107.4243 F8000
G0 Z0
G1 X501.54827 Y107.04983 F8000
G1 Z1 F8000
G1 X501.54827 Y107.04983 F8000
G1 X514.49874 Y114.5268 F8000
G0 Z0
G1 X514.88188 Y114.45933 F8000
G1 Z1 F8000
G1 X514.88188 Y114.45933 F8000
G1 X501.42696 Y106.69114 F8000
G0 Z0
G1 X501.3175 Y106.33927 F8000
G1 Z1 F8000
G1 X501.3175 Y106.33927 F8000
G1 X515.23772 Y114.3761 F8000
G0 Z0
G1 X515.57493 Y114.28212 F8000
G1 Z1 F8000
G1 X515.57493 Y114.28212 F8000
G1 X501.22056 Y105.99462 F8000
G0 Z0
G1 X501.86329 Y107.80908 F8000
G1 Z1 F8000
G1 X501.86329 Y107.80908 F8000
G1 X513.64082 Y114.60882 F8000
G0 Z0
G1 X513.63389 Y114.91145 F8000
G1 Z1 F8000
G1 X513.63389 Y114.91145 F8000
G1 X544.89668 Y146.17424 F8000
G0 Z0
G1 X544.65437 Y146.2855 F8000
G1 Z1 F8000
G1 X544.65437 Y146.2855 F8000
G1 X513.28313 Y114.91423 F8000
G0 Z0
G1 X513.17074 Y114.62602 F8000
G1 Z1 F8000
G1 X513.17074 Y114.62602 F8000
G1 X502.05175 Y108.20649 F8000
G0 Z0
G1 X502.26831 Y108.62019 F8000
G1 Z1 F8000
G1 X502.26831 Y108.62019 F8000
G1 X512.68327 Y114.63325 F8000
G0 Z0
G1 X512.5791 Y114.91841 F8000
G1 Z1 F8000
G1 X512.5791 Y114.91841 F8000
G1 X544.15193 Y146.49121 F8000
G0 Z0
G1 X544.40625 Y146.39199 F8000
G1 Z1 F8000
G1 X544.40625 Y146.39199 F8000
G1 X512.93113 Y114.91688 F8000
G0 Z0
G1 X512.22419 Y114.91577 F8000
G1 Z1 F8000
G1 X512.22419 Y114.91577 F8000
G1 X543.89097 Y146.58255 F8000
G0 Z0
G1 X543.62297 Y146.66811 F8000
G1 Z1 F8000
G1 X543.62297 Y146.66811 F8000
G1 X511.86817 Y114.91331 F8000
G0 Z0
G1 X511.67984 Y114.63063 F8000
G1 Z1 F8000
G1 X511.67984 Y114.63063 F8000
G1 X502.82841 Y109.52028 F8000
G0 Z0
G1 X502.52678 Y109.05744 F8000
G1 Z1 F8000
G1 X502.52678 Y109.05744 F8000
G1 X512.18434 Y114.63325 F8000
G0 Z0
G1 X511.51214 Y114.91066 F8000
G1 Z1 F8000
G1 X511.51214 Y114.91066 F8000
G1 X543.34746 Y146.74601 F8000
G0 Z0
G1 X543.06354 Y146.81562 F8000
G1 Z1 F8000
G1 X543.06354 Y146.81562 F8000
G1 X511.15041 Y114.90249 F8000
G0 Z0
G1 X511.14996 Y114.61343 F8000
G1 Z1 F8000
G1 X511.14996 Y114.61343 F8000
G1 X503.18671 Y110.01584 F8000
G0 Z0
G1 X503.62256 Y110.55615 F8000
G1 Z1 F8000
G1 X503.62256 Y110.55615 F8000
G1 X510.5216 Y114.53929 F8000
G0 Z0
G1 X510.37705 Y114.83634 F8000
G1 Z1 F8000
G1 X510.37705 Y114.83634 F8000
G1 X542.4686 Y146.92788 F8000
G0 Z0
G1 X542.77056 Y146.87629 F8000
G1 Z1 F8000
G1 X542.77056 Y146.87629 F8000
G1 X510.77718 Y114.88291 F8000
G0 Z0
G1 X509.92078 Y114.7336 F8000
G1 Z1 F8000
G1 X509.92078 Y114.7336 F8000
G1 X542.15702 Y146.96984 F8000
G0 Z0
G1 X541.83516 Y147.00154 F8000
G1 Z1 F8000
G1 X541.83516 Y147.00154 F8000
G1 X509.44117 Y114.60755 F8000
G0 Z0
G1 X509.66736 Y114.3348 F8000
G1 Z1 F8000
G1 X509.66736 Y114.3348 F8000
G1 X504.1976 Y111.17683 F8000
G0 Z0
G1 X504.99048 Y111.92325 F8000
G1 Z1 F8000
G1 X504.99048 Y111.92325 F8000
G1 X508.60659 Y114.01102 F8000
G0 Z0
G1 X508.491 Y114.36438 F8000
G1 Z1 F8000
G1 X508.491 Y114.36438 F8000
G1 X541.15756 Y147.03094 F8000
G0 Z0
G1 X541.50226 Y147.02221 F8000
G1 Z1 F8000
G1 X541.50226 Y147.02221 F8000
G1 X508.95553 Y114.47545 F8000
G0 Z0
G1 X508.13495 Y114.36173 F8000
G1 Z1 F8000
G1 X508.13495 Y114.36173 F8000
G1 X540.79889 Y147.02567 F8000
G0 Z0
G1 X540.43009 Y147.01033 F8000
G1 Z1 F8000
G1 X540.43009 Y147.01033 F8000
G1 X507.9364 Y114.51662 F8000
G0 Z0
G1 X507.79123 Y114.725 F8000
G1 Z1 F8000
G1 X507.79123 Y114.725 F8000
G1 X540.04774 Y146.98151 F8000
G0 Z0
G1 X539.87451 Y147.29229 F8000
G1 Z1 F8000
G1 X539.87451 Y147.29229 F8000
G1 X541.38587 Y149.91 F8000
G0 Z0
G1 X541.18256 Y150.05788 F8000
G1 Z1 F8000
G1 X541.18256 Y150.05788 F8000
G1 X539.55765 Y147.24342 F8000
G0 Z0
G1 X539.64483 Y146.93217 F8000
G1 Z1 F8000
G1 X539.64483 Y146.93217 F8000
G1 X507.65716 Y114.94447 F8000
G0 Z0
G1 X507.52932 Y115.17019 F8000
G1 Z1 F8000
G1 X507.52932 Y115.17019 F8000
G1 X539.21737 Y146.85824 F8000
G0 Z0
G1 X539.2321 Y147.17958 F8000
G1 Z1 F8000
G1 X539.2321 Y147.17958 F8000
G1 X540.98023 Y150.20745 F8000
G0 Z0
G1 X540.78203 Y150.36416 F8000
G1 Z1 F8000
G1 X540.78203 Y150.36416 F8000
G1 X538.90167 Y147.10727 F8000
G0 Z0
G1 X538.55964 Y147.01482 F8000
G1 Z1 F8000
G1 X538.55964 Y147.01482 F8000
G1 X540.58386 Y150.5209 F8000
G0 Z0
G1 X540.38704 Y150.67997 F8000
G1 Z1 F8000
G1 X540.38704 Y150.67997 F8000
G1 X538.21491 Y146.91777 F8000
G0 Z0
G1 X538.26881 Y146.61681 F8000
G1 Z1 F8000
G1 X538.26881 Y146.61681 F8000
G1 X507.28915 Y115.63715 F8000
G0 Z0
G1 X507.40679 Y115.40123 F8000
G1 Z1 F8000
G1 X507.40679 Y115.40123 F8000
G1 X538.76125 Y146.75569 F8000
G0 Z0
G1 X537.86381 Y146.80964 F8000
G1 Z1 F8000
G1 X537.86381 Y146.80964 F8000
G1 X540.18281 Y150.82625 F8000
G0 Z0
G1 X540.03181 Y151.11932 F8000
G1 Z1 F8000
G1 X540.03181 Y151.11932 F8000
G1 X540.03181 Y179.40044 F8000
G0 Z0
G1 X540.28181 Y179.66374 F8000
G1 Z1 F8000
G1 X540.28181 Y179.66374 F8000
G1 X540.28181 Y151.18274 F8000
G0 Z0
G1 X540.53181 Y150.99996 F8000
G1 Z1 F8000
G1 X540.53181 Y150.99996 F8000
G1 X540.53181 Y179.88565 F8000
G0 Z0
G1 X540.78181 Y180.07487 F8000
G1 Z1 F8000
G1 X540.78181 Y180.07487 F8000
G1 X540.78181 Y150.77141 F8000
G0 Z0
G1 X541.03181 Y150.55004 F8000
G1 Z1 F8000
G1 X541.03181 Y150.55004 F8000
G1 X541.03181 Y180.23208 F8000
G0 Z0
G1 X541.28181 Y180.36549 F8000
G1 Z1 F8000
G1 X541.28181 Y180.36549 F8000
G1 X541.28181 Y150.34658 F8000
G0 Z0
G1 X541.53181 Y150.15224 F8000
G1 Z1 F8000
G1 X541.53181 Y150.15224 F8000
G1 X541.53181 Y180.47752 F8000
G0 Z0
G1 X539.78181 Y179.07724 F8000
G1 Z1 F8000
G1 X539.78181 Y179.07724 F8000
G1 X539.78181 Y151.0559 F8000
G0 Z0
G1 X539.53181 Y150.99249 F8000
G1 Z1 F8000
G1 X539.53181 Y150.99249 F8000
G1 X539.53181 Y178.67978 F8000
G0 Z0
G1 X539.28181 Y178.25231 F8000
G1 Z1 F8000
G1 X539.28181 Y178.25231 F8000
G1 X539.28181 Y150.9337 F8000
G0 Z0
G1 X539.03181 Y150.88049 F8000
G1 Z1 F8000
G1 X539.03181 Y150.88049 F8000
G1 X539.03181 Y178.15595 F8000
G0 Z0
G1 X538.78181 Y178.11701 F8000
G1 Z1 F8000
G1 X538.78181 Y178.11701 F8000
G1 X538.78181 Y150.82957 F8000
G0 Z0
G1 X538.53181 Y150.79614 F8000
G1 Z1 F8000
G1 X538.53181 Y150.79614 F8000
G1 X538.53181 Y178.07808 F8000
G0 Z0
G1 X538.28181 Y178.03346 F8000
G1 Z1 F8000
G1 X538.28181 Y178.03346 F8000
G1 X538.28181 Y150.76272 F8000
G0 Z0
G1 X538.03181 Y150.74389 F8000
G1 Z1 F8000
G1 X538.03181 Y150.74389 F8000
G1 X538.03181 Y177.98677 F8000
G0 Z0
G1 X537.78181 Y177.93459 F8000
G1 Z1 F8000
G1 X537.78181 Y177.93459 F8000
G1 X537.78181 Y150.72973 F8000
G0 Z0
G1 X537.53181 Y150.72313 F8000
G1 Z1 F8000
G1 X537.53181 Y150.72313 F8000
G1 X537.53181 Y177.8722 F8000
G0 Z0
G1 X537.28181 Y177.80951 F8000
G1 Z1 F8000
G1 X537.28181 Y177.80951 F8000
G1 X537.28181 Y150.72809 F8000
G0 Z0
G1 X537.03181 Y150.73393 F8000
G1 Z1 F8000
G1 X537.03181 Y150.73393 F8000
G1 X537.03181 Y177.73109 F8000
G0 Z0
G1 X536.78181 Y177.65266 F8000
G1 Z1 F8000
G1 X536.78181 Y177.65266 F8000
G1 X536.78181 Y150.75828 F8000
G0 Z0
G1 X536.53181 Y150.78262 F8000
G1 Z1 F8000
G1 X536.53181 Y150.78262 F8000
G1 X536.53181 Y177.5618 F8000
G0 Z0
G1 X536.28181 Y177.46679 F8000
G1 Z1 F8000
G1 X536.28181 Y177.46679 F8000
G1 X536.28181 Y150.8215 F8000
G0 Z0
G1 X536.03181 Y150.86591 F8000
G1 Z1 F8000
G1 X536.03181 Y150.86591 F8000
G1 X536.03181 Y177.36223 F8000
G0 Z0
G1 X535.78181 Y177.24983 F8000
G1 Z1 F8000
G1 X535.78181 Y177.24983 F8000
G1 X535.78181 Y150.91981 F8000
G0 Z0
G1 X535.53181 Y150.98547 F8000
G1 Z1 F8000
G1 X535.53181 Y150.98547 F8000
G1 X535.53181 Y165.26385 F8000
G0 Z0
G1 X535.2818 Y165.17159 F8000
G1 Z1 F8000
G1 X535.2818 Y165.17159 F8000
G1 X535.2818 Y151.05502 F8000
G0 Z0
G1 X535.0318 Y151.13949 F8000
G1 Z1 F8000
G1 X535.0318 Y151.13949 F8000
G1 X535.0318 Y165.07628 F8000
G0 Z0
G1 X534.7818 Y164.97405 F8000
G1 Z1 F8000
G1 X534.7818 Y164.97405 F8000
G1 X534.7818 Y151.23531 F8000
G0 Z0
G1 X534.5318 Y151.34243 F8000
G1 Z1 F8000
G1 X534.5318 Y151.34243 F8000
G1 X534.5318 Y164.86872 F8000
G0 Z0
G1 X534.2818 Y164.75275 F8000
G1 Z1 F8000
G1 X534.2818 Y164.75275 F8000
G1 X534.2818 Y151.45936 F8000
G0 Z0
G1 X534.0318 Y151.58744 F8000
G1 Z1 F8000
G1 X534.0318 Y151.58744 F8000
G1 X534.0318 Y164.62991 F8000
G0 Z0
G1 X533.7818 Y164.49591 F8000
G1 Z1 F8000
G1 X533.7818 Y164.49591 F8000
G1 X533.7818 Y151.72931 F8000
G0 Z0
G1 X533.5318 Y151.88948 F8000
G1 Z1 F8000
G1 X533.5318 Y151.88948 F8000
G1 X533.5318 Y164.34565 F8000
G0 Z0
G1 X533.2818 Y164.18359 F8000
G1 Z1 F8000
G1 X533.2818 Y164.18359 F8000
G1 X533.2818 Y152.0695 F8000
G0 Z0
G1 X533.0318 Y152.26747 F8000
G1 Z1 F8000
G1 X533.0318 Y152.26747 F8000
G1 X533.0318 Y164.00125 F8000
G0 Z0
G1 X532.7818 Y163.79628 F8000
G1 Z1 F8000
G1 X532.7818 Y163.79628 F8000
G1 X532.7818 Y152.48235 F8000
G0 Z0
G1 X532.5318 Y152.71213 F8000
G1 Z1 F8000
G1 X532.5318 Y152.71213 F8000
G1 X532.5318 Y163.57344 F8000
G0 Z0
G1 X532.2818 Y163.3328 F8000
G1 Z1 F8000
G1 X532.2818 Y163.3328 F8000
G1 X532.2818 Y152.95442 F8000
G0 Z0
G1 X532.03218 Y152.70919 F8000
G1 Z1 F8000
G1 X532.03218 Y152.70919 F8000
G1 X531.01454 Y150.94661 F8000
G0 Z0
G1 X531.2569 Y150.86639 F8000
G1 Z1 F8000
G1 X531.2569 Y150.86639 F8000
G1 X532.2167 Y152.5288 F8000
G0 Z0
G1 X532.40561 Y152.35602 F8000
G1 Z1 F8000
G1 X532.40561 Y152.35602 F8000
G1 X531.49926 Y150.78614 F8000
G0 Z0
G1 X531.74008 Y150.70325 F8000
G1 Z1 F8000
G1 X531.74008 Y150.70325 F8000
G1 X532.59884 Y152.19068 F8000
G0 Z0
G1 X532.79627 Y152.03262 F8000
G1 Z1 F8000
G1 X532.79627 Y152.03262 F8000
G1 X531.97662 Y150.61295 F8000
G0 Z0
G1 X532.21006 Y150.51733 F8000
G1 Z1 F8000
G1 X532.21006 Y150.51733 F8000
G1 X532.9978 Y151.8817 F8000
G0 Z0
G1 X533.20399 Y151.73886 F8000
G1 Z1 F8000
G1 X533.20399 Y151.73886 F8000
G1 X532.44144 Y150.41808 F8000
G0 Z0
G1 X532.66969 Y150.31341 F8000
G1 Z1 F8000
G1 X532.66969 Y150.31341 F8000
G1 X533.41553 Y151.60524 F8000
G0 Z0
G1 X533.62778 Y151.47284 F8000
G1 Z1 F8000
G1 X533.62778 Y151.47284 F8000
G1 X532.89464 Y150.20303 F8000
G0 Z0
G1 X533.11734 Y150.08878 F8000
G1 Z1 F8000
G1 X533.11734 Y150.08878 F8000
G1 X533.84323 Y151.34603 F8000
G0 Z0
G1 X534.06333 Y151.22726 F8000
G1 Z1 F8000
G1 X534.06333 Y151.22726 F8000
G1 X533.33697 Y149.96916 F8000
G0 Z0
G1 X533.55308 Y149.84346 F8000
G1 Z1 F8000
G1 X533.55308 Y149.84346 F8000
G1 X534.28421 Y151.10983 F8000
G0 Z0
G1 X534.5135 Y151.00696 F8000
G1 Z1 F8000
G1 X534.5135 Y151.00696 F8000
G1 X533.76695 Y149.71389 F8000
G0 Z0
G1 X533.97787 Y149.57922 F8000
G1 Z1 F8000
G1 X533.97787 Y149.57922 F8000
G1 X534.74278 Y150.90409 F8000
G0 Z0
G1 X534.98112 Y150.81691 F8000
G1 Z1 F8000
G1 X534.98112 Y150.81691 F8000
G1 X534.18525 Y149.43843 F8000
G0 Z0
G1 X534.39054 Y149.29402 F8000
G1 Z1 F8000
G1 X534.39054 Y149.29402 F8000
G1 X535.2207 Y150.7319 F8000
G0 Z0
G1 X535.4687 Y150.66142 F8000
G1 Z1 F8000
G1 X535.4687 Y150.66142 F8000
G1 X534.59306 Y149.14477 F8000
G0 Z0
G1 X534.79231 Y148.98986 F8000
G1 Z1 F8000
G1 X534.79231 Y148.98986 F8000
G1 X535.71934 Y150.59554 F8000
G0 Z0
G1 X535.97783 Y150.54326 F8000
G1 Z1 F8000
G1 X535.97783 Y150.54326 F8000
G1 X534.98924 Y148.83098 F8000
G0 Z0
G1 X535.18197 Y148.66479 F8000
G1 Z1 F8000
G1 X535.18197 Y148.66479 F8000
G1 X536.23985 Y150.49709 F8000
G0 Z0
G1 X536.50899 Y150.46322 F8000
G1 Z1 F8000
G1 X536.50899 Y150.46322 F8000
G1 X535.37469 Y148.49858 F8000
G0 Z0
G1 X535.5667 Y148.33115 F8000
G1 Z1 F8000
G1 X535.5667 Y148.33115 F8000
G1 X536.78211 Y150.43634 F8000
G0 Z0
G1 X537.06125 Y150.41993 F8000
G1 Z1 F8000
G1 X537.06125 Y150.41993 F8000
G1 X535.75244 Y148.15301 F8000
G0 Z0
G1 X535.9382 Y147.97476 F8000
G1 Z1 F8000
G1 X535.9382 Y147.97476 F8000
G1 X537.34478 Y150.41099 F8000
G0 Z0
G1 X537.63212 Y150.40834 F8000
G1 Z1 F8000
G1 X537.63212 Y150.40834 F8000
G1 X536.12396 Y147.79614 F8000
G0 Z0
G1 X536.30716 Y147.61347 F8000
G1 Z1 F8000
G1 X536.30716 Y147.61347 F8000
G1 X537.92377 Y150.41353 F8000
G0 Z0
G1 X538.22211 Y150.4302 F8000
G1 Z1 F8000
G1 X538.22211 Y150.4302 F8000
G1 X536.48975 Y147.42966 F8000
G0 Z0
G1 X536.67234 Y147.24591 F8000
G1 Z1 F8000
G1 X536.67234 Y147.24591 F8000
G1 X538.52577 Y150.45618 F8000
G0 Z0
G1 X538.84227 Y150.50436 F8000
G1 Z1 F8000
G1 X538.84227 Y150.50436 F8000
G1 X536.8549 Y147.06216 F8000
G0 Z0
G1 X537.03749 Y146.8784 F8000
G1 Z1 F8000
G1 X537.03749 Y146.8784 F8000
G1 X539.1703 Y150.57252 F8000
G0 Z0
G1 X539.50505 Y150.65234 F8000
G1 Z1 F8000
G1 X539.50505 Y150.65234 F8000
G1 X537.22008 Y146.69465 F8000
G0 Z0
G1 X537.51271 Y146.70153 F8000
G1 Z1 F8000
G1 X537.51271 Y146.70153 F8000
G1 X539.84393 Y150.73929 F8000
G0 Z0
G1 X537.7311 Y146.43263 F8000
G1 Z1 F8000
G1 X537.7311 Y146.43263 F8000
G1 X507.17755 Y115.87909 F8000
G0 Z0
G1 X507.06981 Y116.12491 F8000
G1 Z1 F8000
G1 X507.06981 Y116.12491 F8000
G1 X537.17841 Y146.23351 F8000
G0 Z0
G1 X536.97381 Y146.38247 F8000
G1 Z1 F8000
G1 X536.97381 Y146.38247 F8000
G1 X506.96615 Y116.37481 F8000
G0 Z0
G1 X506.86817 Y116.6304 F8000
G1 Z1 F8000
G1 X506.86817 Y116.6304 F8000
G1 X536.81561 Y146.57784 F8000
G0 Z0
G1 X536.65908 Y146.77485 F8000
G1 Z1 F8000
G1 X536.65908 Y146.77485 F8000
G1 X506.77697 Y116.89274 F8000
G0 Z0
G1 X506.69334 Y117.16266 F8000
G1 Z1 F8000
G1 X506.69334 Y117.16266 F8000
G1 X536.4947 Y146.96402 F8000
G0 Z0
G1 X536.32584 Y147.1487 F8000
G1 Z1 F8000
G1 X536.32584 Y147.1487 F8000
G1 X506.62362 Y117.44648 F8000
G0 Z0
G1 X506.56486 Y117.74125 F8000
G1 Z1 F8000
G1 X506.56486 Y117.74125 F8000
G1 X536.15153 Y147.32796 F8000
G0 Z0
G1 X535.97723 Y147.50719 F8000
G1 Z1 F8000
G1 X535.97723 Y147.50719 F8000
G1 X506.5258 Y118.05579 F8000
G0 Z0
G1 X506.49839 Y118.38192 F8000
G1 Z1 F8000
G1 X506.49839 Y118.38192 F8000
G1 X535.80289 Y147.68644 F8000
G0 Z0
G1 X535.62223 Y147.85932 F8000
G1 Z1 F8000
G1 X535.62223 Y147.85932 F8000
G1 X506.4804 Y118.71749 F8000
G0 Z0
G1 X506.4804 Y119.0701 F8000
G1 Z1 F8000
G1 X506.4804 Y119.0701 F8000
G1 X535.44078 Y148.03045 F8000
G0 Z0
G1 X535.25838 Y148.20161 F8000
G1 Z1 F8000
G1 X535.25838 Y148.20161 F8000
G1 X506.49157 Y119.4348 F8000
G0 Z0
G1 X506.51511 Y119.81199 F8000
G1 Z1 F8000
G1 X506.51511 Y119.81199 F8000
G1 X535.07502 Y148.3719 F8000
G0 Z0
G1 X534.88545 Y148.53589 F8000
G1 Z1 F8000
G1 X534.88545 Y148.53589 F8000
G1 X506.55708 Y120.20749 F8000
G0 Z0
G1 X506.6268 Y120.63077 F8000
G1 Z1 F8000
G1 X506.6268 Y120.63077 F8000
G1 X534.6923 Y148.69628 F8000
G0 Z0
G1 X534.49434 Y148.85185 F8000
G1 Z1 F8000
G1 X534.49434 Y148.85185 F8000
G1 X506.73496 Y121.0925 F8000
G0 Z0
G1 X506.90246 Y121.61354 F8000
G1 Z1 F8000
G1 X506.90246 Y121.61354 F8000
G1 X534.28839 Y148.99946 F8000
G0 Z0
G1 X534.08072 Y149.14536 F8000
G1 Z1 F8000
G1 X534.08072 Y149.14536 F8000
G1 X512.43845 Y127.50309 F8000
G0 Z0
G1 X512.17278 Y127.59098 F8000
G1 Z1 F8000
G1 X512.17278 Y127.59098 F8000
G1 X533.86762 Y149.28582 F8000
G0 Z0
G1 X533.65156 Y149.4233 F8000
G1 Z1 F8000
G1 X533.65156 Y149.4233 F8000
G1 X511.90711 Y127.67888 F8000
G0 Z0
G1 X511.64565 Y127.77095 F8000
G1 Z1 F8000
G1 X511.64565 Y127.77095 F8000
G1 X533.43111 Y149.55639 F8000
G0 Z0
G1 X533.20614 Y149.68497 F8000
G1 Z1 F8000
G1 X533.20614 Y149.68497 F8000
G1 X511.39223 Y127.87107 F8000
G0 Z0
G1 X511.13879 Y127.97122 F8000
G1 Z1 F8000
G1 X511.13879 Y127.97122 F8000
G1 X532.97804 Y149.81044 F8000
G0 Z0
G1 X532.74357 Y149.92953 F8000
G1 Z1 F8000
G1 X532.74357 Y149.92953 F8000
G1 X510.89114 Y128.0771 F8000
G0 Z0
G1 X510.64897 Y128.18849 F8000
G1 Z1 F8000
G1 X510.64897 Y128.18849 F8000
G1 X532.50708 Y150.04661 F8000
G0 Z0
G1 X532.26298 Y150.15604 F8000
G1 Z1 F8000
G1 X532.26298 Y150.15604 F8000
G1 X510.4119 Y128.30496 F8000
G0 Z0
G1 X510.18071 Y128.42733 F8000
G1 Z1 F8000
G1 X510.18071 Y128.42733 F8000
G1 X532.01593 Y150.26256 F8000
G0 Z0
G1 X531.76339 Y150.36355 F8000
G1 Z1 F8000
G1 X531.76339 Y150.36355 F8000
G1 X509.95385 Y128.55401 F8000
G0 Z0
G1 X509.73129 Y128.68501 F8000
G1 Z1 F8000
G1 X509.73129 Y128.68501 F8000
G1 X531.50505 Y150.45877 F8000
G0 Z0
G1 X531.24367 Y150.55093 F8000
G1 Z1 F8000
G1 X531.24367 Y150.55093 F8000
G1 X509.51433 Y128.82161 F8000
G0 Z0
G1 X509.30263 Y128.96346 F8000
G1 Z1 F8000
G1 X509.30263 Y128.96346 F8000
G1 X530.97324 Y150.63406 F8000
G0 Z0
G1 X530.69916 Y150.71354 F8000
G1 Z1 F8000
G1 X530.69916 Y150.71354 F8000
G1 X509.09499 Y129.10937 F8000
G0 Z0
G1 X508.89126 Y129.25918 F8000
G1 Z1 F8000
G1 X508.89126 Y129.25918 F8000
G1 X530.41923 Y150.78718 F8000
G0 Z0
G1 X530.13147 Y150.85295 F8000
G1 Z1 F8000
G1 X530.13147 Y150.85295 F8000
G1 X508.69359 Y129.4151 F8000
G0 Z0
G1 X508.5015 Y129.57655 F8000
G1 Z1 F8000
G1 X508.5015 Y129.57655 F8000
G1 X529.83921 Y150.91425 F8000
G0 Z0
G1 X529.53909 Y150.96767 F8000
G1 Z1 F8000
G1 X529.53909 Y150.96767 F8000
G1 X508.31277 Y129.74139 F8000
G0 Z0
G1 X508.12405 Y129.90622 F8000
G1 Z1 F8000
G1 X508.12405 Y129.90622 F8000
G1 X529.23125 Y151.01339 F8000
G0 Z0
G1 X528.91779 Y151.0535 F8000
G1 Z1 F8000
G1 X528.91779 Y151.0535 F8000
G1 X507.94339 Y130.0791 F8000
G0 Z0
G1 X507.76559 Y130.25486 F8000
G1 Z1 F8000
G1 X507.76559 Y130.25486 F8000
G1 X528.59558 Y151.08483 F8000
G0 Z0
G1 X528.26425 Y151.10706 F8000
G1 Z1 F8000
G1 X528.26425 Y151.10706 F8000
G1 X507.58779 Y130.43063 F8000
G0 Z0
G1 X507.4165 Y130.61282 F8000
G1 Z1 F8000
G1 X507.4165 Y130.61282 F8000
G1 X527.92584 Y151.12214 F8000
G0 Z0
G1 X527.57929 Y151.12918 F8000
G1 Z1 F8000
G1 X527.57929 Y151.12918 F8000
G1 X507.24751 Y130.79736 F8000
G0 Z0
G1 X507.08537 Y130.98866 F8000
G1 Z1 F8000
G1 X507.08537 Y130.98866 F8000
G1 X527.21951 Y151.12283 F8000
G0 Z0
G1 X526.8524 Y151.10923 F8000
G1 Z1 F8000
G1 X526.8524 Y151.10923 F8000
G1 X506.92466 Y131.18151 F8000
G0 Z0
G1 X506.77099 Y131.38133 F8000
G1 Z1 F8000
G1 X506.77099 Y131.38133 F8000
G1 X526.47587 Y151.08621 F8000
G0 Z0
G1 X526.08106 Y151.04493 F8000
G1 Z1 F8000
G1 X526.08106 Y151.04493 F8000
G1 X506.61962 Y131.58349 F8000
G0 Z0
G1 X506.47376 Y131.79117 F8000
G1 Z1 F8000
G1 X506.47376 Y131.79117 F8000
G1 X525.6721 Y150.98953 F8000
G0 Z0
G1 X525.24543 Y150.9164 F8000
G1 Z1 F8000
G1 X525.24543 Y150.9164 F8000
G1 X506.33205 Y132.00302 F8000
G0 Z0
G1 X506.19407 Y132.2186 F8000
G1 Z1 F8000
G1 X506.19407 Y132.2186 F8000
G1 X524.79627 Y150.8208 F8000
G0 Z0
G1 X524.31809 Y150.69618 F8000
G1 Z1 F8000
G1 X524.31809 Y150.69618 F8000
G1 X506.06244 Y132.44053 F8000
G0 Z0
G1 X505.93314 Y132.66477 F8000
G1 Z1 F8000
G1 X505.93314 Y132.66477 F8000
G1 X523.8017 Y150.53333 F8000
G0 Z0
G1 X523.23399 Y150.31918 F8000
G1 Z1 F8000
G1 X523.23399 Y150.31918 F8000
G1 X505.81145 Y132.89665 F8000
G0 Z0
G1 X505.69305 Y133.13181 F8000
G1 Z1 F8000
G1 X505.69305 Y133.13181 F8000
G1 X522.5956 Y150.03433 F8000
G0 Z0
G1 X521.83733 Y149.62965 F8000
G1 Z1 F8000
G1 X521.83733 Y149.62965 F8000
G1 X505.57981 Y133.37211 F8000
G0 Z0
G1 X505.47297 Y133.61883 F8000
G1 Z1 F8000
G1 X505.47297 Y133.61883 F8000
G1 X520.83183 Y148.97769 F8000
G0 Z0
G1 X518.90786 Y147.40725 F8000
G1 Z1 F8000
G1 X518.90786 Y147.40725 F8000
G1 X505.36949 Y133.86891 F8000
G0 Z0
G1 X505.27393 Y134.12688 F8000
G1 Z1 F8000
G1 X505.27393 Y134.12688 F8000
G1 X518.6365 Y147.48949 F8000
G0 Z0
G1 X518.36517 Y147.57169 F8000
G1 Z1 F8000
G1 X518.36517 Y147.57169 F8000
G1 X505.18333 Y134.38985 F8000
G0 Z0
G1 X505.09708 Y134.65716 F8000
G1 Z1 F8000
G1 X505.09708 Y134.65716 F8000
G1 X518.09326 Y147.65334 F8000
G0 Z0
G1 X517.81809 Y147.73171 F8000
G1 Z1 F8000
G1 X517.81809 Y147.73171 F8000
G1 X505.0204 Y134.93405 F8000
G0 Z0
G1 X504.94873 Y135.21591 F8000
G1 Z1 F8000
G1 X504.94873 Y135.21591 F8000
G1 X517.5375 Y147.80468 F8000
G0 Z0
G1 X517.25149 Y147.87221 F8000
G1 Z1 F8000
G1 X517.25149 Y147.87221 F8000
G1 X504.88242 Y135.50317 F8000
G0 Z0
G1 X504.82673 Y135.80101 F8000
G1 Z1 F8000
G1 X504.82673 Y135.80101 F8000
G1 X516.95537 Y147.92965 F8000
G0 Z0
G1 X516.64887 Y147.97672 F8000
G1 Z1 F8000
G1 X516.64887 Y147.97672 F8000
G1 X504.77759 Y136.10544 F8000
G0 Z0
G1 X504.73553 Y136.41693 F8000
G1 Z1 F8000
G1 X504.73553 Y136.41693 F8000
G1 X516.33254 Y148.01392 F8000
G0 Z0
G1 X516.00575 Y148.04069 F8000
G1 Z1 F8000
G1 X516.00575 Y148.04069 F8000
G1 X504.70317 Y136.73811 F8000
G0 Z0
G1 X504.68174 Y137.07019 F8000
G1 Z1 F8000
G1 X504.68174 Y137.07019 F8000
G1 X515.66732 Y148.05577 F8000
G0 Z0
G1 X515.31675 Y148.05887 F8000
G1 Z1 F8000
G1 X515.31675 Y148.05887 F8000
G1 X504.66983 Y137.41192 F8000
G0 Z0
G1 X504.66877 Y137.7644 F8000
G1 Z1 F8000
G1 X504.66877 Y137.7644 F8000
G1 X514.95848 Y148.05411 F8000
G0 Z0
G1 X514.59359 Y148.04276 F8000
G1 Z1 F8000
G1 X514.59359 Y148.04276 F8000
G1 X504.67988 Y138.12905 F8000
G0 Z0
G1 X504.70552 Y138.50823 F8000
G1 Z1 F8000
G1 X504.70552 Y138.50823 F8000
G1 X514.21968 Y148.02238 F8000
G0 Z0
G1 X513.83431 Y147.99058 F8000
G1 Z1 F8000
G1 X513.83431 Y147.99058 F8000
G1 X504.74846 Y138.90473 F8000
G0 Z0
G1 X504.80937 Y139.3192 F8000
G1 Z1 F8000
G1 X504.80937 Y139.3192 F8000
G1 X513.4349 Y147.94473 F8000
G0 Z0
G1 X513.01487 Y147.87824 F8000
G1 Z1 F8000
G1 X513.01487 Y147.87824 F8000
G1 X504.89137 Y139.75473 F8000
G0 Z0
G1 X504.9985 Y140.21542 F8000
G1 Z1 F8000
G1 X504.9985 Y140.21542 F8000
G1 X512.56542 Y147.78233 F8000
G0 Z0
G1 X512.07637 Y147.64686 F8000
G1 Z1 F8000
G1 X512.07637 Y147.64686 F8000
G1 X505.13775 Y140.70821 F8000
G0 Z0
G1 X505.32084 Y141.24487 F8000
G1 Z1 F8000
G1 X505.32084 Y141.24487 F8000
G1 X511.53844 Y147.46247 F8000
G0 Z0
G1 X510.94289 Y147.22048 F8000
G1 Z1 F8000
G1 X510.94289 Y147.22048 F8000
G1 X505.55751 Y141.8351 F8000
G0 Z0
G1 X505.88078 Y142.51193 F8000
G1 Z1 F8000
G1 X505.88078 Y142.51193 F8000
G1 X510.24915 Y146.88031 F8000
G0 Z0
G1 X509.35502 Y146.33971 F8000
G1 Z1 F8000
G1 X509.35502 Y146.33971 F8000
G1 X506.3597 Y143.34442 F8000
G0 Z0
G1 X512.12032 Y127.18495 F8000
G1 Z1 F8000
G1 X512.12032 Y127.18495 F8000
G1 X507.14609 Y122.21073 F8000
G0 Z0
G1 X507.49497 Y122.91315 F8000
G1 Z1 F8000
G1 X507.49497 Y122.91315 F8000
G1 X511.28047 Y126.69868 F8000
G0 Z0
G1 X510.16274 Y125.93448 F8000
G1 Z1 F8000
G1 X510.16274 Y125.93448 F8000
G1 X508.16519 Y123.93695 F8000
G0 Z0
G1 X527.09196 Y118.04553 F8000
G1 Z1 F8000
G1 X527.09196 Y118.04553 F8000
G1 X500.85107 Y102.89534 F8000
G0 Z0
G1 X500.85758 Y102.61052 F8000
G1 Z1 F8000
G1 X500.85758 Y102.61052 F8000
G1 X527.55469 Y118.02409 F8000
G0 Z0
G1 X528.00228 Y117.99383 F8000
G1 Z1 F8000
G1 X528.00228 Y117.99383 F8000
G1 X500.86816 Y102.32792 F8000
G0 Z0
G1 X500.88742 Y102.05037 F8000
G1 Z1 F8000
G1 X500.88742 Y102.05037 F8000
G1 X528.43146 Y117.95292 F8000
G0 Z0
G1 X528.82178 Y117.88963 F8000
G1 Z1 F8000
G1 X528.82178 Y117.88963 F8000
G1 X500.90912 Y101.77425 F8000
G0 Z0
G1 X500.94082 Y101.5039 F8000
G1 Z1 F8000
G1 X500.94082 Y101.5039 F8000
G1 X529.18545 Y117.81095 F8000
G0 Z0
G1 X529.20426 Y118.10739 F8000
G1 Z1 F8000
G1 X529.20426 Y118.10739 F8000
G1 X549.94935 Y138.85248 F8000
G0 Z0
G1 X550.26711 Y138.79318 F8000
G1 Z1 F8000
G1 X550.26711 Y138.79318 F8000
G1 X557.48802 Y151.30018 F8000
G0 Z0
G1 X557.53182 Y151.63735 F8000
G1 Z1 F8000
G1 X557.53182 Y151.63735 F8000
G1 X557.53182 Y179.17271 F8000
G0 Z0
G1 X557.28182 Y179.33609 F8000
G1 Z1 F8000
G1 X557.28182 Y179.33609 F8000
G1 X557.28182 Y151.58247 F8000
G0 Z0
G1 X557.03182 Y151.54388 F8000
G1 Z1 F8000
G1 X557.03182 Y151.54388 F8000
G1 X557.03182 Y179.48972 F8000
G0 Z0
G1 X556.78182 Y179.6334 F8000
G1 Z1 F8000
G1 X556.78182 Y179.6334 F8000
G1 X556.78182 Y151.51134 F8000
G0 Z0
G1 X556.53182 Y151.49449 F8000
G1 Z1 F8000
G1 X556.53182 Y151.49449 F8000
G1 X556.53182 Y179.76442 F8000
G0 Z0
G1 X556.28182 Y179.89167 F8000
G1 Z1 F8000
G1 X556.28182 Y179.89167 F8000
G1 X556.28182 Y151.48009 F8000
G0 Z0
G1 X556.03182 Y151.48021 F8000
G1 Z1 F8000
G1 X556.03182 Y151.48021 F8000
G1 X556.03182 Y180.00161 F8000
G0 Z0
G1 X555.78182 Y180.11154 F8000
G1 Z1 F8000
G1 X555.78182 Y180.11154 F8000
G1 X555.78182 Y151.48195 F8000
G0 Z0
G1 X555.53182 Y151.49761 F8000
G1 Z1 F8000
G1 X555.53182 Y151.49761 F8000
G1 X555.53182 Y180.20509 F8000
G0 Z0
G1 X555.28182 Y180.29515 F8000
G1 Z1 F8000
G1 X555.28182 Y180.29515 F8000
G1 X555.28182 Y151.51502 F8000
G0 Z0
G1 X555.03182 Y151.54716 F8000
G1 Z1 F8000
G1 X555.03182 Y151.54716 F8000
G1 X555.03182 Y180.37794 F8000
G0 Z0
G1 X554.78182 Y180.44907 F8000
G1 Z1 F8000
G1 X554.78182 Y180.44907 F8000
G1 X554.78182 Y151.58111 F8000
G0 Z0
G1 X554.53182 Y151.63346 F8000
G1 Z1 F8000
G1 X554.53182 Y151.63346 F8000
G1 X554.53182 Y180.5202 F8000
G0 Z0
G1 X554.28181 Y180.57385 F8000
G1 Z1 F8000
G1 X554.28181 Y180.57385 F8000
G1 X554.28181 Y151.6904 F8000
G0 Z0
G1 X554.03181 Y151.76779 F8000
G1 Z1 F8000
G1 X554.03181 Y151.76779 F8000
G1 X554.03181 Y180.6247 F8000
G0 Z0
G1 X553.78181 Y180.6578 F8000
G1 Z1 F8000
G1 X553.78181 Y180.6578 F8000
G1 X553.78181 Y151.85348 F8000
G0 Z0
G1 X553.53181 Y151.94626 F8000
G1 Z1 F8000
G1 X553.53181 Y151.94626 F8000
G1 X553.53181 Y180.69065 F8000
G0 Z0
G1 X553.28181 Y180.71044 F8000
G1 Z1 F8000
G1 X553.28181 Y180.71044 F8000
G1 X553.28181 Y152.03904 F8000
G0 Z0
G1 X557.78182 Y151.70401 F8000
G1 Z1 F8000
G1 X557.78182 Y151.70401 F8000
G1 X557.78182 Y178.99452 F8000
G0 Z0
G1 X558.03182 Y178.80718 F8000
G1 Z1 F8000
G1 X558.03182 Y178.80718 F8000
G1 X558.03182 Y151.77973 F8000
G0 Z0
G1 X558.28182 Y151.87003 F8000
G1 Z1 F8000
G1 X558.28182 Y151.87003 F8000
G1 X558.28182 Y178.60195 F8000
G0 Z0
G1 X558.53182 Y178.38496 F8000
G1 Z1 F8000
G1 X558.53182 Y178.38496 F8000
G1 X558.53182 Y151.96842 F8000
G0 Z0
G1 X558.78182 Y152.08004 F8000
G1 Z1 F8000
G1 X558.78182 Y152.08004 F8000
G1 X558.78182 Y178.14951 F8000
G0 Z0
G1 X559.03182 Y177.89495 F8000
G1 Z1 F8000
G1 X559.03182 Y177.89495 F8000
G1 X559.03182 Y152.21049 F8000
G0 Z0
G1 X559.28182 Y152.3553 F8000
G1 Z1 F8000
G1 X559.28182 Y152.3553 F8000
G1 X559.28182 Y177.62513 F8000
G0 Z0
G1 X559.53182 Y177.32168 F8000
G1 Z1 F8000
G1 X559.53182 Y177.32168 F8000
G1 X559.53182 Y152.51628 F8000
G0 Z0
G1 X559.78182 Y152.70064 F8000
G1 Z1 F8000
G1 X559.78182 Y152.70064 F8000
G1 X559.78182 Y176.99973 F8000
G0 Z0
G1 X560.03182 Y176.64286 F8000
G1 Z1 F8000
G1 X560.03182 Y176.64286 F8000
G1 X560.03182 Y152.90578 F8000
G0 Z0
G1 X560.28182 Y153.12909 F8000
G1 Z1 F8000
G1 X560.28182 Y153.12909 F8000
G1 X560.28182 Y176.23941 F8000
G0 Z0
G1 X560.53182 Y175.78899 F8000
G1 Z1 F8000
G1 X560.53182 Y175.78899 F8000
G1 X560.53182 Y162.40094 F8000
G0 Z0
G1 X560.53182 Y162.28096 F8000
G1 Z1 F8000
G1 X560.53182 Y162.28096 F8000
G1 X560.53182 Y153.36989 F8000
G0 Z0
G1 X560.78182 Y153.63717 F8000
G1 Z1 F8000
G1 X560.78182 Y153.63717 F8000
G1 X560.78182 Y161.96921 F8000
G0 Z0
G1 X561.03182 Y161.64894 F8000
G1 Z1 F8000
G1 X561.03182 Y161.64894 F8000
G1 X561.03182 Y153.93523 F8000
G0 Z0
G1 X561.28182 Y154.27128 F8000
G1 Z1 F8000
G1 X561.28182 Y154.27128 F8000
G1 X561.28182 Y161.31129 F8000
G0 Z0
G1 X561.53182 Y160.90995 F8000
G1 Z1 F8000
G1 X561.53182 Y160.90995 F8000
G1 X561.53182 Y154.66757 F8000
G0 Z0
G1 X561.78182 Y155.14417 F8000
G1 Z1 F8000
G1 X561.78182 Y155.14417 F8000
G1 X561.78182 Y160.43097 F8000
G0 Z0
G1 X562.03182 Y159.79279 F8000
G1 Z1 F8000
G1 X562.03182 Y159.79279 F8000
G1 X562.03182 Y155.77458 F8000
G0 Z0
G1 X562.28182 Y156.84663 F8000
G1 Z1 F8000
G1 X562.28182 Y156.84663 F8000
G1 X562.28182 Y158.66678 F8000
G0 Z0
G1 X562.28182 Y162.4035 F8000
G1 Z1 F8000
G1 X562.28182 Y162.4035 F8000
G1 X562.28182 Y169.72987 F8000
G0 Z0
G1 X562.53182 Y169.72987 F8000
G1 Z1 F8000
G1 X562.53182 Y169.72987 F8000
G1 X562.53182 Y162.40386 F8000
G0 Z0
G1 X562.78182 Y162.40423 F8000
G1 Z1 F8000
G1 X562.78182 Y162.40423 F8000
G1 X562.78182 Y169.72987 F8000
G0 Z0
G1 X563.03182 Y169.72987 F8000
G1 Z1 F8000
G1 X563.03182 Y169.72987 F8000
G1 X563.03182 Y162.40459 F8000
G0 Z0
G1 X563.28182 Y162.40496 F8000
G1 Z1 F8000
G1 X563.28182 Y162.40496 F8000
G1 X563.28182 Y169.72987 F8000
G0 Z0
G1 X563.53182 Y169.72987 F8000
G1 Z1 F8000
G1 X563.53182 Y169.72987 F8000
G1 X563.53182 Y162.40532 F8000
G0 Z0
G1 X563.78182 Y162.40569 F8000
G1 Z1 F8000
G1 X563.78182 Y162.40569 F8000
G1 X563.78182 Y169.72987 F8000
G0 Z0
G1 X564.03182 Y169.72987 F8000
G1 Z1 F8000
G1 X564.03182 Y169.72987 F8000
G1 X564.03182 Y162.40605 F8000
G0 Z0
G1 X564.28182 Y162.40642 F8000
G1 Z1 F8000
G1 X564.28182 Y162.40642 F8000
G1 X564.28182 Y169.72987 F8000
G0 Z0
G1 X564.53182 Y169.72987 F8000
G1 Z1 F8000
G1 X564.53182 Y169.72987 F8000
G1 X564.53182 Y162.40678 F8000
G0 Z0
G1 X564.78182 Y162.40715 F8000
G1 Z1 F8000
G1 X564.78182 Y162.40715 F8000
G1 X564.78182 Y169.72987 F8000
G0 Z0
G1 X565.03182 Y169.72987 F8000
G1 Z1 F8000
G1 X565.03182 Y169.72987 F8000
G1 X565.03182 Y162.40751 F8000
G0 Z0
G1 X565.28182 Y162.40788 F8000
G1 Z1 F8000
G1 X565.28182 Y162.40788 F8000
G1 X565.28182 Y169.72987 F8000
G0 Z0
G1 X565.53182 Y169.72987 F8000
G1 Z1 F8000
G1 X565.53182 Y169.72987 F8000
G1 X565.53182 Y162.40824 F8000
G0 Z0
G1 X565.78182 Y162.40861 F8000
G1 Z1 F8000
G1 X565.78182 Y162.40861 F8000
G1 X565.78182 Y169.72987 F8000
G0 Z0
G1 X566.03182 Y169.72987 F8000
G1 Z1 F8000
G1 X566.03182 Y169.72987 F8000
G1 X566.03182 Y162.40897 F8000
G0 Z0
G1 X566.28182 Y162.40934 F8000
G1 Z1 F8000
G1 X566.28182 Y162.40934 F8000
G1 X566.28182 Y169.72987 F8000
G0 Z0
G1 X566.53182 Y169.72987 F8000
G1 Z1 F8000
G1 X566.53182 Y169.72987 F8000
G1 X566.53182 Y162.4097 F8000
G0 Z0
G1 X566.78182 Y162.41007 F8000
G1 Z1 F8000
G1 X566.78182 Y162.41007 F8000
G1 X566.78182 Y169.72987 F8000
G0 Z0
G1 X567.03182 Y169.72987 F8000
G1 Z1 F8000
G1 X567.03182 Y169.72987 F8000
G1 X567.03182 Y162.41043 F8000
G0 Z0
G1 X567.28182 Y162.4108 F8000
G1 Z1 F8000
G1 X567.28182 Y162.4108 F8000
G1 X567.28182 Y169.72987 F8000
G0 Z0
G1 X567.53182 Y169.72987 F8000
G1 Z1 F8000
G1 X567.53182 Y169.72987 F8000
G1 X567.53182 Y162.41116 F8000
G0 Z0
G1 X567.78182 Y162.41153 F8000
G1 Z1 F8000
G1 X567.78182 Y162.41153 F8000
G1 X567.78182 Y169.72987 F8000
G0 Z0
G1 X568.03182 Y169.72987 F8000
G1 Z1 F8000
G1 X568.03182 Y169.72987 F8000
G1 X568.03182 Y162.41189 F8000
G0 Z0
G1 X568.28182 Y162.41226 F8000
G1 Z1 F8000
G1 X568.28182 Y162.41226 F8000
G1 X568.28182 Y169.72987 F8000
G0 Z0
G1 X568.53182 Y169.72987 F8000
G1 Z1 F8000
G1 X568.53182 Y169.72987 F8000
G1 X568.53182 Y162.41262 F8000
G0 Z0
G1 X568.78182 Y162.41299 F8000
G1 Z1 F8000
G1 X568.78182 Y162.41299 F8000
G1 X568.78182 Y169.72987 F8000
G0 Z0
G1 X569.03182 Y169.72987 F8000
G1 Z1 F8000
G1 X569.03182 Y169.72987 F8000
G1 X569.03182 Y162.41335 F8000
G0 Z0
G1 X569.28182 Y162.41372 F8000
G1 Z1 F8000
G1 X569.28182 Y162.41372 F8000
G1 X569.28182 Y169.72987 F8000
G0 Z0
G1 X569.53182 Y169.72987 F8000
G1 Z1 F8000
G1 X569.53182 Y169.72987 F8000
G1 X569.53182 Y162.41408 F8000
G0 Z0
G1 X569.78182 Y162.41445 F8000
G1 Z1 F8000
G1 X569.78182 Y162.41445 F8000
G1 X569.78182 Y169.72987 F8000
G0 Z0
G1 X570.03182 Y169.72987 F8000
G1 Z1 F8000
G1 X570.03182 Y169.72987 F8000
G1 X570.03182 Y162.41481 F8000
G0 Z0
G1 X570.28182 Y162.41518 F8000
G1 Z1 F8000
G1 X570.28182 Y162.41518 F8000
G1 X570.28182 Y169.72987 F8000
G0 Z0
G1 X570.53182 Y169.72987 F8000
G1 Z1 F8000
G1 X570.53182 Y169.72987 F8000
G1 X570.53182 Y162.41554 F8000
G0 Z0
G1 X570.78182 Y162.41591 F8000
G1 Z1 F8000
G1 X570.78182 Y162.41591 F8000
G1 X570.78182 Y169.72987 F8000
G0 Z0
G1 X571.03182 Y169.72987 F8000
G1 Z1 F8000
G1 X571.03182 Y169.72987 F8000
G1 X571.03182 Y162.41627 F8000
G0 Z0
G1 X571.28182 Y162.41664 F8000
G1 Z1 F8000
G1 X571.28182 Y162.41664 F8000
G1 X571.28182 Y169.72987 F8000
G0 Z0
G1 X571.53182 Y169.72987 F8000
G1 Z1 F8000
G1 X571.53182 Y169.72987 F8000
G1 X571.53182 Y162.417 F8000
G0 Z0
G1 X571.78182 Y162.41737 F8000
G1 Z1 F8000
G1 X571.78182 Y162.41737 F8000
G1 X571.78182 Y169.72987 F8000
G0 Z0
G1 X572.03182 Y169.72987 F8000
G1 Z1 F8000
G1 X572.03182 Y169.72987 F8000
G1 X572.03182 Y162.41773 F8000
G0 Z0
G1 X572.28182 Y162.4181 F8000
G1 Z1 F8000
G1 X572.28182 Y162.4181 F8000
G1 X572.28182 Y169.72987 F8000
G0 Z0
G1 X572.53182 Y169.72987 F8000
G1 Z1 F8000
G1 X572.53182 Y169.72987 F8000
G1 X572.53182 Y162.41846 F8000
G0 Z0
G1 X572.78183 Y162.41883 F8000
G1 Z1 F8000
G1 X572.78183 Y162.41883 F8000
G1 X572.78183 Y169.72987 F8000
G0 Z0
G1 X573.03183 Y169.72987 F8000
G1 Z1 F8000
G1 X573.03183 Y169.72987 F8000
G1 X573.03183 Y162.41919 F8000
G0 Z0
G1 X573.28183 Y162.41956 F8000
G1 Z1 F8000
G1 X573.28183 Y162.41956 F8000
G1 X573.28183 Y169.72987 F8000
G0 Z0
G1 X573.53183 Y169.72987 F8000
G1 Z1 F8000
G1 X573.53183 Y169.72987 F8000
G1 X573.53183 Y162.41992 F8000
G0 Z0
G1 X573.78183 Y162.42029 F8000
G1 Z1 F8000
G1 X573.78183 Y162.42029 F8000
G1 X573.78183 Y169.72987 F8000
G0 Z0
G1 X574.03183 Y169.72987 F8000
G1 Z1 F8000
G1 X574.03183 Y169.72987 F8000
G1 X574.03183 Y162.42065 F8000
G0 Z0
G1 X574.28183 Y162.42102 F8000
G1 Z1 F8000
G1 X574.28183 Y162.42102 F8000
G1 X574.28183 Y169.72987 F8000
G0 Z0
G1 X574.53183 Y169.72987 F8000
G1 Z1 F8000
G1 X574.53183 Y169.72987 F8000
G1 X574.53183 Y162.42138 F8000
G0 Z0
G1 X574.78183 Y162.42175 F8000
G1 Z1 F8000
G1 X574.78183 Y162.42175 F8000
G1 X574.78183 Y169.72987 F8000
G0 Z0
G1 X575.03183 Y169.72987 F8000
G1 Z1 F8000
G1 X575.03183 Y169.72987 F8000
G1 X575.03183 Y162.42211 F8000
G0 Z0
G1 X575.28183 Y162.42248 F8000
G1 Z1 F8000
G1 X575.28183 Y162.42248 F8000
G1 X575.28183 Y169.72987 F8000
G0 Z0
G1 X575.53183 Y169.72987 F8000
G1 Z1 F8000
G1 X575.53183 Y169.72987 F8000
G1 X575.53183 Y162.42284 F8000
G0 Z0
G1 X575.78183 Y162.42321 F8000
G1 Z1 F8000
G1 X575.78183 Y162.42321 F8000
G1 X575.78183 Y169.72987 F8000
G0 Z0
G1 X576.03183 Y169.72987 F8000
G1 Z1 F8000
G1 X576.03183 Y169.72987 F8000
G1 X576.03183 Y162.42357 F8000
G0 Z0
G1 X576.28183 Y162.42394 F8000
G1 Z1 F8000
G1 X576.28183 Y162.42394 F8000
G1 X576.28183 Y169.72987 F8000
G0 Z0
G1 X576.53183 Y169.72987 F8000
G1 Z1 F8000
G1 X576.53183 Y169.72987 F8000
G1 X576.53183 Y162.4243 F8000
G0 Z0
G1 X576.78183 Y162.42467 F8000
G1 Z1 F8000
G1 X576.78183 Y162.42467 F8000
G1 X576.78183 Y169.72987 F8000
G0 Z0
G1 X577.03183 Y169.72987 F8000
G1 Z1 F8000
G1 X577.03183 Y169.72987 F8000
G1 X577.03183 Y162.42503 F8000
G0 Z0
G1 X577.28183 Y162.4254 F8000
G1 Z1 F8000
G1 X577.28183 Y162.4254 F8000
G1 X577.28183 Y169.72987 F8000
G0 Z0
G1 X577.53183 Y169.72987 F8000
G1 Z1 F8000
G1 X577.53183 Y169.72987 F8000
G1 X577.53183 Y162.42576 F8000
G0 Z0
G1 X577.78183 Y162.42613 F8000
G1 Z1 F8000
G1 X577.78183 Y162.42613 F8000
G1 X577.78183 Y169.72987 F8000
G0 Z0
G1 X578.03183 Y169.72987 F8000
G1 Z1 F8000
G1 X578.03183 Y169.72987 F8000
G1 X578.03183 Y162.42649 F8000
G0 Z0
G1 X578.28183 Y162.42686 F8000
G1 Z1 F8000
G1 X578.28183 Y162.42686 F8000
G1 X578.28183 Y169.72987 F8000
G0 Z0
G1 X578.53183 Y169.72987 F8000
G1 Z1 F8000
G1 X578.53183 Y169.72987 F8000
G1 X578.53183 Y162.42722 F8000
G0 Z0
G1 X578.78183 Y162.42759 F8000
G1 Z1 F8000
G1 X578.78183 Y162.42759 F8000
G1 X578.78183 Y169.72987 F8000
G0 Z0
G1 X579.03183 Y169.72987 F8000
G1 Z1 F8000
G1 X579.03183 Y169.72987 F8000
G1 X579.03183 Y162.42795 F8000
G0 Z0
G1 X579.28183 Y162.42832 F8000
G1 Z1 F8000
G1 X579.28183 Y162.42832 F8000
G1 X579.28183 Y169.72987 F8000
G0 Z0
G1 X579.53183 Y169.72987 F8000
G1 Z1 F8000
G1 X579.53183 Y169.72987 F8000
G1 X579.53183 Y162.42868 F8000
G0 Z0
G1 X579.78183 Y162.42905 F8000
G1 Z1 F8000
G1 X579.78183 Y162.42905 F8000
G1 X579.78183 Y169.72987 F8000
G0 Z0
G1 X580.03183 Y169.72987 F8000
G1 Z1 F8000
G1 X580.03183 Y169.72987 F8000
G1 X580.03183 Y162.42941 F8000
G0 Z0
G1 X580.28183 Y162.42978 F8000
G1 Z1 F8000
G1 X580.28183 Y162.42978 F8000
G1 X580.28183 Y169.72987 F8000
G0 Z0
G1 X580.53183 Y169.72987 F8000
G1 Z1 F8000
G1 X580.53183 Y169.72987 F8000
G1 X580.53183 Y162.43014 F8000
G0 Z0
G1 X580.78183 Y162.43051 F8000
G1 Z1 F8000
G1 X580.78183 Y162.43051 F8000
G1 X580.78183 Y169.72987 F8000
G0 Z0
G1 X581.03183 Y169.72987 F8000
G1 Z1 F8000
G1 X581.03183 Y169.72987 F8000
G1 X581.03183 Y162.43087 F8000
G0 Z0
G1 X581.28183 Y162.43124 F8000
G1 Z1 F8000
G1 X581.28183 Y162.43124 F8000
G1 X581.28183 Y169.72987 F8000
G0 Z0
G1 X581.53183 Y169.72987 F8000
G1 Z1 F8000
G1 X581.53183 Y169.72987 F8000
G1 X581.53183 Y162.4316 F8000
G0 Z0
G1 X581.78183 Y162.43197 F8000
G1 Z1 F8000
G1 X581.78183 Y162.43197 F8000
G1 X581.78183 Y169.72987 F8000
G0 Z0
G1 X582.03183 Y169.72987 F8000
G1 Z1 F8000
G1 X582.03183 Y169.72987 F8000
G1 X582.03183 Y162.43233 F8000
G0 Z0
G1 X582.28183 Y162.4327 F8000
G1 Z1 F8000
G1 X582.28183 Y162.4327 F8000
G1 X582.28183 Y169.72987 F8000
G0 Z0
G1 X582.53183 Y169.72987 F8000
G1 Z1 F8000
G1 X582.53183 Y169.72987 F8000
G1 X582.53183 Y162.43306 F8000
G0 Z0
G1 X582.78183 Y162.43343 F8000
G1 Z1 F8000
G1 X582.78183 Y162.43343 F8000
G1 X582.78183 Y169.72987 F8000
G0 Z0
G1 X583.03183 Y169.72987 F8000
G1 Z1 F8000
G1 X583.03183 Y169.72987 F8000
G1 X583.03183 Y162.43379 F8000
G0 Z0
G1 X583.28183 Y162.43416 F8000
G1 Z1 F8000
G1 X583.28183 Y162.43416 F8000
G1 X583.28183 Y169.72987 F8000
G0 Z0
G1 X583.53183 Y169.72987 F8000
G1 Z1 F8000
G1 X583.53183 Y169.72987 F8000
G1 X583.53183 Y162.43452 F8000
G0 Z0
G1 X583.78183 Y162.43489 F8000
G1 Z1 F8000
G1 X583.78183 Y162.43489 F8000
G1 X583.78183 Y169.72987 F8000
G0 Z0
G1 X584.03183 Y169.72987 F8000
G1 Z1 F8000
G1 X584.03183 Y169.72987 F8000
G1 X584.03183 Y162.43525 F8000
G0 Z0
G1 X584.28183 Y162.43562 F8000
G1 Z1 F8000
G1 X584.28183 Y162.43562 F8000
G1 X584.28183 Y169.72987 F8000
G0 Z0
G1 X584.53183 Y169.72987 F8000
G1 Z1 F8000
G1 X584.53183 Y169.72987 F8000
G1 X584.53183 Y162.43598 F8000
G0 Z0
G1 X584.78183 Y162.43635 F8000
G1 Z1 F8000
G1 X584.78183 Y162.43635 F8000
G1 X584.78183 Y169.72987 F8000
G0 Z0
G1 X585.03183 Y169.72987 F8000
G1 Z1 F8000
G1 X585.03183 Y169.72987 F8000
G1 X585.03183 Y162.43671 F8000
G0 Z0
G1 X585.28183 Y162.43708 F8000
G1 Z1 F8000
G1 X585.28183 Y162.43708 F8000
G1 X585.28183 Y169.72987 F8000
G0 Z0
G1 X585.53183 Y169.72987 F8000
G1 Z1 F8000
G1 X585.53183 Y169.72987 F8000
G1 X585.53183 Y162.43744 F8000
G0 Z0
G1 X585.78183 Y162.43781 F8000
G1 Z1 F8000
G1 X585.78183 Y162.43781 F8000
G1 X585.78183 Y169.72987 F8000
G0 Z0
G1 X586.03183 Y169.72987 F8000
G1 Z1 F8000
G1 X586.03183 Y169.72987 F8000
G1 X586.03183 Y162.43817 F8000
G0 Z0
G1 X586.28183 Y162.43854 F8000
G1 Z1 F8000
G1 X586.28183 Y162.43854 F8000
G1 X586.28183 Y169.72987 F8000
G0 Z0
G1 X586.53183 Y169.72987 F8000
G1 Z1 F8000
G1 X586.53183 Y169.72987 F8000
G1 X586.53183 Y162.4389 F8000
G0 Z0
G1 X586.78183 Y162.43927 F8000
G1 Z1 F8000
G1 X586.78183 Y162.43927 F8000
G1 X586.78183 Y169.72987 F8000
G0 Z0
G1 X587.03183 Y169.72987 F8000
G1 Z1 F8000
G1 X587.03183 Y169.72987 F8000
G1 X587.03183 Y162.43963 F8000
G0 Z0
G1 X587.28183 Y162.44 F8000
G1 Z1 F8000
G1 X587.28183 Y162.44 F8000
G1 X587.28183 Y169.72987 F8000
G0 Z0
G1 X587.53183 Y169.72987 F8000
G1 Z1 F8000
G1 X587.53183 Y169.72987 F8000
G1 X587.53183 Y162.44036 F8000
G0 Z0
G1 X587.78183 Y162.44073 F8000
G1 Z1 F8000
G1 X587.78183 Y162.44073 F8000
G1 X587.78183 Y169.72987 F8000
G0 Z0
G1 X588.03183 Y169.72987 F8000
G1 Z1 F8000
G1 X588.03183 Y169.72987 F8000
G1 X588.03183 Y162.44109 F8000
G0 Z0
G1 X588.28183 Y162.44146 F8000
G1 Z1 F8000
G1 X588.28183 Y162.44146 F8000
G1 X588.28183 Y169.72987 F8000
G0 Z0
G1 X588.53183 Y169.72987 F8000
G1 Z1 F8000
G1 X588.53183 Y169.72987 F8000
G1 X588.53183 Y162.44182 F8000
G0 Z0
G1 X588.78183 Y162.44219 F8000
G1 Z1 F8000
G1 X588.78183 Y162.44219 F8000
G1 X588.78183 Y169.72987 F8000
G0 Z0
G1 X589.03183 Y169.72987 F8000
G1 Z1 F8000
G1 X589.03183 Y169.72987 F8000
G1 X589.03183 Y162.44255 F8000
G0 Z0
G1 X589.28183 Y162.44292 F8000
G1 Z1 F8000
G1 X589.28183 Y162.44292 F8000
G1 X589.28183 Y169.72987 F8000
G0 Z0
G1 X589.53183 Y169.72987 F8000
G1 Z1 F8000
G1 X589.53183 Y169.72987 F8000
G1 X589.53183 Y162.44328 F8000
G0 Z0
G1 X589.78183 Y162.44365 F8000
G1 Z1 F8000
G1 X589.78183 Y162.44365 F8000
G1 X589.78183 Y169.72987 F8000
G0 Z0
G1 X590.03183 Y169.72987 F8000
G1 Z1 F8000
G1 X590.03183 Y169.72987 F8000
G1 X590.03183 Y162.44401 F8000
G0 Z0
G1 X590.28183 Y162.44438 F8000
G1 Z1 F8000
G1 X590.28183 Y162.44438 F8000
G1 X590.28183 Y169.72987 F8000
G0 Z0
G1 X590.53183 Y169.72987 F8000
G1 Z1 F8000
G1 X590.53183 Y169.72987 F8000
G1 X590.53183 Y162.44474 F8000
G0 Z0
G1 X590.78183 Y162.44511 F8000
G1 Z1 F8000
G1 X590.78183 Y162.44511 F8000
G1 X590.78183 Y169.72987 F8000
G0 Z0
G1 X591.03183 Y169.72987 F8000
G1 Z1 F8000
G1 X591.03183 Y169.72987 F8000
G1 X591.03183 Y162.44547 F8000
G0 Z0
G1 X591.28184 Y162.44584 F8000
G1 Z1 F8000
G1 X591.28184 Y162.44584 F8000
G1 X591.28184 Y169.72987 F8000
G0 Z0
G1 X591.53184 Y169.72987 F8000
G1 Z1 F8000
G1 X591.53184 Y169.72987 F8000
G1 X591.53184 Y162.4462 F8000
G0 Z0
G1 X591.78184 Y162.44657 F8000
G1 Z1 F8000
G1 X591.78184 Y162.44657 F8000
G1 X591.78184 Y169.72987 F8000
G0 Z0
G1 X592.03184 Y169.72987 F8000
G1 Z1 F8000
G1 X592.03184 Y169.72987 F8000
G1 X592.03184 Y162.44693 F8000
G0 Z0
G1 X592.28184 Y162.4473 F8000
G1 Z1 F8000
G1 X592.28184 Y162.4473 F8000
G1 X592.28184 Y169.72987 F8000
G0 Z0
G1 X592.53184 Y169.72987 F8000
G1 Z1 F8000
G1 X592.53184 Y169.72987 F8000
G1 X592.53184 Y162.44766 F8000
G0 Z0
G1 X592.78184 Y162.44803 F8000
G1 Z1 F8000
G1 X592.78184 Y162.44803 F8000
G1 X592.78184 Y169.72987 F8000
G0 Z0
G1 X593.03184 Y169.72987 F8000
G1 Z1 F8000
G1 X593.03184 Y169.72987 F8000
G1 X593.03184 Y162.44839 F8000
G0 Z0
G1 X591.06168 Y151.95224 F8000
G1 Z1 F8000
G1 X591.06168 Y151.95224 F8000
G1 X586.85742 Y144.67024 F8000
G0 Z0
G1 X587.14606 Y144.67024 F8000
G1 Z1 F8000
G1 X587.14606 Y144.67024 F8000
G1 X591.07015 Y151.467 F8000
G0 Z0
G1 X591.07015 Y150.96699 F8000
G1 Z1 F8000
G1 X591.07015 Y150.96699 F8000
G1 X587.43472 Y144.67024 F8000
G0 Z0
G1 X587.7234 Y144.67024 F8000
G1 Z1 F8000
G1 X587.7234 Y144.67024 F8000
G1 X591.07015 Y150.46698 F8000
G0 Z0
G1 X591.07015 Y149.96699 F8000
G1 Z1 F8000
G1 X591.07015 Y149.96699 F8000
G1 X588.01206 Y144.67024 F8000
G0 Z0
G1 X588.30075 Y144.67024 F8000
G1 Z1 F8000
G1 X588.30075 Y144.67024 F8000
G1 X591.07015 Y149.46698 F8000
G0 Z0
G1 X591.07015 Y148.96697 F8000
G1 Z1 F8000
G1 X591.07015 Y148.96697 F8000
G1 X588.58941 Y144.67024 F8000
G0 Z0
G1 X588.8781 Y144.67024 F8000
G1 Z1 F8000
G1 X588.8781 Y144.67024 F8000
G1 X591.07015 Y148.46699 F8000
G0 Z0
G1 X591.07015 Y147.96698 F8000
G1 Z1 F8000
G1 X591.07015 Y147.96698 F8000
G1 X589.16679 Y144.67024 F8000
G0 Z0
G1 X589.45545 Y144.67024 F8000
G1 Z1 F8000
G1 X589.45545 Y144.67024 F8000
G1 X591.07015 Y147.46697 F8000
G0 Z0
G1 X591.07015 Y146.96699 F8000
G1 Z1 F8000
G1 X591.07015 Y146.96699 F8000
G1 X589.74413 Y144.67024 F8000
G0 Z0
G1 X590.03279 Y144.67024 F8000
G1 Z1 F8000
G1 X590.03279 Y144.67024 F8000
G1 X591.07015 Y146.46698 F8000
G0 Z0
G1 X591.07015 Y145.96699 F8000
G1 Z1 F8000
G1 X591.07015 Y145.96699 F8000
G1 X590.32148 Y144.67024 F8000
G0 Z0
G1 X590.61014 Y144.67024 F8000
G1 Z1 F8000
G1 X590.61014 Y144.67024 F8000
G1 X591.07015 Y145.46698 F8000
G0 Z0
G1 X591.07015 Y144.96697 F8000
G1 Z1 F8000
G1 X591.07015 Y144.96697 F8000
G1 X590.89883 Y144.67024 F8000
G0 Z0
G1 X586.56876 Y144.67024 F8000
G1 Z1 F8000
G1 X586.56876 Y144.67024 F8000
G1 X590.77302 Y151.95224 F8000
G0 Z0
G1 X590.48433 Y151.95224 F8000
G1 Z1 F8000
G1 X590.48433 Y151.95224 F8000
G1 X586.28007 Y144.67024 F8000
G0 Z0
G1 X585.99139 Y144.67024 F8000
G1 Z1 F8000
G1 X585.99139 Y144.67024 F8000
G1 X590.19567 Y151.95224 F8000
G0 Z0
G1 X589.90698 Y151.95224 F8000
G1 Z1 F8000
G1 X589.90698 Y151.95224 F8000
G1 X585.70273 Y144.67024 F8000
G0 Z0
G1 X585.41404 Y144.67024 F8000
G1 Z1 F8000
G1 X585.41404 Y144.67024 F8000
G1 X589.61832 Y151.95224 F8000
G0 Z0
G1 X589.32964 Y151.95224 F8000
G1 Z1 F8000
G1 X589.32964 Y151.95224 F8000
G1 X585.12538 Y144.67024 F8000
G0 Z0
G1 X584.83669 Y144.67024 F8000
G1 Z1 F8000
G1 X584.83669 Y144.67024 F8000
G1 X589.04095 Y151.95224 F8000
G0 Z0
G1 X588.75229 Y151.95224 F8000
G1 Z1 F8000
G1 X588.75229 Y151.95224 F8000
G1 X584.54803 Y144.67024 F8000
G0 Z0
G1 X584.25934 Y144.67024 F8000
G1 Z1 F8000
G1 X584.25934 Y144.67024 F8000
G1 X588.4636 Y151.95224 F8000
G0 Z0
G1 X588.17494 Y151.95224 F8000
G1 Z1 F8000
G1 X588.17494 Y151.95224 F8000
G1 X583.97068 Y144.67024 F8000
G0 Z0
G1 X583.682 Y144.67024 F8000
G1 Z1 F8000
G1 X583.682 Y144.67024 F8000
G1 X587.88625 Y151.95224 F8000
G0 Z0
G1 X587.59759 Y151.95224 F8000
G1 Z1 F8000
G1 X587.59759 Y151.95224 F8000
G1 X583.39331 Y144.67024 F8000
G0 Z0
G1 X583.10465 Y144.67024 F8000
G1 Z1 F8000
G1 X583.10465 Y144.67024 F8000
G1 X587.30891 Y151.95224 F8000
G0 Z0
G1 X587.02025 Y151.95224 F8000
G1 Z1 F8000
G1 X587.02025 Y151.95224 F8000
G1 X582.81596 Y144.67024 F8000
G0 Z0
G1 X582.5273 Y144.67024 F8000
G1 Z1 F8000
G1 X582.5273 Y144.67024 F8000
G1 X586.73156 Y151.95224 F8000
G0 Z0
G1 X586.44287 Y151.95224 F8000
G1 Z1 F8000
G1 X586.44287 Y151.95224 F8000
G1 X582.23861 Y144.67024 F8000
G0 Z0
G1 X581.94995 Y144.67024 F8000
G1 Z1 F8000
G1 X581.94995 Y144.67024 F8000
G1 X586.15421 Y151.95224 F8000
G0 Z0
G1 X585.86552 Y151.95224 F8000
G1 Z1 F8000
G1 X585.86552 Y151.95224 F8000
G1 X581.66127 Y144.67024 F8000
G0 Z0
G1 X581.37258 Y144.67024 F8000
G1 Z1 F8000
G1 X581.37258 Y144.67024 F8000
G1 X585.57686 Y151.95224 F8000
G0 Z0
G1 X585.28818 Y151.95224 F8000
G1 Z1 F8000
G1 X585.28818 Y151.95224 F8000
G1 X581.08392 Y144.67024 F8000
G0 Z0
G1 X580.79523 Y144.67024 F8000
G1 Z1 F8000
G1 X580.79523 Y144.67024 F8000
G1 X584.99952 Y151.95224 F8000
G0 Z0
G1 X584.71083 Y151.95224 F8000
G1 Z1 F8000
G1 X584.71083 Y151.95224 F8000
G1 X580.50657 Y144.67024 F8000
G0 Z0
G1 X580.21788 Y144.67024 F8000
G1 Z1 F8000
G1 X580.21788 Y144.67024 F8000
G1 X584.42217 Y151.95224 F8000
G0 Z0
G1 X584.13348 Y151.95224 F8000
G1 Z1 F8000
G1 X584.13348 Y151.95224 F8000
G1 X579.92922 Y144.67024 F8000
G0 Z0
G1 X579.64054 Y144.67024 F8000
G1 Z1 F8000
G1 X579.64054 Y144.67024 F8000
G1 X583.84479 Y151.95224 F8000
G0 Z0
G1 X583.55613 Y151.95224 F8000
G1 Z1 F8000
G1 X583.55613 Y151.95224 F8000
G1 X579.35188 Y144.67024 F8000
G0 Z0
G1 X579.06319 Y144.67024 F8000
G1 Z1 F8000
G1 X579.06319 Y144.67024 F8000
G1 X583.26745 Y151.95224 F8000
G0 Z0
G1 X582.97879 Y151.95224 F8000
G1 Z1 F8000
G1 X582.97879 Y151.95224 F8000
G1 X578.7745 Y144.67024 F8000
G0 Z0
G1 X578.48584 Y144.67024 F8000
G1 Z1 F8000
G1 X578.48584 Y144.67024 F8000
G1 X582.6901 Y151.95224 F8000
G0 Z0
G1 X582.40144 Y151.95224 F8000
G1 Z1 F8000
G1 X582.40144 Y151.95224 F8000
G1 X578.19715 Y144.67024 F8000
G0 Z0
G1 X577.90849 Y144.67024 F8000
G1 Z1 F8000
G1 X577.90849 Y144.67024 F8000
G1 X582.11275 Y151.95224 F8000
G0 Z0
G1 X581.82406 Y151.95224 F8000
G1 Z1 F8000
G1 X581.82406 Y151.95224 F8000
G1 X577.61981 Y144.67024 F8000
G0 Z0
G1 X577.33115 Y144.67024 F8000
G1 Z1 F8000
G1 X577.33115 Y144.67024 F8000
G1 X581.5354 Y151.95224 F8000
G0 Z0
G1 X581.24672 Y151.95224 F8000
G1 Z1 F8000
G1 X581.24672 Y151.95224 F8000
G1 X577.04246 Y144.67024 F8000
G0 Z0
G1 X576.7538 Y144.67024 F8000
G1 Z1 F8000
G1 X576.7538 Y144.67024 F8000
G1 X580.95806 Y151.95224 F8000
G0 Z0
G1 X580.66937 Y151.95224 F8000
G1 Z1 F8000
G1 X580.66937 Y151.95224 F8000
G1 X576.46511 Y144.67024 F8000
G0 Z0
G1 X576.17642 Y144.67024 F8000
G1 Z1 F8000
G1 X576.17642 Y144.67024 F8000
G1 X580.38071 Y151.95224 F8000
G0 Z0
G1 X580.09202 Y151.95224 F8000
G1 Z1 F8000
G1 X580.09202 Y151.95224 F8000
G1 X575.88776 Y144.67024 F8000
G0 Z0
G1 X575.59908 Y144.67024 F8000
G1 Z1 F8000
G1 X575.59908 Y144.67024 F8000
G1 X579.80336 Y151.95224 F8000
G0 Z0
G1 X579.51467 Y151.95224 F8000
G1 Z1 F8000
G1 X579.51467 Y151.95224 F8000
G1 X575.31042 Y144.67024 F8000
G0 Z0
G1 X575.02173 Y144.67024 F8000
G1 Z1 F8000
G1 X575.02173 Y144.67024 F8000
G1 X579.22599 Y151.95224 F8000
G0 Z0
G1 X578.93733 Y151.95224 F8000
G1 Z1 F8000
G1 X578.93733 Y151.95224 F8000
G1 X574.73307 Y144.67024 F8000
G0 Z0
G1 X574.44438 Y144.67024 F8000
G1 Z1 F8000
G1 X574.44438 Y144.67024 F8000
G1 X578.64864 Y151.95224 F8000
G0 Z0
G1 X578.35998 Y151.95224 F8000
G1 Z1 F8000
G1 X578.35998 Y151.95224 F8000
G1 X574.15572 Y144.67024 F8000
G0 Z0
G1 X573.86703 Y144.67024 F8000
G1 Z1 F8000
G1 X573.86703 Y144.67024 F8000
G1 X578.07129 Y151.95224 F8000
G0 Z0
G1 X577.78263 Y151.95224 F8000
G1 Z1 F8000
G1 X577.78263 Y151.95224 F8000
G1 X573.57835 Y144.67024 F8000
G0 Z0
G1 X573.28969 Y144.67024 F8000
G1 Z1 F8000
G1 X573.28969 Y144.67024 F8000
G1 X577.49394 Y151.95224 F8000
G0 Z0
G1 X577.20528 Y151.95224 F8000
G1 Z1 F8000
G1 X577.20528 Y151.95224 F8000
G1 X573.001 Y144.67024 F8000
G0 Z0
G1 X572.71234 Y144.67024 F8000
G1 Z1 F8000
G1 X572.71234 Y144.67024 F8000
G1 X576.9166 Y151.95224 F8000
G0 Z0
G1 X576.62791 Y151.95224 F8000
G1 Z1 F8000
G1 X576.62791 Y151.95224 F8000
G1 X572.42365 Y144.67024 F8000
G0 Z0
G1 X572.13499 Y144.67024 F8000
G1 Z1 F8000
G1 X572.13499 Y144.67024 F8000
G1 X576.33925 Y151.95224 F8000
G0 Z0
G1 X576.05056 Y151.95224 F8000
G1 Z1 F8000
G1 X576.05056 Y151.95224 F8000
G1 X571.8463 Y144.67024 F8000
G0 Z0
G1 X571.55764 Y144.67024 F8000
G1 Z1 F8000
G1 X571.55764 Y144.67024 F8000
G1 X575.7619 Y151.95224 F8000
G0 Z0
G1 X575.47321 Y151.95224 F8000
G1 Z1 F8000
G1 X575.47321 Y151.95224 F8000
G1 X571.26896 Y144.67024 F8000
G0 Z0
G1 X570.98027 Y144.67024 F8000
G1 Z1 F8000
G1 X570.98027 Y144.67024 F8000
G1 X575.18455 Y151.95224 F8000
G0 Z0
G1 X574.89587 Y151.95224 F8000
G1 Z1 F8000
G1 X574.89587 Y151.95224 F8000
G1 X570.69161 Y144.67024 F8000
G0 Z0
G1 X570.40292 Y144.67024 F8000
G1 Z1 F8000
G1 X570.40292 Y144.67024 F8000
G1 X574.60721 Y151.95224 F8000
G0 Z0
G1 X574.31852 Y151.95224 F8000
G1 Z1 F8000
G1 X574.31852 Y151.95224 F8000
G1 X570.11426 Y144.67024 F8000
G0 Z0
G1 X569.82557 Y144.67024 F8000
G1 Z1 F8000
G1 X569.82557 Y144.67024 F8000
G1 X574.02983 Y151.95224 F8000
G0 Z0
G1 X573.74117 Y151.95224 F8000
G1 Z1 F8000
G1 X573.74117 Y151.95224 F8000
G1 X569.53691 Y144.67024 F8000
G0 Z0
G1 X569.24823 Y144.67024 F8000
G1 Z1 F8000
G1 X569.24823 Y144.67024 F8000
G1 X573.45248 Y151.95224 F8000
G0 Z0
G1 X573.16382 Y151.95224 F8000
G1 Z1 F8000
G1 X573.16382 Y151.95224 F8000
G1 X568.95957 Y144.67024 F8000
G0 Z0
G1 X568.67088 Y144.67024 F8000
G1 Z1 F8000
G1 X568.67088 Y144.67024 F8000
G1 X572.87514 Y151.95224 F8000
G0 Z0
G1 X572.58648 Y151.95224 F8000
G1 Z1 F8000
G1 X572.58648 Y151.95224 F8000
G1 X568.38219 Y144.67024 F8000
G0 Z0
G1 X568.09353 Y144.67024 F8000
G1 Z1 F8000
G1 X568.09353 Y144.67024 F8000
G1 X572.29779 Y151.95224 F8000
G0 Z0
G1 X572.00913 Y151.95224 F8000
G1 Z1 F8000
G1 X572.00913 Y151.95224 F8000
G1 X567.80484 Y144.67024 F8000
G0 Z0
G1 X567.51618 Y144.67024 F8000
G1 Z1 F8000
G1 X567.51618 Y144.67024 F8000
G1 X571.72044 Y151.95224 F8000
G0 Z0
G1 X571.43176 Y151.95224 F8000
G1 Z1 F8000
G1 X571.43176 Y151.95224 F8000
G1 X567.2275 Y144.67024 F8000
G0 Z0
G1 X566.93884 Y144.67024 F8000
G1 Z1 F8000
G1 X566.93884 Y144.67024 F8000
G1 X571.14309 Y151.95224 F8000
G0 Z0
G1 X570.85441 Y151.95224 F8000
G1 Z1 F8000
G1 X570.85441 Y151.95224 F8000
G1 X566.65015 Y144.67024 F8000
G0 Z0
G1 X566.36149 Y144.67024 F8000
G1 Z1 F8000
G1 X566.36149 Y144.67024 F8000
G1 X570.56575 Y151.95224 F8000
G0 Z0
G1 X570.27706 Y151.95224 F8000
G1 Z1 F8000
G1 X570.27706 Y151.95224 F8000
G1 X566.0728 Y144.67024 F8000
G0 Z0
G1 X565.78411 Y144.67024 F8000
G1 Z1 F8000
G1 X565.78411 Y144.67024 F8000
G1 X569.9884 Y151.95224 F8000
G0 Z0
G1 X569.69971 Y151.95224 F8000
G1 Z1 F8000
G1 X569.69971 Y151.95224 F8000
G1 X565.49545 Y144.67024 F8000
G0 Z0
G1 X565.20677 Y144.67024 F8000
G1 Z1 F8000
G1 X565.20677 Y144.67024 F8000
G1 X569.41105 Y151.95224 F8000
G0 Z0
G1 X569.12236 Y151.95224 F8000
G1 Z1 F8000
G1 X569.12236 Y151.95224 F8000
G1 X564.91811 Y144.67024 F8000
G0 Z0
G1 X564.62942 Y144.67024 F8000
G1 Z1 F8000
G1 X564.62942 Y144.67024 F8000
G1 X568.83368 Y151.95224 F8000
G0 Z0
G1 X568.54502 Y151.95224 F8000
G1 Z1 F8000
G1 X568.54502 Y151.95224 F8000
G1 X564.34076 Y144.67024 F8000
G0 Z0
G1 X564.05207 Y144.67024 F8000
G1 Z1 F8000
G1 X564.05207 Y144.67024 F8000
G1 X568.25633 Y151.95224 F8000
G0 Z0
G1 X567.96767 Y151.95224 F8000
G1 Z1 F8000
G1 X567.96767 Y151.95224 F8000
G1 X563.76341 Y144.67024 F8000
G0 Z0
G1 X563.47472 Y144.67024 F8000
G1 Z1 F8000
G1 X563.47472 Y144.67024 F8000
G1 X567.67898 Y151.95224 F8000
G0 Z0
G1 X567.39032 Y151.95224 F8000
G1 Z1 F8000
G1 X567.39032 Y151.95224 F8000
G1 X563.18604 Y144.67024 F8000
G0 Z0
G1 X562.89738 Y144.67024 F8000
G1 Z1 F8000
G1 X562.89738 Y144.67024 F8000
G1 X567.10163 Y151.95224 F8000
G0 Z0
G1 X566.81297 Y151.95224 F8000
G1 Z1 F8000
G1 X566.81297 Y151.95224 F8000
G1 X562.60869 Y144.67024 F8000
G0 Z0
G1 X562.32003 Y144.67024 F8000
G1 Z1 F8000
G1 X562.32003 Y144.67024 F8000
G1 X566.52429 Y151.95224 F8000
G0 Z0
G1 X566.2356 Y151.95224 F8000
G1 Z1 F8000
G1 X566.2356 Y151.95224 F8000
G1 X562.03134 Y144.67024 F8000
G0 Z0
G1 X561.74268 Y144.67024 F8000
G1 Z1 F8000
G1 X561.74268 Y144.67024 F8000
G1 X565.94694 Y151.95224 F8000
G0 Z0
G1 X565.65825 Y151.95224 F8000
G1 Z1 F8000
G1 X565.65825 Y151.95224 F8000
G1 X561.45399 Y144.67024 F8000
G0 Z0
G1 X561.16533 Y144.67024 F8000
G1 Z1 F8000
G1 X561.16533 Y144.67024 F8000
G1 X565.36959 Y151.95224 F8000
G0 Z0
G1 X565.0809 Y151.95224 F8000
G1 Z1 F8000
G1 X565.0809 Y151.95224 F8000
G1 X560.87665 Y144.67024 F8000
G0 Z0
G1 X560.58796 Y144.67024 F8000
G1 Z1 F8000
G1 X560.58796 Y144.67024 F8000
G1 X564.79224 Y151.95224 F8000
G0 Z0
G1 X564.50356 Y151.95224 F8000
G1 Z1 F8000
G1 X564.50356 Y151.95224 F8000
G1 X560.2993 Y144.67024 F8000
G0 Z0
G1 X560.01061 Y144.67024 F8000
G1 Z1 F8000
G1 X560.01061 Y144.67024 F8000
G1 X564.2149 Y151.95224 F8000
G0 Z0
G1 X563.92621 Y151.95224 F8000
G1 Z1 F8000
G1 X563.92621 Y151.95224 F8000
G1 X559.72195 Y144.67024 F8000
G0 Z0
G1 X559.43326 Y144.67024 F8000
G1 Z1 F8000
G1 X559.43326 Y144.67024 F8000
G1 X563.63752 Y151.95224 F8000
G0 Z0
G1 X563.34886 Y151.95224 F8000
G1 Z1 F8000
G1 X563.34886 Y151.95224 F8000
G1 X553.00857 Y134.04232 F8000
G0 Z0
G1 X552.6649 Y133.94707 F8000
G1 Z1 F8000
G1 X552.6649 Y133.94707 F8000
G1 X563.06018 Y151.95224 F8000
G0 Z0
G1 X562.77151 Y151.95224 F8000
G1 Z1 F8000
G1 X562.77151 Y151.95224 F8000
G1 X552.32708 Y133.86196 F8000
G0 Z0
G1 X552.00418 Y133.80269 F8000
G1 Z1 F8000
G1 X552.00418 Y133.80269 F8000
G1 X562.48283 Y151.95224 F8000
G0 Z0
G1 X562.19417 Y151.95224 F8000
G1 Z1 F8000
G1 X562.19417 Y151.95224 F8000
G1 X551.68867 Y133.75617 F8000
G0 Z0
G1 X551.37913 Y133.72006 F8000
G1 Z1 F8000
G1 X551.37913 Y133.72006 F8000
G1 X561.90548 Y151.95224 F8000
G0 Z0
G1 X561.61682 Y151.95224 F8000
G1 Z1 F8000
G1 X561.61682 Y151.95224 F8000
G1 X551.07267 Y133.68926 F8000
G0 Z0
G1 X550.76874 Y133.66286 F8000
G1 Z1 F8000
G1 X550.76874 Y133.66286 F8000
G1 X561.32813 Y151.95224 F8000
G0 Z0
G1 X561.03945 Y151.95224 F8000
G1 Z1 F8000
G1 X561.03945 Y151.95224 F8000
G1 X550.46891 Y133.64354 F8000
G0 Z0
G1 X550.17329 Y133.63148 F8000
G1 Z1 F8000
G1 X550.17329 Y133.63148 F8000
G1 X560.75078 Y151.95224 F8000
G0 Z0
G1 X560.4621 Y151.95132 F8000
G1 Z1 F8000
G1 X560.4621 Y151.95132 F8000
G1 X549.8836 Y133.62883 F8000
G0 Z0
G1 X549.57735 Y133.66032 F8000
G1 Z1 F8000
G1 X549.57735 Y133.66032 F8000
G1 X549.47635 Y133.79317 F8000
G1 X549.498 Y134.09895 F8000
G1 X550.06401 Y135.97834 F8000
G1 X550.2697 Y137.20368 F8000
G1 X550.27707 Y138.67339 F8000
G1 X550.10515 Y139.99764 F8000
G1 X549.71664 Y141.35378 F8000
G1 X549.08396 Y142.70562 F8000
G1 X548.3083 Y143.8532 F8000
G1 X547.29733 Y144.93885 F8000
G1 X546.20268 Y145.79811 F8000
G1 X545.06981 Y146.4462 F8000
G1 X543.8379 Y146.93477 F8000
G1 X542.52639 Y147.24889 F8000
G1 X541.23781 Y147.37491 F8000
G1 X540.06333 Y147.32026 F8000
G1 X538.86301 Y147.09936 F8000
G1 X537.28376 Y146.63115 F8000
G1 X535.44938 Y148.43857 F8000
G1 X534.10423 Y149.49593 F8000
G1 X532.42733 Y150.42548 F8000
G1 X530.14185 Y151.25728 F8000
G1 X529.52272 Y151.89742 F8000
G1 X528.84657 Y153.04513 F8000
G1 X528.37345 Y154.19332 F8000
G1 X528.15337 Y155.23962 F8000
G1 X528.09849 Y156.3684 F8000
G1 X528.24065 Y157.71825 F8000
G1 X528.55986 Y158.91118 F8000
G1 X529.09666 Y160.06791 F8000
G1 X529.68265 Y160.82623 F8000
G1 X530.33022 Y160.94538 F8000
G1 X529.89544 Y159.19116 F8000
G1 X529.84505 Y157.48925 F8000
G1 X530.16934 Y155.83009 F8000
G1 X530.84361 Y154.2807 F8000
G1 X531.70948 Y153.05825 F8000
G1 X532.73113 Y152.08212 F8000
G1 X534.15203 Y151.17566 F8000
G1 X535.50757 Y150.64552 F8000
G1 X536.65629 Y150.44377 F8000
G1 X537.97402 Y150.41335 F8000
G1 X538.87542 Y150.50793 F8000
G1 X540.20289 Y150.83155 F8000
G1 X541.87042 Y149.57891 F8000
G1 X543.43081 Y148.76314 F8000
G1 X544.84709 Y148.34643 F8000
G1 X546.63262 Y148.22858 F8000
G1 X548.35992 Y148.43561 F8000
G1 X549.24131 Y148.70169 F8000
G1 X550.16954 Y149.0969 F8000
G1 X551.61877 Y150.00619 F8000
G1 X553.39166 Y151.57288 F8000
G1 X554.92413 Y151.22057 F8000
G1 X556.04247 Y151.1425 F8000
G1 X556.97135 Y151.20948 F8000
G1 X557.76787 Y151.36476 F8000
G1 X559.23538 Y151.95116 F8000
G1 X591.07049 Y151.95116 F8000
G1 X591.07049 Y144.66916 F8000
G1 X559.29928 Y144.66916 F8000
G1 X559.40587 Y143.95526 F8000
G1 X559.4301 Y142.11049 F8000
G1 X559.3777 Y141.28617 F8000
G1 X559.21562 Y140.50803 F8000
G1 X558.89276 Y139.52827 F8000
G1 X558.42666 Y138.51445 F8000
G1 X557.85166 Y137.57478 F8000
G1 X557.17532 Y136.71664 F8000
G1 X556.40519 Y135.94743 F8000
G1 X555.54886 Y135.27454 F8000
G1 X554.61389 Y134.70537 F8000
G1 X553.70202 Y134.28418 F8000
G1 X552.7371 Y133.96037 F8000
G1 X551.94399 Y133.79066 F8000
G1 X550.4432 Y133.64003 F8000
G1 X549.57735 Y133.66026 F8000
G1 X560.17344 Y151.95132 F8000
G0 Z0
G1 X559.88475 Y151.95132 F8000
G1 Z1 F8000
G1 X559.88475 Y151.95132 F8000
G1 X549.47331 Y133.91815 F8000
G0 Z0
G1 X549.03622 Y134.05021 F8000
G1 Z1 F8000
G1 X549.03622 Y134.05021 F8000
G1 X532.10095 Y117.11493 F8000
G0 Z0
G1 X532.33841 Y116.99886 F8000
G1 Z1 F8000
G1 X532.33841 Y116.99886 F8000
G1 X548.55251 Y133.21293 F8000
G0 Z0
G1 X548.46766 Y131.71388 F8000
G1 Z1 F8000
G1 X548.46766 Y131.71388 F8000
G1 X533.25233 Y116.49856 F8000
G0 Z0
G1 X533.03146 Y116.63122 F8000
G1 Z1 F8000
G1 X533.03146 Y116.63122 F8000
G1 X548.11412 Y131.71388 F8000
G0 Z0
G1 X547.76056 Y131.71388 F8000
G1 Z1 F8000
G1 X547.76056 Y131.71388 F8000
G1 X532.80296 Y116.75629 F8000
G0 Z0
G1 X532.5741 Y116.88096 F8000
G1 Z1 F8000
G1 X532.5741 Y116.88096 F8000
G1 X547.40699 Y131.71388 F8000
G0 Z0
G1 X548.82122 Y131.71388 F8000
G1 Z1 F8000
G1 X548.82122 Y131.71388 F8000
G1 X533.47321 Y116.36587 F8000
G0 Z0
G1 X533.68654 Y116.22564 F8000
G1 Z1 F8000
G1 X533.68654 Y116.22564 F8000
G1 X549.17478 Y131.71388 F8000
G0 Z0
G1 X549.52832 Y131.71388 F8000
G1 Z1 F8000
G1 X549.52832 Y131.71388 F8000
G1 X533.89911 Y116.08464 F8000
G0 Z0
G1 X534.10524 Y115.93727 F8000
G1 Z1 F8000
G1 X534.10524 Y115.93727 F8000
G1 X549.88188 Y131.71388 F8000
G0 Z0
G1 X550.23544 Y131.71388 F8000
G1 Z1 F8000
G1 X550.23544 Y131.71388 F8000
G1 X534.30945 Y115.78791 F8000
G0 Z0
G1 X534.50884 Y115.63374 F8000
G1 Z1 F8000
G1 X534.50884 Y115.63374 F8000
G1 X550.58898 Y131.71388 F8000
G0 Z0
G1 X550.94254 Y131.71388 F8000
G1 Z1 F8000
G1 X550.94254 Y131.71388 F8000
G1 X534.70495 Y115.47629 F8000
G0 Z0
G1 X534.89825 Y115.31606 F8000
G1 Z1 F8000
G1 X534.89825 Y115.31606 F8000
G1 X551.29611 Y131.71388 F8000
G0 Z0
G1 X551.64964 Y131.71388 F8000
G1 Z1 F8000
G1 X551.64964 Y131.71388 F8000
G1 X535.08682 Y115.15104 F8000
G0 Z0
G1 X535.27491 Y114.98559 F8000
G1 Z1 F8000
G1 X535.27491 Y114.98559 F8000
G1 X552.00321 Y131.71388 F8000
G0 Z0
G1 X552.35674 Y131.71388 F8000
G1 Z1 F8000
G1 X552.35674 Y131.71388 F8000
G1 X535.45663 Y114.81374 F8000
G0 Z0
G1 X535.63832 Y114.6419 F8000
G1 Z1 F8000
G1 X535.63832 Y114.6419 F8000
G1 X552.7103 Y131.71388 F8000
G0 Z0
G1 X553.06387 Y131.71388 F8000
G1 Z1 F8000
G1 X553.06387 Y131.71388 F8000
G1 X535.81612 Y114.46613 F8000
G0 Z0
G1 X535.9918 Y114.28828 F8000
G1 Z1 F8000
G1 X535.9918 Y114.28828 F8000
G1 X553.4174 Y131.71388 F8000
G0 Z0
G1 X553.77097 Y131.71388 F8000
G1 Z1 F8000
G1 X553.77097 Y131.71388 F8000
G1 X536.16751 Y114.11043 F8000
G0 Z0
G1 X536.34351 Y113.93287 F8000
G1 Z1 F8000
G1 X536.34351 Y113.93287 F8000
G1 X554.12453 Y131.71388 F8000
G0 Z0
G1 X554.47807 Y131.71388 F8000
G1 Z1 F8000
G1 X554.47807 Y131.71388 F8000
G1 X536.51949 Y113.7553 F8000
G0 Z0
G1 X536.70081 Y113.58306 F8000
G1 Z1 F8000
G1 X536.70081 Y113.58306 F8000
G1 X554.83163 Y131.71388 F8000
G0 Z0
G1 X555.18519 Y131.71388 F8000
G1 Z1 F8000
G1 X555.18519 Y131.71388 F8000
G1 X536.88356 Y113.41225 F8000
G0 Z0
G1 X537.0753 Y113.25043 F8000
G1 Z1 F8000
G1 X537.0753 Y113.25043 F8000
G1 X555.53873 Y131.71388 F8000
G0 Z0
G1 X555.89229 Y131.71388 F8000
G1 Z1 F8000
G1 X555.89229 Y131.71388 F8000
G1 X537.27948 Y113.10107 F8000
G0 Z0
G1 X537.69702 Y113.16505 F8000
G1 Z1 F8000
G1 X537.69702 Y113.16505 F8000
G1 X556.24585 Y131.71388 F8000
G0 Z0
G1 X556.59939 Y131.71388 F8000
G1 Z1 F8000
G1 X556.59939 Y131.71388 F8000
G1 X538.19626 Y113.31075 F8000
G0 Z0
G1 X538.48484 Y113.0763 F8000
G1 Z1 F8000
G1 X538.48484 Y113.0763 F8000
G1 X505.20863 Y93.86429 F8000
G0 Z0
G1 X505.00479 Y94.03526 F8000
G1 Z1 F8000
G1 X505.00479 Y94.03526 F8000
G1 X537.08768 Y112.55833 F8000
G0 Z0
G1 X536.93269 Y112.75751 F8000
G1 Z1 F8000
G1 X536.93269 Y112.75751 F8000
G1 X504.80564 Y94.20896 F8000
G0 Z0
G1 X504.61654 Y94.38846 F8000
G1 Z1 F8000
G1 X504.61654 Y94.38846 F8000
G1 X536.77767 Y112.95669 F8000
G0 Z0
G1 X536.62265 Y113.15586 F8000
G1 Z1 F8000
G1 X536.62265 Y113.15586 F8000
G1 X504.42742 Y94.56795 F8000
G0 Z0
G1 X504.23922 Y94.74797 F8000
G1 Z1 F8000
G1 X504.23922 Y94.74797 F8000
G1 X536.46324 Y113.3525 F8000
G0 Z0
G1 X536.30258 Y113.54843 F8000
G1 Z1 F8000
G1 X536.30258 Y113.54843 F8000
G1 X504.06195 Y94.93429 F8000
G0 Z0
G1 X503.88468 Y95.12061 F8000
G1 Z1 F8000
G1 X503.88468 Y95.12061 F8000
G1 X536.13476 Y113.74022 F8000
G0 Z0
G1 X535.96302 Y113.92974 F8000
G1 Z1 F8000
G1 X535.96302 Y113.92974 F8000
G1 X503.71572 Y95.31175 F8000
G0 Z0
G1 X503.54911 Y95.50423 F8000
G1 Z1 F8000
G1 X503.54911 Y95.50423 F8000
G1 X535.78577 Y114.11606 F8000
G0 Z0
G1 X535.6031 Y114.29929 F8000
G1 Z1 F8000
G1 X535.6031 Y114.29929 F8000
G1 X503.38768 Y95.6997 F8000
G0 Z0
G1 X503.23179 Y95.89838 F8000
G1 Z1 F8000
G1 X503.23179 Y95.89838 F8000
G1 X535.41649 Y114.48024 F8000
G0 Z0
G1 X535.22303 Y114.65722 F8000
G1 Z1 F8000
G1 X535.22303 Y114.65722 F8000
G1 X503.07799 Y96.09825 F8000
G0 Z0
G1 X502.93284 Y96.30311 F8000
G1 Z1 F8000
G1 X502.93284 Y96.30311 F8000
G1 X535.02705 Y114.83274 F8000
G0 Z0
G1 X534.82282 Y115.0035 F8000
G1 Z1 F8000
G1 X534.82282 Y115.0035 F8000
G1 X502.78766 Y96.50798 F8000
G0 Z0
G1 X502.65235 Y96.71854 F8000
G1 Z1 F8000
G1 X502.65235 Y96.71854 F8000
G1 X534.61732 Y115.17352 F8000
G0 Z0
G1 X534.40227 Y115.33804 F8000
G1 Z1 F8000
G1 X534.40227 Y115.33804 F8000
G1 X502.518 Y96.92965 F8000
G0 Z0
G1 X502.39058 Y97.14475 F8000
G1 Z1 F8000
G1 X502.39058 Y97.14475 F8000
G1 X534.187 Y115.50243 F8000
G0 Z0
G1 X533.96094 Y115.6606 F8000
G1 Z1 F8000
G1 X533.96094 Y115.6606 F8000
G1 X502.26707 Y97.36214 F8000
G0 Z0
G1 X502.14769 Y97.58187 F8000
G1 Z1 F8000
G1 X502.14769 Y97.58187 F8000
G1 X533.73488 Y115.81876 F8000
G0 Z0
G1 X533.49826 Y115.97082 F8000
G1 Z1 F8000
G1 X533.49826 Y115.97082 F8000
G1 X502.03513 Y97.80558 F8000
G0 Z0
G1 X501.92398 Y98.03008 F8000
G1 Z1 F8000
G1 X501.92398 Y98.03008 F8000
G1 X533.26098 Y116.12248 F8000
G0 Z0
G1 X533.01331 Y116.26819 F8000
G1 Z1 F8000
G1 X533.01331 Y116.26819 F8000
G1 X501.82246 Y98.26013 F8000
G0 Z0
G1 X501.72094 Y98.49019 F8000
G1 Z1 F8000
G1 X501.72094 Y98.49019 F8000
G1 X532.76444 Y116.41315 F8000
G0 Z0
G1 X532.50486 Y116.55198 F8000
G1 Z1 F8000
G1 X532.50486 Y116.55198 F8000
G1 X501.62937 Y98.72601 F8000
G0 Z0
G1 X501.53904 Y98.96252 F8000
G1 Z1 F8000
G1 X501.53904 Y98.96252 F8000
G1 X532.24395 Y116.69001 F8000
G0 Z0
G1 X531.97138 Y116.82132 F8000
G1 Z1 F8000
G1 X531.97138 Y116.82132 F8000
G1 X501.45625 Y99.2034 F8000
G0 Z0
G1 X501.37725 Y99.44647 F8000
G1 Z1 F8000
G1 X501.37725 Y99.44647 F8000
G1 X531.6978 Y116.95203 F8000
G0 Z0
G1 X531.41081 Y117.07503 F8000
G1 Z1 F8000
G1 X531.41081 Y117.07503 F8000
G1 X501.30351 Y99.69256 F8000
G0 Z0
G1 X501.23601 Y99.94227 F8000
G1 Z1 F8000
G1 X501.23601 Y99.94227 F8000
G1 X531.12193 Y117.19693 F8000
G0 Z0
G1 X530.82055 Y117.31157 F8000
G1 Z1 F8000
G1 X530.82055 Y117.31157 F8000
G1 X501.17161 Y100.19376 F8000
G0 Z0
G1 X501.11581 Y100.45022 F8000
G1 Z1 F8000
G1 X501.11581 Y100.45022 F8000
G1 X530.51416 Y117.42338 F8000
G0 Z0
G1 X530.59107 Y117.72639 F8000
G1 Z1 F8000
G1 X530.59107 Y117.72639 F8000
G1 X549.93435 Y137.06966 F8000
G0 Z0
G1 X549.96086 Y137.44971 F8000
G1 Z1 F8000
G1 X549.96086 Y137.44971 F8000
G1 X530.32263 Y117.81148 F8000
G0 Z0
G1 X530.05347 Y117.89588 F8000
G1 Z1 F8000
G1 X530.05347 Y117.89588 F8000
G1 X549.97507 Y137.8175 F8000
G0 Z0
G1 X550.29468 Y137.84084 F8000
G1 Z1 F8000
G1 X550.29468 Y137.84084 F8000
G1 X558.17295 Y151.48636 F8000
G0 Z0
G1 X557.82351 Y151.38124 F8000
G1 Z1 F8000
G1 X557.82351 Y151.38124 F8000
G1 X550.28913 Y138.33127 F8000
G0 Z0
G1 X549.98036 Y138.17633 F8000
G1 Z1 F8000
G1 X549.98036 Y138.17633 F8000
G1 X529.77364 Y117.96959 F8000
G0 Z0
G1 X529.49379 Y118.04333 F8000
G1 Z1 F8000
G1 X529.49379 Y118.04333 F8000
G1 X549.96761 Y138.51712 F8000
G0 Z0
G1 X550.27495 Y137.30662 F8000
G1 Z1 F8000
G1 X550.27495 Y137.30662 F8000
G1 X558.5412 Y151.62419 F8000
G0 Z0
G1 X558.93521 Y151.80664 F8000
G1 Z1 F8000
G1 X558.93521 Y151.80664 F8000
G1 X550.20676 Y136.68855 F8000
G0 Z0
G1 X549.88196 Y136.66371 F8000
G1 Z1 F8000
G1 X549.88196 Y136.66371 F8000
G1 X530.85298 Y117.63473 F8000
G0 Z0
G1 X531.11064 Y117.53882 F8000
G1 Z1 F8000
G1 X531.11064 Y117.53882 F8000
G1 X549.80306 Y136.23125 F8000
G0 Z0
G1 X550.04447 Y135.90742 F8000
G1 Z1 F8000
G1 X550.04447 Y135.90742 F8000
G1 X559.3074 Y151.95132 F8000
G0 Z0
G1 X559.59609 Y151.95132 F8000
G1 Z1 F8000
G1 X559.59609 Y151.95132 F8000
G1 X549.71609 Y134.83867 F8000
G0 Z0
G1 X549.32287 Y134.69042 F8000
G1 Z1 F8000
G1 X549.32287 Y134.69042 F8000
G1 X531.86089 Y117.22841 F8000
G0 Z0
G1 X531.61353 Y117.33462 F8000
G1 Z1 F8000
G1 X531.61353 Y117.33462 F8000
G1 X549.52998 Y135.2511 F8000
G0 Z0
G1 X549.68604 Y135.76069 F8000
G1 Z1 F8000
G1 X549.68604 Y135.76069 F8000
G1 X531.36617 Y117.44082 F8000
G0 Z0
G1 X530.19719 Y117.52903 F8000
G1 Z1 F8000
G1 X530.19719 Y117.52903 F8000
G1 X501.06107 Y100.70729 F8000
G0 Z0
G1 X501.0172 Y100.97063 F8000
G1 Z1 F8000
G1 X501.0172 Y100.97063 F8000
G1 X529.87045 Y117.62907 F8000
G0 Z0
G1 X529.53642 Y117.7249 F8000
G1 Z1 F8000
G1 X529.53642 Y117.7249 F8000
G1 X500.97333 Y101.23397 F8000
G0 Z0
G1 X505.41728 Y93.69607 F8000
G1 Z1 F8000
G1 X505.41728 Y93.69607 F8000
G1 X539.36162 Y113.29384 F8000
G0 Z0
G1 X539.16604 Y113.5734 F8000
G1 Z1 F8000
G1 X539.16604 Y113.5734 F8000
G1 X557.30652 Y131.71388 F8000
G0 Z0
G1 X557.66005 Y131.71388 F8000
G1 Z1 F8000
G1 X557.66005 Y131.71388 F8000
G1 X539.60787 Y113.66169 F8000
G0 Z0
G1 X540.0275 Y113.72776 F8000
G1 Z1 F8000
G1 X540.0275 Y113.72776 F8000
G1 X558.01362 Y131.71388 F8000
G0 Z0
G1 X558.36715 Y131.71388 F8000
G1 Z1 F8000
G1 X558.36715 Y131.71388 F8000
G1 X540.42876 Y113.77547 F8000
G0 Z0
G1 X540.81453 Y113.80769 F8000
G1 Z1 F8000
G1 X540.81453 Y113.80769 F8000
G1 X558.72072 Y131.71388 F8000
G0 Z0
G1 X559.07428 Y131.71396 F8000
G1 Z1 F8000
G1 X559.07428 Y131.71396 F8000
G1 X541.18706 Y113.82674 F8000
G0 Z0
G1 X541.26016 Y113.52395 F8000
G1 Z1 F8000
G1 X541.26016 Y113.52395 F8000
G1 X506.0849 Y93.2155 F8000
G0 Z0
G1 X505.85609 Y93.37206 F8000
G1 Z1 F8000
G1 X505.85609 Y93.37206 F8000
G1 X540.70128 Y113.48995 F8000
G0 Z0
G1 X540.07554 Y113.41735 F8000
G1 Z1 F8000
G1 X540.07554 Y113.41735 F8000
G1 X505.63336 Y93.53216 F8000
G0 Z0
G1 X506.32012 Y93.06144 F8000
G1 Z1 F8000
G1 X506.32012 Y93.06144 F8000
G1 X541.76224 Y113.52395 F8000
G0 Z0
G1 X541.88704 Y113.81962 F8000
G1 Z1 F8000
G1 X541.88704 Y113.81962 F8000
G1 X548.71173 Y120.64432 F8000
G0 Z0
G1 X548.65278 Y120.9389 F8000
G1 Z1 F8000
G1 X548.65278 Y120.9389 F8000
G1 X541.5421 Y113.82825 F8000
G0 Z0
G1 X542.22322 Y113.80224 F8000
G1 Z1 F8000
G1 X542.22322 Y113.80224 F8000
G1 X548.76002 Y120.33904 F8000
G0 Z0
G1 X548.79899 Y120.02448 F8000
G1 Z1 F8000
G1 X548.79899 Y120.02448 F8000
G1 X542.54726 Y113.77274 F8000
G0 Z0
G1 X542.8619 Y113.73382 F8000
G1 Z1 F8000
G1 X542.8619 Y113.73382 F8000
G1 X548.825 Y119.69692 F8000
G0 Z0
G1 X549.11036 Y119.72828 F8000
G1 Z1 F8000
G1 X549.11036 Y119.72828 F8000
G1 X549.80523 Y120.93184 F8000
G0 Z0
G1 X550.09379 Y120.93184 F8000
G1 Z1 F8000
G1 X550.09379 Y120.93184 F8000
G1 X549.1347 Y119.27065 F8000
G0 Z0
G1 X548.84672 Y119.36508 F8000
G1 Z1 F8000
G1 X548.84672 Y119.36508 F8000
G1 X543.17059 Y113.68895 F8000
G0 Z0
G1 X543.46787 Y113.6327 F8000
G1 Z1 F8000
G1 X543.46787 Y113.6327 F8000
G1 X548.85374 Y119.01853 F8000
G0 Z0
G1 X548.85823 Y118.66949 F8000
G1 Z1 F8000
G1 X548.85823 Y118.66949 F8000
G1 X543.75897 Y113.57023 F8000
G0 Z0
G1 X544.04411 Y113.50181 F8000
G1 Z1 F8000
G1 X544.04411 Y113.50181 F8000
G1 X548.84768 Y118.30537 F8000
G0 Z0
G1 X549.1501 Y118.2972 F8000
G1 Z1 F8000
G1 X549.1501 Y118.2972 F8000
G1 X550.67121 Y120.93184 F8000
G0 Z0
G1 X550.6982 Y121.21656 F8000
G1 Z1 F8000
G1 X550.6982 Y121.21656 F8000
G1 X561.1956 Y131.71396 F8000
G0 Z0
G1 X561.54914 Y131.71396 F8000
G1 Z1 F8000
G1 X561.54914 Y131.71396 F8000
G1 X551.05174 Y121.21656 F8000
G0 Z0
G1 X550.95987 Y120.93184 F8000
G1 Z1 F8000
G1 X550.95987 Y120.93184 F8000
G1 X549.12798 Y117.75888 F8000
G0 Z0
G1 X548.83249 Y117.93662 F8000
G1 Z1 F8000
G1 X548.83249 Y117.93662 F8000
G1 X544.31944 Y113.4236 F8000
G0 Z0
G1 X544.59148 Y113.34208 F8000
G1 Z1 F8000
G1 X544.59148 Y113.34208 F8000
G1 X548.80434 Y117.55493 F8000
G0 Z0
G1 X548.76492 Y117.16198 F8000
G1 Z1 F8000
G1 X548.76492 Y117.16198 F8000
G1 X544.85403 Y113.25109 F8000
G0 Z0
G1 X545.11253 Y113.156 F8000
G1 Z1 F8000
G1 X545.11253 Y113.156 F8000
G1 X548.71605 Y116.75954 F8000
G0 Z0
G1 X548.99439 Y116.52753 F8000
G1 Z1 F8000
G1 X548.99439 Y116.52753 F8000
G1 X551.53722 Y120.93184 F8000
G0 Z0
G1 X551.24856 Y120.93184 F8000
G1 Z1 F8000
G1 X551.24856 Y120.93184 F8000
G1 X549.0795 Y117.17494 F8000
G0 Z0
G1 X548.64151 Y116.33145 F8000
G1 Z1 F8000
G1 X548.64151 Y116.33145 F8000
G1 X545.36449 Y113.05442 F8000
G0 Z0
G1 X545.61045 Y112.94684 F8000
G1 Z1 F8000
G1 X545.61045 Y112.94684 F8000
G1 X548.54637 Y115.88277 F8000
G0 Z0
G1 X548.84937 Y115.7763 F8000
G1 Z1 F8000
G1 X548.84937 Y115.7763 F8000
G1 X551.82591 Y120.93184 F8000
G0 Z0
G1 X552.11459 Y120.93184 F8000
G1 Z1 F8000
G1 X552.11459 Y120.93184 F8000
G1 X548.60103 Y114.84618 F8000
G0 Z0
G1 X548.28271 Y114.91198 F8000
G1 Z1 F8000
G1 X548.28271 Y114.91198 F8000
G1 X546.09392 Y112.72319 F8000
G0 Z0
G1 X547.56636 Y113.05808 F8000
G1 Z1 F8000
G1 X547.56636 Y113.05808 F8000
G1 X547.24057 Y112.502 F8000
G1 X547.02287 Y112.3329 F8000
G1 X545.17958 Y113.13127 F8000
G1 X544.13644 Y113.47744 F8000
G1 X542.86329 Y113.73565 F8000
G1 X541.46068 Y113.82976 F8000
G1 X539.64056 Y113.66832 F8000
G1 X537.29911 Y113.08964 F8000
G1 X534.58718 Y115.57441 F8000
G1 X533.55598 Y116.31355 F8000
G1 X532.43529 Y116.95331 F8000
G1 X531.12682 Y117.53585 F8000
G1 X529.78002 Y117.97134 F8000
G1 X528.40554 Y118.25889 F8000
G1 X526.91427 Y118.40177 F8000
G1 X525.51636 Y118.37999 F8000
G1 X524.22261 Y118.22483 F8000
G1 X522.844 Y117.91159 F8000
G1 X521.5979 Y117.48783 F8000
G1 X520.39463 Y116.94005 F8000
G1 X519.25467 Y116.28202 F8000
G1 X518.207 Y115.53061 F8000
G1 X517.07841 Y114.53244 F8000
G1 X516.78494 Y114.37233 F8000
G1 X516.33689 Y114.3893 F8000
G1 X514.53565 Y114.84926 F8000
G1 X513.15386 Y114.91617 F8000
G1 X510.64847 Y114.87232 F8000
G1 X508.48969 Y114.3613 F8000
G1 X508.03019 Y114.41519 F8000
G1 X507.62677 Y114.99424 F8000
G1 X507.14957 Y115.93974 F8000
G1 X506.76271 Y116.93325 F8000
G1 X506.56552 Y117.73495 F8000
G1 X506.48215 Y118.65813 F8000
G1 X506.50853 Y119.7572 F8000
G1 X506.63653 Y120.69338 F8000
G1 X506.86732 Y121.51491 F8000
G1 X507.2288 Y122.3974 F8000
G1 X507.68434 Y123.23642 F8000
G1 X508.23275 Y124.03062 F8000
G1 X508.87284 Y124.77865 F8000
G1 X510.33739 Y126.06785 F8000
G1 X512.49378 Y127.47003 F8000
G1 X511.08225 Y127.99161 F8000
G1 X510.01734 Y128.51572 F8000
G1 X509.04312 Y129.14511 F8000
G1 X508.05598 Y129.96635 F8000
G1 X507.12558 Y130.93705 F8000
G1 X506.39059 Y131.91039 F8000
G1 X505.73988 Y133.03249 F8000
G1 X505.24159 Y134.21182 F8000
G1 X504.89677 Y135.4349 F8000
G1 X504.7065 Y136.68825 F8000
G1 X504.67186 Y137.95839 F8000
G1 X504.79391 Y139.23184 F8000
G1 X505.07374 Y140.49513 F8000
G1 X505.5124 Y141.73477 F8000
G1 X506.05923 Y142.8464 F8000
G1 X506.77153 Y143.94612 F8000
G1 X507.83929 Y145.12784 F8000
G1 X509.12974 Y146.18491 F8000
G1 X510.53931 Y147.03248 F8000
G1 X512.0477 Y147.64092 F8000
G1 X513.66201 Y147.97531 F8000
G1 X515.76256 Y148.05341 F8000
G1 X517.1745 Y147.88913 F8000
G1 X518.9159 Y147.40471 F8000
G1 X520.28601 Y148.57096 F8000
G1 X521.3945 Y149.36223 F8000
G1 X522.61255 Y150.04537 F8000
G1 X523.77696 Y150.52698 F8000
G1 X525.07878 Y150.88576 F8000
G1 X526.44258 Y151.08352 F8000
G1 X527.87826 Y151.12488 F8000
G1 X529.30404 Y151.00511 F8000
G1 X530.3861 Y150.79602 F8000
G1 X531.52655 Y150.45308 F8000
G1 X532.62365 Y149.99083 F8000
G1 X533.58982 Y149.46275 F8000
G1 X535.09787 Y148.35172 F8000
G1 X537.1883 Y146.23056 F8000
G1 X538.60813 Y146.71717 F8000
G1 X539.96242 Y146.9731 F8000
G1 X541.39983 Y147.0265 F8000
G1 X542.80731 Y146.86931 F8000
G1 X544.05731 Y146.52566 F8000
G1 X545.34613 Y145.94178 F8000
G1 X546.54916 Y145.15416 F8000
G1 X547.5871 Y144.20865 F8000
G1 X548.67823 Y142.77363 F8000
G1 X549.43269 Y141.22651 F8000
G1 X549.85389 Y139.68849 F8000
G1 X549.98101 Y137.9131 F8000
G1 X549.8059 Y136.21744 F8000
G1 X549.28005 Y134.57506 F8000
G1 X548.53975 Y133.18786 F8000
G1 X547.37374 Y131.71296 F8000
G1 X593.05648 Y131.71296 F8000
G1 X593.05648 Y121.21555 F8000
G1 X548.58749 Y121.21555 F8000
G1 X548.76635 Y120.32588 F8000
G1 X548.84934 Y119.33544 F8000
G1 X548.75707 Y117.05697 F8000
G1 X548.35064 Y115.1267 F8000
G1 X547.56636 Y113.05808 F8000
G0 Z0
G1 X545.85222 Y112.83503 F8000
G1 Z1 F8000
G1 X545.85222 Y112.83503 F8000
G1 X548.42921 Y115.41205 F8000
G0 Z0
G1 X548.10526 Y114.38099 F8000
G1 Z1 F8000
G1 X548.10526 Y114.38099 F8000
G1 X546.33562 Y112.61135 F8000
G0 Z0
G1 X546.57731 Y112.49949 F8000
G1 Z1 F8000
G1 X546.57731 Y112.49949 F8000
G1 X547.89425 Y113.81642 F8000
G0 Z0
G1 X548.08139 Y113.44614 F8000
G1 Z1 F8000
G1 X548.08139 Y113.44614 F8000
G1 X552.40326 Y120.93184 F8000
G0 Z0
G1 X552.69194 Y120.93184 F8000
G1 Z1 F8000
G1 X552.69194 Y120.93184 F8000
G1 X547.57678 Y112.07213 F8000
G0 Z0
G1 X547.7336 Y111.84374 F8000
G1 Z1 F8000
G1 X547.7336 Y111.84374 F8000
G1 X552.9806 Y120.93184 F8000
G0 Z0
G1 X553.26929 Y120.93184 F8000
G1 Z1 F8000
G1 X553.26929 Y120.93184 F8000
G1 X547.90658 Y111.64335 F8000
G0 Z0
G1 X548.08449 Y111.4515 F8000
G1 Z1 F8000
G1 X548.08449 Y111.4515 F8000
G1 X553.55795 Y120.93184 F8000
G0 Z0
G1 X553.52662 Y121.21656 F8000
G1 Z1 F8000
G1 X553.52662 Y121.21656 F8000
G1 X564.02403 Y131.71396 F8000
G0 Z0
G1 X564.37756 Y131.71396 F8000
G1 Z1 F8000
G1 X564.37756 Y131.71396 F8000
G1 X553.88016 Y121.21656 F8000
G0 Z0
G1 X553.84664 Y120.93184 F8000
G1 Z1 F8000
G1 X553.84664 Y120.93184 F8000
G1 X548.26872 Y111.27057 F8000
G0 Z0
G1 X548.45308 Y111.08994 F8000
G1 Z1 F8000
G1 X548.45308 Y111.08994 F8000
G1 X554.1353 Y120.93184 F8000
G0 Z0
G1 X554.42399 Y120.93184 F8000
G1 Z1 F8000
G1 X554.42399 Y120.93184 F8000
G1 X548.63807 Y110.91034 F8000
G0 Z0
G1 X548.82196 Y110.72884 F8000
G1 Z1 F8000
G1 X548.82196 Y110.72884 F8000
G1 X554.71267 Y120.93184 F8000
G0 Z0
G1 X555.00133 Y120.93184 F8000
G1 Z1 F8000
G1 X555.00133 Y120.93184 F8000
G1 X549.00227 Y110.54114 F8000
G0 Z0
G1 X549.18044 Y110.34974 F8000
G1 Z1 F8000
G1 X549.18044 Y110.34974 F8000
G1 X555.29002 Y120.93184 F8000
G0 Z0
G1 X555.29439 Y121.21656 F8000
G1 Z1 F8000
G1 X555.29439 Y121.21656 F8000
G1 X565.79179 Y131.71396 F8000
G0 Z0
G1 X565.43822 Y131.71396 F8000
G1 Z1 F8000
G1 X565.43822 Y131.71396 F8000
G1 X554.94082 Y121.21656 F8000
G0 Z0
G1 X554.58729 Y121.21656 F8000
G1 Z1 F8000
G1 X554.58729 Y121.21656 F8000
G1 X565.08469 Y131.71396 F8000
G0 Z0
G1 X564.73113 Y131.71396 F8000
G1 Z1 F8000
G1 X564.73113 Y131.71396 F8000
G1 X554.23372 Y121.21656 F8000
G0 Z0
G1 X553.17306 Y121.21656 F8000
G1 Z1 F8000
G1 X553.17306 Y121.21656 F8000
G1 X563.67046 Y131.71396 F8000
G0 Z0
G1 X563.31693 Y131.71396 F8000
G1 Z1 F8000
G1 X563.31693 Y131.71396 F8000
G1 X552.81952 Y121.21656 F8000
G0 Z0
G1 X552.46596 Y121.21656 F8000
G1 Z1 F8000
G1 X552.46596 Y121.21656 F8000
G1 X562.96336 Y131.71396 F8000
G0 Z0
G1 X562.6098 Y131.71396 F8000
G1 Z1 F8000
G1 X562.6098 Y131.71396 F8000
G1 X552.1124 Y121.21656 F8000
G0 Z0
G1 X551.75886 Y121.21656 F8000
G1 Z1 F8000
G1 X551.75886 Y121.21656 F8000
G1 X562.25626 Y131.71396 F8000
G0 Z0
G1 X561.9027 Y131.71396 F8000
G1 Z1 F8000
G1 X561.9027 Y131.71396 F8000
G1 X551.4053 Y121.21656 F8000
G0 Z0
G1 X550.34464 Y121.21656 F8000
G1 Z1 F8000
G1 X550.34464 Y121.21656 F8000
G1 X560.84204 Y131.71396 F8000
G0 Z0
G1 X560.48848 Y131.71396 F8000
G1 Z1 F8000
G1 X560.48848 Y131.71396 F8000
G1 X549.99107 Y121.21656 F8000
G0 Z0
G1 X549.63754 Y121.21656 F8000
G1 Z1 F8000
G1 X549.63754 Y121.21656 F8000
G1 X560.13494 Y131.71396 F8000
G0 Z0
G1 X559.78138 Y131.71396 F8000
G1 Z1 F8000
G1 X559.78138 Y131.71396 F8000
G1 X549.28397 Y121.21656 F8000
G0 Z0
G1 X549.22788 Y120.93184 F8000
G1 Z1 F8000
G1 X549.22788 Y120.93184 F8000
G1 X549.04323 Y120.61201 F8000
G0 Z0
G1 X549.0853 Y120.18489 F8000
G1 Z1 F8000
G1 X549.0853 Y120.18489 F8000
G1 X549.51657 Y120.93184 F8000
G0 Z0
G1 X548.93041 Y121.21656 F8000
G1 Z1 F8000
G1 X548.93041 Y121.21656 F8000
G1 X559.42781 Y131.71396 F8000
G0 Z0
G1 X556.95295 Y131.71388 F8000
G1 Z1 F8000
G1 X556.95295 Y131.71388 F8000
G1 X538.69683 Y113.45775 F8000
G0 Z0
G1 X542.2174 Y113.49805 F8000
G1 Z1 F8000
G1 X542.2174 Y113.49805 F8000
G1 X506.56401 Y92.91356 F8000
G0 Z0
G1 X506.81589 Y92.77032 F8000
G1 Z1 F8000
G1 X506.81589 Y92.77032 F8000
G1 X542.6383 Y113.45238 F8000
G0 Z0
G1 X543.03861 Y113.39484 F8000
G1 Z1 F8000
G1 X543.03861 Y113.39484 F8000
G1 X507.07505 Y92.63128 F8000
G0 Z0
G1 X507.34162 Y92.4965 F8000
G1 Z1 F8000
G1 X507.34162 Y92.4965 F8000
G1 X543.4175 Y113.32491 F8000
G0 Z0
G1 X543.77865 Y113.24476 F8000
G1 Z1 F8000
G1 X543.77865 Y113.24476 F8000
G1 X507.61573 Y92.36606 F8000
G0 Z0
G1 X507.89994 Y92.24149 F8000
G1 Z1 F8000
G1 X507.89994 Y92.24149 F8000
G1 X544.12502 Y113.15605 F8000
G0 Z0
G1 X544.4581 Y113.05969 F8000
G1 Z1 F8000
G1 X544.4581 Y113.05969 F8000
G1 X508.1953 Y92.12333 F8000
G0 Z0
G1 X508.49446 Y92.00739 F8000
G1 Z1 F8000
G1 X508.49446 Y92.00739 F8000
G1 X544.77865 Y112.95608 F8000
G0 Z0
G1 X545.08284 Y112.84302 F8000
G1 Z1 F8000
G1 X545.08284 Y112.84302 F8000
G1 X508.79776 Y91.8938 F8000
G0 Z0
G1 X509.11589 Y91.78882 F8000
G1 Z1 F8000
G1 X509.11589 Y91.78882 F8000
G1 X545.37724 Y112.72433 F8000
G0 Z0
G1 X545.6627 Y112.60045 F8000
G1 Z1 F8000
G1 X545.6627 Y112.60045 F8000
G1 X509.43405 Y91.68383 F8000
G0 Z0
G1 X507.37252 Y90.20494 F8000
G1 Z1 F8000
G1 X507.37252 Y90.20494 F8000
G1 X545.93562 Y112.46935 F8000
G0 Z0
G1 X546.19883 Y112.33264 F8000
G1 Z1 F8000
G1 X546.19883 Y112.33264 F8000
G1 X506.09091 Y89.17632 F8000
G0 Z0
G1 X505.3928 Y88.48459 F8000
G1 Z1 F8000
G1 X505.3928 Y88.48459 F8000
G1 X546.45531 Y112.19204 F8000
G0 Z0
G1 X546.70085 Y112.04514 F8000
G1 Z1 F8000
G1 X546.70085 Y112.04514 F8000
G1 X504.90166 Y87.91235 F8000
G0 Z0
G1 X504.51854 Y87.40247 F8000
G1 Z1 F8000
G1 X504.51854 Y87.40247 F8000
G1 X546.93852 Y111.89367 F8000
G0 Z0
G1 X547.17112 Y111.73928 F8000
G1 Z1 F8000
G1 X547.17112 Y111.73928 F8000
G1 X504.21086 Y86.93617 F8000
G0 Z0
G1 X503.95781 Y86.50138 F8000
G1 Z1 F8000
G1 X503.95781 Y86.50138 F8000
G1 X547.39202 Y111.57815 F8000
G0 Z0
G1 X547.60847 Y111.41443 F8000
G1 Z1 F8000
G1 X547.60847 Y111.41443 F8000
G1 X503.74551 Y86.09017 F8000
G0 Z0
G1 X503.56443 Y85.69691 F8000
G1 Z1 F8000
G1 X503.56443 Y85.69691 F8000
G1 X547.81792 Y111.24671 F8000
G0 Z0
G1 X548.01958 Y111.07447 F8000
G1 Z1 F8000
G1 X548.01958 Y111.07447 F8000
G1 X503.40769 Y85.31777 F8000
G0 Z0
G1 X503.27391 Y84.95185 F8000
G1 Z1 F8000
G1 X503.27391 Y84.95185 F8000
G1 X548.21813 Y110.9004 F8000
G0 Z0
G1 X548.40625 Y110.72032 F8000
G1 Z1 F8000
G1 X548.40625 Y110.72032 F8000
G1 X503.16308 Y84.59918 F8000
G0 Z0
G1 X503.06722 Y84.25517 F8000
G1 Z1 F8000
G1 X503.06722 Y84.25517 F8000
G1 X548.59201 Y110.5389 F8000
G0 Z0
G1 X548.7705 Y110.35329 F8000
G1 Z1 F8000
G1 X548.7705 Y110.35329 F8000
G1 X502.99557 Y83.92511 F8000
G0 Z0
G1 X502.94514 Y83.60731 F8000
G1 Z1 F8000
G1 X502.94514 Y83.60731 F8000
G1 X548.94266 Y110.16401 F8000
G0 Z0
G1 X549.1107 Y109.97234 F8000
G1 Z1 F8000
G1 X549.1107 Y109.97234 F8000
G1 X502.90979 Y83.29825 F8000
G0 Z0
G1 X502.88191 Y82.99345 F8000
G1 Z1 F8000
G1 X502.88191 Y82.99345 F8000
G1 X549.27159 Y109.77658 F8000
G0 Z0
G1 X549.42704 Y109.57761 F8000
G1 Z1 F8000
G1 X549.42704 Y109.57761 F8000
G1 X502.86524 Y82.69514 F8000
G0 Z0
G1 X502.85637 Y82.40134 F8000
G1 Z1 F8000
G1 X502.85637 Y82.40134 F8000
G1 X549.57843 Y109.37634 F8000
G0 Z0
G1 X549.72231 Y109.17073 F8000
G1 Z1 F8000
G1 X549.72231 Y109.17073 F8000
G1 X502.85294 Y82.1107 F8000
G0 Z0
G1 X502.86077 Y81.82653 F8000
G1 Z1 F8000
G1 X502.86077 Y81.82653 F8000
G1 X549.8614 Y108.96235 F8000
G0 Z0
G1 X549.99655 Y108.75174 F8000
G1 Z1 F8000
G1 X549.99655 Y108.75174 F8000
G1 X502.87214 Y81.54446 F8000
G0 Z0
G1 X502.89548 Y81.26924 F8000
G1 Z1 F8000
G1 X502.89548 Y81.26924 F8000
G1 X550.12376 Y108.5365 F8000
G0 Z0
G1 X550.24677 Y108.31885 F8000
G1 Z1 F8000
G1 X550.24677 Y108.31885 F8000
G1 X502.92596 Y80.99818 F8000
G0 Z0
G1 X502.9653 Y80.73222 F8000
G1 Z1 F8000
G1 X502.9653 Y80.73222 F8000
G1 X550.36572 Y108.09885 F8000
G0 Z0
G1 X550.47658 Y107.8742 F8000
G1 Z1 F8000
G1 X550.47658 Y107.8742 F8000
G1 X503.0178 Y80.47385 F8000
G0 Z0
G1 X503.07524 Y80.21834 F8000
G1 Z1 F8000
G1 X503.07524 Y80.21834 F8000
G1 X550.58345 Y107.64721 F8000
G0 Z0
G1 X550.68587 Y107.41768 F8000
G1 Z1 F8000
G1 X550.68587 Y107.41768 F8000
G1 X503.14207 Y79.96826 F8000
G0 Z0
G1 X503.21526 Y79.72183 F8000
G1 Z1 F8000
G1 X503.21526 Y79.72183 F8000
G1 X550.78041 Y107.18358 F8000
G0 Z0
G1 X550.87073 Y106.94704 F8000
G1 Z1 F8000
G1 X550.87073 Y106.94704 F8000
G1 X503.29355 Y79.47836 F8000
G0 Z0
G1 X503.38144 Y79.24042 F8000
G1 Z1 F8000
G1 X503.38144 Y79.24042 F8000
G1 X550.95649 Y106.70789 F8000
G0 Z0
G1 X551.03406 Y106.46399 F8000
G1 Z1 F8000
G1 X551.03406 Y106.46399 F8000
G1 X503.47254 Y79.00436 F8000
G0 Z0
G1 X503.57244 Y78.77335 F8000
G1 Z1 F8000
G1 X503.57244 Y78.77335 F8000
G1 X551.10711 Y106.21751 F8000
G0 Z0
G1 X551.17554 Y105.96832 F8000
G1 Z1 F8000
G1 X551.17554 Y105.96832 F8000
G1 X503.67701 Y78.54504 F8000
G0 Z0
G1 X503.78715 Y78.31996 F8000
G1 Z1 F8000
G1 X503.78715 Y78.31996 F8000
G1 X551.23544 Y105.71424 F8000
G0 Z0
G1 X551.29007 Y105.45712 F8000
G1 Z1 F8000
G1 X551.29007 Y105.45712 F8000
G1 X503.9045 Y78.09903 F8000
G0 Z0
G1 X504.02464 Y77.87972 F8000
G1 Z1 F8000
G1 X504.02464 Y77.87972 F8000
G1 X551.33952 Y105.19698 F8000
G0 Z0
G1 X551.38125 Y104.9324 F8000
G1 Z1 F8000
G1 X551.38125 Y104.9324 F8000
G1 X504.15418 Y77.66585 F8000
G0 Z0
G1 X504.28605 Y77.45329 F8000
G1 Z1 F8000
G1 X504.28605 Y77.45329 F8000
G1 X551.4158 Y104.66369 F8000
G0 Z0
G1 X551.4444 Y104.39151 F8000
G1 Z1 F8000
G1 X551.4444 Y104.39151 F8000
G1 X504.42543 Y77.24509 F8000
G0 Z0
G1 X504.56881 Y77.03927 F8000
G1 Z1 F8000
G1 X504.56881 Y77.03927 F8000
G1 X551.46663 Y104.11571 F8000
G0 Z0
G1 X551.47885 Y103.83411 F8000
G1 Z1 F8000
G1 X551.47885 Y103.83411 F8000
G1 X504.71753 Y76.83646 F8000
G0 Z0
G1 X504.87234 Y76.63715 F8000
G1 Z1 F8000
G1 X504.87234 Y76.63715 F8000
G1 X551.48388 Y103.54836 F8000
G0 Z0
G1 X551.48142 Y103.25827 F8000
G1 Z1 F8000
G1 X551.48142 Y103.25827 F8000
G1 X505.03027 Y76.43967 F8000
G0 Z0
G1 X505.19614 Y76.24681 F8000
G1 Z1 F8000
G1 X505.19614 Y76.24681 F8000
G1 X551.47084 Y102.96353 F8000
G0 Z0
G1 X551.44959 Y102.66256 F8000
G1 Z1 F8000
G1 X551.44959 Y102.66256 F8000
G1 X505.36402 Y76.05507 F8000
G0 Z0
G1 X505.54012 Y75.86806 F8000
G1 Z1 F8000
G1 X505.54012 Y75.86806 F8000
G1 X551.41803 Y102.35567 F8000
G0 Z0
G1 X551.37633 Y102.04293 F8000
G1 Z1 F8000
G1 X551.37633 Y102.04293 F8000
G1 X505.71896 Y75.68264 F8000
G0 Z0
G1 X505.90406 Y75.50082 F8000
G1 Z1 F8000
G1 X505.90406 Y75.50082 F8000
G1 X551.32357 Y101.72379 F8000
G0 Z0
G1 X551.6222 Y101.57896 F8000
G1 Z1 F8000
G1 X551.6222 Y101.57896 F8000
G1 X562.79559 Y120.93184 F8000
G0 Z0
G1 X562.50693 Y120.93184 F8000
G1 Z1 F8000
G1 X562.50693 Y120.93184 F8000
G1 X551.73045 Y102.26643 F8000
G0 Z0
G1 X551.78543 Y102.86169 F8000
G1 Z1 F8000
G1 X551.78543 Y102.86169 F8000
G1 X562.21824 Y120.93184 F8000
G0 Z0
G1 X561.92961 Y120.93184 F8000
G1 Z1 F8000
G1 X561.92961 Y120.93184 F8000
G1 X551.80448 Y103.39459 F8000
G0 Z0
G1 X551.79776 Y103.88295 F8000
G1 Z1 F8000
G1 X551.79776 Y103.88295 F8000
G1 X561.64095 Y120.93184 F8000
G0 Z0
G1 X561.65836 Y121.21656 F8000
G1 Z1 F8000
G1 X561.65836 Y121.21656 F8000
G1 X572.15576 Y131.71396 F8000
G0 Z0
G1 X572.5093 Y131.71396 F8000
G1 Z1 F8000
G1 X572.5093 Y131.71396 F8000
G1 X562.0119 Y121.21656 F8000
G0 Z0
G1 X562.36546 Y121.21656 F8000
G1 Z1 F8000
G1 X562.36546 Y121.21656 F8000
G1 X572.86286 Y131.71396 F8000
G0 Z0
G1 X573.21642 Y131.71396 F8000
G1 Z1 F8000
G1 X573.21642 Y131.71396 F8000
G1 X562.71902 Y121.21656 F8000
G0 Z0
G1 X563.07256 Y121.21656 F8000
G1 Z1 F8000
G1 X563.07256 Y121.21656 F8000
G1 X573.56996 Y131.71396 F8000
G0 Z0
G1 X573.92352 Y131.71396 F8000
G1 Z1 F8000
G1 X573.92352 Y131.71396 F8000
G1 X563.42612 Y121.21656 F8000
G0 Z0
G1 X563.77968 Y121.21656 F8000
G1 Z1 F8000
G1 X563.77968 Y121.21656 F8000
G1 X574.27709 Y131.71396 F8000
G0 Z0
G1 X574.63062 Y131.71396 F8000
G1 Z1 F8000
G1 X574.63062 Y131.71396 F8000
G1 X564.13322 Y121.21656 F8000
G0 Z0
G1 X564.48678 Y121.21656 F8000
G1 Z1 F8000
G1 X564.48678 Y121.21656 F8000
G1 X574.98419 Y131.71396 F8000
G0 Z0
G1 X575.33775 Y131.71396 F8000
G1 Z1 F8000
G1 X575.33775 Y131.71396 F8000
G1 X564.84035 Y121.21656 F8000
G0 Z0
G1 X565.19388 Y121.21656 F8000
G1 Z1 F8000
G1 X565.19388 Y121.21656 F8000
G1 X575.69128 Y131.71396 F8000
G0 Z0
G1 X576.04485 Y131.71396 F8000
G1 Z1 F8000
G1 X576.04485 Y131.71396 F8000
G1 X565.54744 Y121.21656 F8000
G0 Z0
G1 X565.90101 Y121.21656 F8000
G1 Z1 F8000
G1 X565.90101 Y121.21656 F8000
G1 X576.39841 Y131.71396 F8000
G0 Z0
G1 X576.75195 Y131.71396 F8000
G1 Z1 F8000
G1 X576.75195 Y131.71396 F8000
G1 X566.25454 Y121.21656 F8000
G0 Z0
G1 X566.60811 Y121.21656 F8000
G1 Z1 F8000
G1 X566.60811 Y121.21656 F8000
G1 X577.10551 Y131.71396 F8000
G0 Z0
G1 X577.45905 Y131.71396 F8000
G1 Z1 F8000
G1 X577.45905 Y131.71396 F8000
G1 X566.96164 Y121.21656 F8000
G0 Z0
G1 X567.31521 Y121.21656 F8000
G1 Z1 F8000
G1 X567.31521 Y121.21656 F8000
G1 X577.81261 Y131.71396 F8000
G0 Z0
G1 X578.16617 Y131.71396 F8000
G1 Z1 F8000
G1 X578.16617 Y131.71396 F8000
G1 X567.66877 Y121.21656 F8000
G0 Z0
G1 X568.02231 Y121.21656 F8000
G1 Z1 F8000
G1 X568.02231 Y121.21656 F8000
G1 X578.51971 Y131.71396 F8000
G0 Z0
G1 X578.87327 Y131.71396 F8000
G1 Z1 F8000
G1 X578.87327 Y131.71396 F8000
G1 X568.37587 Y121.21656 F8000
G0 Z0
G1 X568.72943 Y121.21656 F8000
G1 Z1 F8000
G1 X568.72943 Y121.21656 F8000
G1 X579.22683 Y131.71396 F8000
G0 Z0
G1 X579.58037 Y131.71396 F8000
G1 Z1 F8000
G1 X579.58037 Y131.71396 F8000
G1 X569.08297 Y121.21656 F8000
G0 Z0
G1 X569.43653 Y121.21656 F8000
G1 Z1 F8000
G1 X569.43653 Y121.21656 F8000
G1 X579.93393 Y131.71396 F8000
G0 Z0
G1 X580.2875 Y131.71396 F8000
G1 Z1 F8000
G1 X580.2875 Y131.71396 F8000
G1 X569.79009 Y121.21656 F8000
G0 Z0
G1 X570.14363 Y121.21656 F8000
G1 Z1 F8000
G1 X570.14363 Y121.21656 F8000
G1 X580.64103 Y131.71396 F8000
G0 Z0
G1 X580.9946 Y131.71396 F8000
G1 Z1 F8000
G1 X580.9946 Y131.71396 F8000
G1 X570.49719 Y121.21656 F8000
G0 Z0
G1 X570.85076 Y121.21656 F8000
G1 Z1 F8000
G1 X570.85076 Y121.21656 F8000
G1 X581.34816 Y131.71396 F8000
G0 Z0
G1 X581.70169 Y131.71396 F8000
G1 Z1 F8000
G1 X581.70169 Y131.71396 F8000
G1 X571.20429 Y121.21656 F8000
G0 Z0
G1 X571.55786 Y121.21656 F8000
G1 Z1 F8000
G1 X571.55786 Y121.21656 F8000
G1 X582.05526 Y131.71396 F8000
G0 Z0
G1 X582.40882 Y131.71396 F8000
G1 Z1 F8000
G1 X582.40882 Y131.71396 F8000
G1 X571.91142 Y121.21656 F8000
G0 Z0
G1 X572.26495 Y121.21656 F8000
G1 Z1 F8000
G1 X572.26495 Y121.21656 F8000
G1 X582.76236 Y131.71396 F8000
G0 Z0
G1 X583.11592 Y131.71396 F8000
G1 Z1 F8000
G1 X583.11592 Y131.71396 F8000
G1 X572.61852 Y121.21656 F8000
G0 Z0
G1 X572.97205 Y121.21656 F8000
G1 Z1 F8000
G1 X572.97205 Y121.21656 F8000
G1 X583.46946 Y131.71396 F8000
G0 Z0
G1 X583.82302 Y131.71396 F8000
G1 Z1 F8000
G1 X583.82302 Y131.71396 F8000
G1 X573.32562 Y121.21656 F8000
G0 Z0
G1 X573.67918 Y121.21656 F8000
G1 Z1 F8000
G1 X573.67918 Y121.21656 F8000
G1 X584.17658 Y131.71396 F8000
G0 Z0
G1 X584.53012 Y131.71396 F8000
G1 Z1 F8000
G1 X584.53012 Y131.71396 F8000
G1 X574.03272 Y121.21656 F8000
G0 Z0
G1 X574.38628 Y121.21656 F8000
G1 Z1 F8000
G1 X574.38628 Y121.21656 F8000
G1 X584.88368 Y131.71396 F8000
G0 Z0
G1 X585.23724 Y131.71396 F8000
G1 Z1 F8000
G1 X585.23724 Y131.71396 F8000
G1 X574.73984 Y121.21656 F8000
G0 Z0
G1 X575.09338 Y121.21656 F8000
G1 Z1 F8000
G1 X575.09338 Y121.21656 F8000
G1 X585.59078 Y131.71396 F8000
G0 Z0
G1 X585.94434 Y131.71396 F8000
G1 Z1 F8000
G1 X585.94434 Y131.71396 F8000
G1 X575.44694 Y121.21656 F8000
G0 Z0
G1 X575.8005 Y121.21656 F8000
G1 Z1 F8000
G1 X575.8005 Y121.21656 F8000
G1 X586.29791 Y131.71396 F8000
G0 Z0
G1 X586.65144 Y131.71396 F8000
G1 Z1 F8000
G1 X586.65144 Y131.71396 F8000
G1 X576.15404 Y121.21656 F8000
G0 Z0
G1 X576.5076 Y121.21656 F8000
G1 Z1 F8000
G1 X576.5076 Y121.21656 F8000
G1 X587.00501 Y131.71396 F8000
G0 Z0
G1 X587.35857 Y131.71396 F8000
G1 Z1 F8000
G1 X587.35857 Y131.71396 F8000
G1 X576.86117 Y121.21656 F8000
G0 Z0
G1 X577.2147 Y121.21656 F8000
G1 Z1 F8000
G1 X577.2147 Y121.21656 F8000
G1 X587.71211 Y131.71396 F8000
G0 Z0
G1 X588.06567 Y131.71396 F8000
G1 Z1 F8000
G1 X588.06567 Y131.71396 F8000
G1 X577.56827 Y121.21656 F8000
G0 Z0
G1 X577.92183 Y121.21656 F8000
G1 Z1 F8000
G1 X577.92183 Y121.21656 F8000
G1 X588.41923 Y131.71396 F8000
G0 Z0
G1 X588.77277 Y131.71396 F8000
G1 Z1 F8000
G1 X588.77277 Y131.71396 F8000
G1 X578.27537 Y121.21656 F8000
G0 Z0
G1 X578.62893 Y121.21656 F8000
G1 Z1 F8000
G1 X578.62893 Y121.21656 F8000
G1 X589.12633 Y131.71396 F8000
G0 Z0
G1 X589.47987 Y131.71396 F8000
G1 Z1 F8000
G1 X589.47987 Y131.71396 F8000
G1 X578.98246 Y121.21656 F8000
G0 Z0
G1 X579.33603 Y121.21656 F8000
G1 Z1 F8000
G1 X579.33603 Y121.21656 F8000
G1 X589.83343 Y131.71396 F8000
G0 Z0
G1 X590.18699 Y131.71396 F8000
G1 Z1 F8000
G1 X590.18699 Y131.71396 F8000
G1 X579.68959 Y121.21656 F8000
G0 Z0
G1 X580.04313 Y121.21656 F8000
G1 Z1 F8000
G1 X580.04313 Y121.21656 F8000
G1 X590.54053 Y131.71396 F8000
G0 Z0
G1 X590.89409 Y131.71396 F8000
G1 Z1 F8000
G1 X590.89409 Y131.71396 F8000
G1 X580.39669 Y121.21656 F8000
G0 Z0
G1 X580.75025 Y121.21656 F8000
G1 Z1 F8000
G1 X580.75025 Y121.21656 F8000
G1 X591.24766 Y131.71396 F8000
G0 Z0
G1 X591.60119 Y131.71396 F8000
G1 Z1 F8000
G1 X591.60119 Y131.71396 F8000
G1 X581.10379 Y121.21656 F8000
G0 Z0
G1 X581.45735 Y121.21656 F8000
G1 Z1 F8000
G1 X581.45735 Y121.21656 F8000
G1 X591.95475 Y131.71396 F8000
G0 Z0
G1 X592.30832 Y131.71396 F8000
G1 Z1 F8000
G1 X592.30832 Y131.71396 F8000
G1 X581.81092 Y121.21656 F8000
G0 Z0
G1 X582.16445 Y121.21656 F8000
G1 Z1 F8000
G1 X582.16445 Y121.21656 F8000
G1 X592.66185 Y131.71396 F8000
G0 Z0
G1 X593.01542 Y131.71396 F8000
G1 Z1 F8000
G1 X593.01542 Y131.71396 F8000
G1 X582.51801 Y121.21656 F8000
G0 Z0
G1 X582.87158 Y121.21656 F8000
G1 Z1 F8000
G1 X582.87158 Y121.21656 F8000
G1 X593.05574 Y131.40072 F8000
G0 Z0
G1 X593.05574 Y131.04718 F8000
G1 Z1 F8000
G1 X593.05574 Y131.04718 F8000
G1 X583.22511 Y121.21656 F8000
G0 Z0
G1 X583.57868 Y121.21656 F8000
G1 Z1 F8000
G1 X583.57868 Y121.21656 F8000
G1 X593.05574 Y130.69362 F8000
G0 Z0
G1 X593.05574 Y130.34006 F8000
G1 Z1 F8000
G1 X593.05574 Y130.34006 F8000
G1 X583.93224 Y121.21656 F8000
G0 Z0
G1 X584.28578 Y121.21656 F8000
G1 Z1 F8000
G1 X584.28578 Y121.21656 F8000
G1 X593.05574 Y129.98652 F8000
G0 Z0
G1 X593.05574 Y129.63296 F8000
G1 Z1 F8000
G1 X593.05574 Y129.63296 F8000
G1 X584.63934 Y121.21656 F8000
G0 Z0
G1 X584.99288 Y121.21656 F8000
G1 Z1 F8000
G1 X584.99288 Y121.21656 F8000
G1 X593.05574 Y129.27942 F8000
G0 Z0
G1 X593.05574 Y128.92586 F8000
G1 Z1 F8000
G1 X593.05574 Y128.92586 F8000
G1 X585.34644 Y121.21656 F8000
G0 Z0
G1 X585.7 Y121.21656 F8000
G1 Z1 F8000
G1 X585.7 Y121.21656 F8000
G1 X593.05574 Y128.5723 F8000
G0 Z0
G1 X593.05574 Y128.21876 F8000
G1 Z1 F8000
G1 X593.05574 Y128.21876 F8000
G1 X586.05354 Y121.21656 F8000
G0 Z0
G1 X586.4071 Y121.21656 F8000
G1 Z1 F8000
G1 X586.4071 Y121.21656 F8000
G1 X593.05574 Y127.8652 F8000
G0 Z0
G1 X593.05574 Y127.51163 F8000
G1 Z1 F8000
G1 X593.05574 Y127.51163 F8000
G1 X586.76066 Y121.21656 F8000
G0 Z0
G1 X587.1142 Y121.21656 F8000
G1 Z1 F8000
G1 X587.1142 Y121.21656 F8000
G1 X593.05574 Y127.1581 F8000
G0 Z0
G1 X593.05574 Y126.80454 F8000
G1 Z1 F8000
G1 X593.05574 Y126.80454 F8000
G1 X587.46776 Y121.21656 F8000
G0 Z0
G1 X587.82133 Y121.21656 F8000
G1 Z1 F8000
G1 X587.82133 Y121.21656 F8000
G1 X593.05574 Y126.45097 F8000
G0 Z0
G1 X593.05574 Y126.09744 F8000
G1 Z1 F8000
G1 X593.05574 Y126.09744 F8000
G1 X588.17486 Y121.21656 F8000
G0 Z0
G1 X588.52842 Y121.21656 F8000
G1 Z1 F8000
G1 X588.52842 Y121.21656 F8000
G1 X593.05574 Y125.74387 F8000
G0 Z0
G1 X593.05574 Y125.39031 F8000
G1 Z1 F8000
G1 X593.05574 Y125.39031 F8000
G1 X588.88199 Y121.21656 F8000
G0 Z0
G1 X589.23552 Y121.21656 F8000
G1 Z1 F8000
G1 X589.23552 Y121.21656 F8000
G1 X593.05574 Y125.03677 F8000
G0 Z0
G1 X593.05574 Y124.68321 F8000
G1 Z1 F8000
G1 X593.05574 Y124.68321 F8000
G1 X589.58909 Y121.21656 F8000
G0 Z0
G1 X589.94265 Y121.21656 F8000
G1 Z1 F8000
G1 X589.94265 Y121.21656 F8000
G1 X593.05574 Y124.32965 F8000
G0 Z0
G1 X593.05574 Y123.97611 F8000
G1 Z1 F8000
G1 X593.05574 Y123.97611 F8000
G1 X590.29619 Y121.21656 F8000
G0 Z0
G1 X590.64975 Y121.21656 F8000
G1 Z1 F8000
G1 X590.64975 Y121.21656 F8000
G1 X593.05574 Y123.62255 F8000
G0 Z0
G1 X593.05574 Y123.26899 F8000
G1 Z1 F8000
G1 X593.05574 Y123.26899 F8000
G1 X591.00331 Y121.21656 F8000
G0 Z0
G1 X591.35685 Y121.21656 F8000
G1 Z1 F8000
G1 X591.35685 Y121.21656 F8000
G1 X593.05574 Y122.91545 F8000
G0 Z0
G1 X593.05574 Y122.56189 F8000
G1 Z1 F8000
G1 X593.05574 Y122.56189 F8000
G1 X591.71041 Y121.21656 F8000
G0 Z0
G1 X592.06395 Y121.21656 F8000
G1 Z1 F8000
G1 X592.06395 Y121.21656 F8000
G1 X593.05574 Y122.20835 F8000
G0 Z0
G1 X593.05574 Y121.85479 F8000
G1 Z1 F8000
G1 X593.05574 Y121.85479 F8000
G1 X592.41751 Y121.21656 F8000
G0 Z0
G1 X592.77107 Y121.21656 F8000
G1 Z1 F8000
G1 X592.77107 Y121.21656 F8000
G1 X593.05574 Y121.50122 F8000
G0 Z0
G1 X593.18499 Y118.56017 F8000
G1 Z1 F8000
G1 X593.18499 Y118.56017 F8000
G1 X588.98073 Y111.27817 F8000
G0 Z0
G1 X589.26939 Y111.27817 F8000
G1 Z1 F8000
G1 X589.26939 Y111.27817 F8000
G1 X593.47365 Y118.56017 F8000
G0 Z0
G1 X593.76234 Y118.56017 F8000
G1 Z1 F8000
G1 X593.76234 Y118.56017 F8000
G1 X589.55808 Y111.27817 F8000
G0 Z0
G1 X589.84674 Y111.27817 F8000
G1 Z1 F8000
G1 X589.84674 Y111.27817 F8000
G1 X594.05102 Y118.56017 F8000
G0 Z0
G1 X594.33968 Y118.56017 F8000
G1 Z1 F8000
G1 X594.33968 Y118.56017 F8000
G1 X590.13543 Y111.27817 F8000
G0 Z0
G1 X590.42409 Y111.27817 F8000
G1 Z1 F8000
G1 X590.42409 Y111.27817 F8000
G1 X594.62837 Y118.56017 F8000
G0 Z0
G1 X594.75889 Y118.28624 F8000
G1 Z1 F8000
G1 X594.75889 Y118.28624 F8000
G1 X590.71277 Y111.27817 F8000
G0 Z0
G1 X591.00146 Y111.27817 F8000
G1 Z1 F8000
G1 X591.00146 Y111.27817 F8000
G1 X594.75889 Y117.78626 F8000
G0 Z0
G1 X594.75889 Y117.28625 F8000
G1 Z1 F8000
G1 X594.75889 Y117.28625 F8000
G1 X591.29012 Y111.27817 F8000
G0 Z0
G1 X591.57881 Y111.27817 F8000
G1 Z1 F8000
G1 X591.57881 Y111.27817 F8000
G1 X594.75889 Y116.78624 F8000
G0 Z0
G1 X594.75889 Y116.28626 F8000
G1 Z1 F8000
G1 X594.75889 Y116.28626 F8000
G1 X591.86747 Y111.27817 F8000
G0 Z0
G1 X592.15616 Y111.27817 F8000
G1 Z1 F8000
G1 X592.15616 Y111.27817 F8000
G1 X594.75889 Y115.78625 F8000
G0 Z0
G1 X594.75889 Y115.28624 F8000
G1 Z1 F8000
G1 X594.75889 Y115.28624 F8000
G1 X592.44482 Y111.27817 F8000
G0 Z0
G1 X592.7335 Y111.27817 F8000
G1 Z1 F8000
G1 X592.7335 Y111.27817 F8000
G1 X594.75889 Y114.78625 F8000
G0 Z0
G1 X594.75889 Y114.28624 F8000
G1 Z1 F8000
G1 X594.75889 Y114.28624 F8000
G1 X593.02216 Y111.27817 F8000
G0 Z0
G1 X593.31085 Y111.27817 F8000
G1 Z1 F8000
G1 X593.31085 Y111.27817 F8000
G1 X594.75889 Y113.78623 F8000
G0 Z0
G1 X594.75889 Y113.28625 F8000
G1 Z1 F8000
G1 X594.75889 Y113.28625 F8000
G1 X593.59954 Y111.27817 F8000
G0 Z0
G1 X593.8882 Y111.27817 F8000
G1 Z1 F8000
G1 X593.8882 Y111.27817 F8000
G1 X594.75889 Y112.78624 F8000
G0 Z0
G1 X594.75889 Y112.28626 F8000
G1 Z1 F8000
G1 X594.75889 Y112.28626 F8000
G1 X594.17689 Y111.27817 F8000
G0 Z0
G1 X594.46555 Y111.27817 F8000
G1 Z1 F8000
G1 X594.46555 Y111.27817 F8000
G1 X594.75889 Y111.78625 F8000
G0 Z0
G1 X594.75651 Y111.28227 F8000
G1 Z1 F8000
G1 X594.75651 Y111.28227 F8000
G1 X594.75651 Y111.28227 F8000
G0 Z0
G1 X588.69204 Y111.27817 F8000
G1 Z1 F8000
G1 X588.69204 Y111.27817 F8000
G1 X592.8963 Y118.56017 F8000
G0 Z0
G1 X592.60764 Y118.56017 F8000
G1 Z1 F8000
G1 X592.60764 Y118.56017 F8000
G1 X588.40338 Y111.27817 F8000
G0 Z0
G1 X588.1147 Y111.27817 F8000
G1 Z1 F8000
G1 X588.1147 Y111.27817 F8000
G1 X592.31895 Y118.56017 F8000
G0 Z0
G1 X592.03029 Y118.56017 F8000
G1 Z1 F8000
G1 X592.03029 Y118.56017 F8000
G1 X587.82601 Y111.27817 F8000
G0 Z0
G1 X587.53735 Y111.27817 F8000
G1 Z1 F8000
G1 X587.53735 Y111.27817 F8000
G1 X591.74161 Y118.56017 F8000
G0 Z0
G1 X591.45295 Y118.56017 F8000
G1 Z1 F8000
G1 X591.45295 Y118.56017 F8000
G1 X587.24866 Y111.27817 F8000
G0 Z0
G1 X586.96 Y111.27817 F8000
G1 Z1 F8000
G1 X586.96 Y111.27817 F8000
G1 X591.16426 Y118.56017 F8000
G0 Z0
G1 X590.87557 Y118.56017 F8000
G1 Z1 F8000
G1 X590.87557 Y118.56017 F8000
G1 X586.67131 Y111.27817 F8000
G0 Z0
G1 X586.38265 Y111.27817 F8000
G1 Z1 F8000
G1 X586.38265 Y111.27817 F8000
G1 X590.58691 Y118.56017 F8000
G0 Z0
G1 X590.29822 Y118.56017 F8000
G1 Z1 F8000
G1 X590.29822 Y118.56017 F8000
G1 X586.09397 Y111.27817 F8000
G0 Z0
G1 X585.80531 Y111.27817 F8000
G1 Z1 F8000
G1 X585.80531 Y111.27817 F8000
G1 X590.00956 Y118.56017 F8000
G0 Z0
G1 X589.72088 Y118.56017 F8000
G1 Z1 F8000
G1 X589.72088 Y118.56017 F8000
G1 X585.51662 Y111.27817 F8000
G0 Z0
G1 X585.22793 Y111.27817 F8000
G1 Z1 F8000
G1 X585.22793 Y111.27817 F8000
G1 X589.43222 Y118.56017 F8000
G0 Z0
G1 X589.14353 Y118.56017 F8000
G1 Z1 F8000
G1 X589.14353 Y118.56017 F8000
G1 X584.93927 Y111.27817 F8000
G0 Z0
G1 X584.65058 Y111.27817 F8000
G1 Z1 F8000
G1 X584.65058 Y111.27817 F8000
G1 X588.85487 Y118.56017 F8000
G0 Z0
G1 X588.56618 Y118.56017 F8000
G1 Z1 F8000
G1 X588.56618 Y118.56017 F8000
G1 X584.36192 Y111.27817 F8000
G0 Z0
G1 X584.07324 Y111.27817 F8000
G1 Z1 F8000
G1 X584.07324 Y111.27817 F8000
G1 X588.27749 Y118.56017 F8000
G0 Z0
G1 X587.98883 Y118.56017 F8000
G1 Z1 F8000
G1 X587.98883 Y118.56017 F8000
G1 X583.78458 Y111.27817 F8000
G0 Z0
G1 X583.49589 Y111.27817 F8000
G1 Z1 F8000
G1 X583.49589 Y111.27817 F8000
G1 X587.70015 Y118.56017 F8000
G0 Z0
G1 X587.41149 Y118.56017 F8000
G1 Z1 F8000
G1 X587.41149 Y118.56017 F8000
G1 X583.20723 Y111.27817 F8000
G0 Z0
G1 X582.91854 Y111.27817 F8000
G1 Z1 F8000
G1 X582.91854 Y111.27817 F8000
G1 X587.1228 Y118.56017 F8000
G0 Z0
G1 X586.83414 Y118.56017 F8000
G1 Z1 F8000
G1 X586.83414 Y118.56017 F8000
G1 X582.62985 Y111.27817 F8000
G0 Z0
G1 X582.34119 Y111.27817 F8000
G1 Z1 F8000
G1 X582.34119 Y111.27817 F8000
G1 X586.54545 Y118.56017 F8000
G0 Z0
G1 X586.25679 Y118.56017 F8000
G1 Z1 F8000
G1 X586.25679 Y118.56017 F8000
G1 X582.05251 Y111.27817 F8000
G0 Z0
G1 X581.76385 Y111.27817 F8000
G1 Z1 F8000
G1 X581.76385 Y111.27817 F8000
G1 X585.9681 Y118.56017 F8000
G0 Z0
G1 X585.67942 Y118.56017 F8000
G1 Z1 F8000
G1 X585.67942 Y118.56017 F8000
G1 X581.47516 Y111.27817 F8000
G0 Z0
G1 X581.1865 Y111.27817 F8000
G1 Z1 F8000
G1 X581.1865 Y111.27817 F8000
G1 X585.39076 Y118.56017 F8000
G0 Z0
G1 X585.10207 Y118.56017 F8000
G1 Z1 F8000
G1 X585.10207 Y118.56017 F8000
G1 X580.89781 Y111.27817 F8000
G0 Z0
G1 X580.60912 Y111.27817 F8000
G1 Z1 F8000
G1 X580.60912 Y111.27817 F8000
G1 X584.81341 Y118.56017 F8000
G0 Z0
G1 X584.52472 Y118.56017 F8000
G1 Z1 F8000
G1 X584.52472 Y118.56017 F8000
G1 X580.32046 Y111.27817 F8000
G0 Z0
G1 X580.03178 Y111.27817 F8000
G1 Z1 F8000
G1 X580.03178 Y111.27817 F8000
G1 X584.23606 Y118.56017 F8000
G0 Z0
G1 X583.94737 Y118.56017 F8000
G1 Z1 F8000
G1 X583.94737 Y118.56017 F8000
G1 X579.74312 Y111.27817 F8000
G0 Z0
G1 X579.45443 Y111.27817 F8000
G1 Z1 F8000
G1 X579.45443 Y111.27817 F8000
G1 X583.65871 Y118.56017 F8000
G0 Z0
G1 X583.37003 Y118.56017 F8000
G1 Z1 F8000
G1 X583.37003 Y118.56017 F8000
G1 X579.16577 Y111.27817 F8000
G0 Z0
G1 X578.87708 Y111.27817 F8000
G1 Z1 F8000
G1 X578.87708 Y111.27817 F8000
G1 X583.08134 Y118.56017 F8000
G0 Z0
G1 X582.79268 Y118.56017 F8000
G1 Z1 F8000
G1 X582.79268 Y118.56017 F8000
G1 X578.58842 Y111.27817 F8000
G0 Z0
G1 X578.29963 Y111.27796 F8000
G1 Z1 F8000
G1 X578.29963 Y111.27796 F8000
G1 X582.50399 Y118.56017 F8000
G0 Z0
G1 X582.21533 Y118.56056 F8000
G1 Z1 F8000
G1 X582.21533 Y118.56056 F8000
G1 X578.0107 Y111.27796 F8000
G0 Z0
G1 X577.72178 Y111.27753 F8000
G1 Z1 F8000
G1 X577.72178 Y111.27753 F8000
G1 X581.92664 Y118.56056 F8000
G0 Z0
G1 X581.63798 Y118.56096 F8000
G1 Z1 F8000
G1 X581.63798 Y118.56096 F8000
G1 X577.43288 Y111.27753 F8000
G0 Z0
G1 X577.14395 Y111.27711 F8000
G1 Z1 F8000
G1 X577.14395 Y111.27711 F8000
G1 X581.3493 Y118.56096 F8000
G0 Z0
G1 X581.06061 Y118.56136 F8000
G1 Z1 F8000
G1 X581.06061 Y118.56136 F8000
G1 X576.85505 Y111.27711 F8000
G0 Z0
G1 X576.56613 Y111.27669 F8000
G1 Z1 F8000
G1 X576.56613 Y111.27669 F8000
G1 X580.77195 Y118.56136 F8000
G0 Z0
G1 X580.48326 Y118.56178 F8000
G1 Z1 F8000
G1 X580.48326 Y118.56178 F8000
G1 X576.27723 Y111.27669 F8000
G0 Z0
G1 X575.98831 Y111.27629 F8000
G1 Z1 F8000
G1 X575.98831 Y111.27629 F8000
G1 X580.1946 Y118.56178 F8000
G0 Z0
G1 X579.90591 Y118.5622 F8000
G1 Z1 F8000
G1 X579.90591 Y118.5622 F8000
G1 X575.69941 Y111.27629 F8000
G0 Z0
G1 X575.41048 Y111.27589 F8000
G1 Z1 F8000
G1 X575.41048 Y111.27589 F8000
G1 X579.61725 Y118.5622 F8000
G0 Z0
G1 X579.32857 Y118.56263 F8000
G1 Z1 F8000
G1 X579.32857 Y118.56263 F8000
G1 X575.12158 Y111.27589 F8000
G0 Z0
G1 X574.83266 Y111.2755 F8000
G1 Z1 F8000
G1 X574.83266 Y111.2755 F8000
G1 X579.03991 Y118.56263 F8000
G0 Z0
G1 X578.75122 Y118.56305 F8000
G1 Z1 F8000
G1 X578.75122 Y118.56305 F8000
G1 X574.54376 Y111.2755 F8000
G0 Z0
G1 X574.25483 Y111.2751 F8000
G1 Z1 F8000
G1 X574.25483 Y111.2751 F8000
G1 X578.46253 Y118.56305 F8000
G0 Z0
G1 X578.17387 Y118.56347 F8000
G1 Z1 F8000
G1 X578.17387 Y118.56347 F8000
G1 X573.96594 Y111.2751 F8000
G0 Z0
G1 X573.67701 Y111.2747 F8000
G1 Z1 F8000
G1 X573.67701 Y111.2747 F8000
G1 X577.88518 Y118.56347 F8000
G0 Z0
G1 X577.59652 Y118.5639 F8000
G1 Z1 F8000
G1 X577.59652 Y118.5639 F8000
G1 X573.38811 Y111.2747 F8000
G0 Z0
G1 X573.09919 Y111.27431 F8000
G1 Z1 F8000
G1 X573.09919 Y111.27431 F8000
G1 X577.30784 Y118.5639 F8000
G0 Z0
G1 X577.01918 Y118.56432 F8000
G1 Z1 F8000
G1 X577.01918 Y118.56432 F8000
G1 X572.81029 Y111.27431 F8000
G0 Z0
G1 X572.52136 Y111.27391 F8000
G1 Z1 F8000
G1 X572.52136 Y111.27391 F8000
G1 X576.73049 Y118.56432 F8000
G0 Z0
G1 X576.44183 Y118.56474 F8000
G1 Z1 F8000
G1 X576.44183 Y118.56474 F8000
G1 X572.23246 Y111.27391 F8000
G0 Z0
G1 X571.94354 Y111.27351 F8000
G1 Z1 F8000
G1 X571.94354 Y111.27351 F8000
G1 X576.15314 Y118.56474 F8000
G0 Z0
G1 X575.86445 Y118.56517 F8000
G1 Z1 F8000
G1 X575.86445 Y118.56517 F8000
G1 X571.65464 Y111.27351 F8000
G0 Z0
G1 X571.36571 Y111.27309 F8000
G1 Z1 F8000
G1 X571.36571 Y111.27309 F8000
G1 X575.57579 Y118.56517 F8000
G0 Z0
G1 X575.28711 Y118.56556 F8000
G1 Z1 F8000
G1 X575.28711 Y118.56556 F8000
G1 X571.07679 Y111.27309 F8000
G0 Z0
G1 X570.78789 Y111.27266 F8000
G1 Z1 F8000
G1 X570.78789 Y111.27266 F8000
G1 X574.99845 Y118.56556 F8000
G0 Z0
G1 X574.70976 Y118.56596 F8000
G1 Z1 F8000
G1 X574.70976 Y118.56596 F8000
G1 X570.49897 Y111.27266 F8000
G0 Z0
G1 X570.21007 Y111.27224 F8000
G1 Z1 F8000
G1 X570.21007 Y111.27224 F8000
G1 X574.4211 Y118.56596 F8000
G0 Z0
G1 X574.13241 Y118.56636 F8000
G1 Z1 F8000
G1 X574.13241 Y118.56636 F8000
G1 X569.92114 Y111.27224 F8000
G0 Z0
G1 X569.63224 Y111.27182 F8000
G1 Z1 F8000
G1 X569.63224 Y111.27182 F8000
G1 X573.84375 Y118.56636 F8000
G0 Z0
G1 X573.55506 Y118.56676 F8000
G1 Z1 F8000
G1 X573.55506 Y118.56676 F8000
G1 X569.34332 Y111.27182 F8000
G0 Z0
G1 X569.05442 Y111.27139 F8000
G1 Z1 F8000
G1 X569.05442 Y111.27139 F8000
G1 X573.26638 Y118.56676 F8000
G0 Z0
G1 X572.97772 Y118.56715 F8000
G1 Z1 F8000
G1 X572.97772 Y118.56715 F8000
G1 X568.76549 Y111.27139 F8000
G0 Z0
G1 X568.4766 Y111.27097 F8000
G1 Z1 F8000
G1 X568.4766 Y111.27097 F8000
G1 X572.68903 Y118.56715 F8000
G0 Z0
G1 X572.40037 Y118.56755 F8000
G1 Z1 F8000
G1 X572.40037 Y118.56755 F8000
G1 X568.18767 Y111.27097 F8000
G0 Z0
G1 X567.89877 Y111.27055 F8000
G1 Z1 F8000
G1 X567.89877 Y111.27055 F8000
G1 X572.11168 Y118.56755 F8000
G0 Z0
G1 X571.82302 Y118.56755 F8000
G1 Z1 F8000
G1 X571.82302 Y118.56755 F8000
G1 X567.60985 Y111.27015 F8000
G0 Z0
G1 X567.32095 Y111.26973 F8000
G1 Z1 F8000
G1 X567.32095 Y111.26973 F8000
G1 X571.53433 Y118.56755 F8000
G0 Z0
G1 X571.24567 Y118.56755 F8000
G1 Z1 F8000
G1 X571.24567 Y118.56755 F8000
G1 X567.03202 Y111.26933 F8000
G0 Z0
G1 X566.74273 Y111.26825 F8000
G1 Z1 F8000
G1 X566.74273 Y111.26825 F8000
G1 X570.95699 Y118.56755 F8000
G0 Z0
G1 X570.6683 Y118.56755 F8000
G1 Z1 F8000
G1 X570.6683 Y118.56755 F8000
G1 X566.45322 Y111.26679 F8000
G0 Z0
G1 X566.16369 Y111.26534 F8000
G1 Z1 F8000
G1 X566.16369 Y111.26534 F8000
G1 X570.37964 Y118.56755 F8000
G0 Z0
G1 X570.09095 Y118.56755 F8000
G1 Z1 F8000
G1 X570.09095 Y118.56755 F8000
G1 X565.87418 Y111.26385 F8000
G0 Z0
G1 X565.58465 Y111.2624 F8000
G1 Z1 F8000
G1 X565.58465 Y111.2624 F8000
G1 X569.80229 Y118.56755 F8000
G0 Z0
G1 X569.5136 Y118.56755 F8000
G1 Z1 F8000
G1 X569.5136 Y118.56755 F8000
G1 X565.29514 Y111.26094 F8000
G0 Z0
G1 X565.0056 Y111.25949 F8000
G1 Z1 F8000
G1 X565.0056 Y111.25949 F8000
G1 X569.22494 Y118.56755 F8000
G0 Z0
G1 X568.93626 Y118.56755 F8000
G1 Z1 F8000
G1 X568.93626 Y118.56755 F8000
G1 X564.7161 Y111.25801 F8000
G0 Z0
G1 X564.42659 Y111.25655 F8000
G1 Z1 F8000
G1 X564.42659 Y111.25655 F8000
G1 X568.6476 Y118.56755 F8000
G0 Z0
G1 X568.35891 Y118.56755 F8000
G1 Z1 F8000
G1 X568.35891 Y118.56755 F8000
G1 X564.13706 Y111.2551 F8000
G0 Z0
G1 X563.84755 Y111.25361 F8000
G1 Z1 F8000
G1 X563.84755 Y111.25361 F8000
G1 X568.07022 Y118.56755 F8000
G0 Z0
G1 X567.78156 Y118.56755 F8000
G1 Z1 F8000
G1 X567.78156 Y118.56755 F8000
G1 X563.55802 Y111.25216 F8000
G0 Z0
G1 X563.26748 Y111.24893 F8000
G1 Z1 F8000
G1 X563.26748 Y111.24893 F8000
G1 X567.49287 Y118.56755 F8000
G0 Z0
G1 X567.20421 Y118.56755 F8000
G1 Z1 F8000
G1 X567.20421 Y118.56755 F8000
G1 X562.97598 Y111.24404 F8000
G0 Z0
G1 X562.68447 Y111.23914 F8000
G1 Z1 F8000
G1 X562.68447 Y111.23914 F8000
G1 X566.91553 Y118.56755 F8000
G0 Z0
G1 X566.62687 Y118.56755 F8000
G1 Z1 F8000
G1 X566.62687 Y118.56755 F8000
G1 X562.39297 Y111.23427 F8000
G0 Z0
G1 X562.27359 Y111.02748 F8000
G1 Z1 F8000
G1 X562.27359 Y111.02748 F8000
G1 X556.19204 Y100.49393 F8000
G0 Z0
G1 X555.93899 Y100.55561 F8000
G1 Z1 F8000
G1 X555.93899 Y100.55561 F8000
G1 X566.33818 Y118.56755 F8000
G0 Z0
G1 X566.04952 Y118.56755 F8000
G1 Z1 F8000
G1 X566.04952 Y118.56755 F8000
G1 X555.69205 Y100.62792 F8000
G0 Z0
G1 X555.44885 Y100.70668 F8000
G1 Z1 F8000
G1 X555.44885 Y100.70668 F8000
G1 X565.76083 Y118.56755 F8000
G0 Z0
G1 X565.47214 Y118.56755 F8000
G1 Z1 F8000
G1 X565.47214 Y118.56755 F8000
G1 X555.20702 Y100.78783 F8000
G0 Z0
G1 X554.96522 Y100.86898 F8000
G1 Z1 F8000
G1 X554.96522 Y100.86898 F8000
G1 X565.18348 Y118.56755 F8000
G0 Z0
G1 X564.8948 Y118.56755 F8000
G1 Z1 F8000
G1 X564.8948 Y118.56755 F8000
G1 X554.28595 Y100.19249 F8000
G0 Z0
G1 X554.41309 Y99.88017 F8000
G1 Z1 F8000
G1 X554.41309 Y99.88017 F8000
G1 X560.04772 Y96.62702 F8000
G0 Z0
G1 X560.03046 Y96.35989 F8000
G1 Z1 F8000
G1 X560.03046 Y96.35989 F8000
G1 X515.57802 Y70.69527 F8000
G0 Z0
G1 X515.46116 Y70.91546 F8000
G1 Z1 F8000
G1 X515.46116 Y70.91546 F8000
G1 X559.53222 Y96.35989 F8000
G0 Z0
G1 X559.54772 Y96.62702 F8000
G1 Z1 F8000
G1 X559.54772 Y96.62702 F8000
G1 X554.22757 Y99.69861 F8000
G0 Z0
G1 X554.03983 Y99.51832 F8000
G1 Z1 F8000
G1 X554.03983 Y99.51832 F8000
G1 X559.04772 Y96.62702 F8000
G0 Z0
G1 X559.03396 Y96.3609 F8000
G1 Z1 F8000
G1 X559.03396 Y96.3609 F8000
G1 X515.34659 Y71.138 F8000
G0 Z0
G1 X515.23076 Y71.35903 F8000
G1 Z1 F8000
G1 X515.23076 Y71.35903 F8000
G1 X558.53572 Y96.3609 F8000
G0 Z0
G1 X558.54772 Y96.62702 F8000
G1 Z1 F8000
G1 X558.54772 Y96.62702 F8000
G1 X553.85209 Y99.33804 F8000
G0 Z0
G1 X553.65078 Y99.16559 F8000
G1 Z1 F8000
G1 X553.65078 Y99.16559 F8000
G1 X558.04772 Y96.62702 F8000
G0 Z0
G1 X558.03618 Y96.36145 F8000
G1 Z1 F8000
G1 X558.03618 Y96.36145 F8000
G1 X514.95086 Y71.48611 F8000
G0 Z0
G1 X514.77321 Y71.1838 F8000
G1 Z1 F8000
G1 X514.77321 Y71.1838 F8000
G1 X511.16512 Y67.57567 F8000
G0 Z0
G1 X510.98232 Y67.74643 F8000
G1 Z1 F8000
G1 X510.98232 Y67.74643 F8000
G1 X514.47135 Y71.2355 F8000
G0 Z0
G1 X514.16949 Y71.28717 F8000
G1 Z1 F8000
G1 X514.16949 Y71.28717 F8000
G1 X510.80153 Y67.91923 F8000
G0 Z0
G1 X510.62674 Y68.09799 F8000
G1 Z1 F8000
G1 X510.62674 Y68.09799 F8000
G1 X513.86762 Y71.33887 F8000
G0 Z0
G1 X513.56984 Y71.39462 F8000
G1 Z1 F8000
G1 X513.56984 Y71.39462 F8000
G1 X510.45304 Y68.27782 F8000
G0 Z0
G1 X510.28657 Y68.46491 F8000
G1 Z1 F8000
G1 X510.28657 Y68.46491 F8000
G1 X513.2734 Y71.45174 F8000
G0 Z0
G1 X512.98497 Y71.51685 F8000
G1 Z1 F8000
G1 X512.98497 Y71.51685 F8000
G1 X510.12141 Y68.65329 F8000
G0 Z0
G1 X509.96235 Y68.84782 F8000
G1 Z1 F8000
G1 X509.96235 Y68.84782 F8000
G1 X512.69795 Y71.5834 F8000
G0 Z0
G1 X512.41765 Y71.65666 F8000
G1 Z1 F8000
G1 X512.41765 Y71.65666 F8000
G1 X509.80614 Y69.04514 F8000
G0 Z0
G1 X509.65469 Y69.24726 F8000
G1 Z1 F8000
G1 X509.65469 Y69.24726 F8000
G1 X512.13876 Y71.73133 F8000
G0 Z0
G1 X511.8651 Y71.81123 F8000
G1 Z1 F8000
G1 X511.8651 Y71.81123 F8000
G1 X509.50787 Y69.45398 F8000
G0 Z0
G1 X509.36426 Y69.66392 F8000
G1 Z1 F8000
G1 X509.36426 Y69.66392 F8000
G1 X511.59364 Y71.8933 F8000
G0 Z0
G1 X511.32585 Y71.97908 F8000
G1 Z1 F8000
G1 X511.32585 Y71.97908 F8000
G1 X509.22739 Y69.88059 F8000
G0 Z0
G1 X509.09269 Y70.09945 F8000
G1 Z1 F8000
G1 X509.09269 Y70.09945 F8000
G1 X511.06143 Y72.06822 F8000
G0 Z0
G1 X510.79928 Y72.15961 F8000
G1 Z1 F8000
G1 X510.79928 Y72.15961 F8000
G1 X508.96547 Y70.32581 F8000
G0 Z0
G1 X508.8417 Y70.5556 F8000
G1 Z1 F8000
G1 X508.8417 Y70.5556 F8000
G1 X510.54192 Y72.25578 F8000
G0 Z0
G1 X510.28546 Y72.35289 F8000
G1 Z1 F8000
G1 X510.28546 Y72.35289 F8000
G1 X508.72314 Y70.79057 F8000
G0 Z0
G1 X508.61244 Y71.03343 F8000
G1 Z1 F8000
G1 X508.61244 Y71.03343 F8000
G1 X510.03548 Y72.45647 F8000
G0 Z0
G1 X509.78547 Y72.56003 F8000
G1 Z1 F8000
G1 X509.78547 Y72.56003 F8000
G1 X508.50481 Y71.27936 F8000
G0 Z0
G1 X508.39744 Y71.52553 F8000
G1 Z1 F8000
G1 X508.39744 Y71.52553 F8000
G1 X509.54335 Y72.67144 F8000
G0 Z0
G1 X509.30147 Y72.78312 F8000
G1 Z1 F8000
G1 X509.30147 Y72.78312 F8000
G1 X508.30246 Y71.78411 F8000
G0 Z0
G1 X508.20747 Y72.04266 F8000
G1 Z1 F8000
G1 X508.20747 Y72.04266 F8000
G1 X509.05988 Y72.89507 F8000
G0 Z0
G1 X508.81831 Y73.00707 F8000
G1 Z1 F8000
G1 X508.81831 Y73.00707 F8000
G1 X508.11825 Y72.30701 F8000
G0 Z0
G1 X508.03877 Y72.58109 F8000
G1 Z1 F8000
G1 X508.03877 Y72.58109 F8000
G1 X508.57368 Y73.116 F8000
G0 Z0
G1 X508.31431 Y73.21016 F8000
G1 Z1 F8000
G1 X508.31431 Y73.21016 F8000
G1 X507.97265 Y72.86851 F8000
G0 Z0
G1 X508.52222 Y73.54833 F8000
G1 Z1 F8000
G1 X508.52222 Y73.54833 F8000
G1 X549.06802 Y96.95746 F8000
G0 Z0
G1 X549.11112 Y96.40508 F8000
G1 Z1 F8000
G1 X549.11112 Y96.40508 F8000
G1 X509.03435 Y73.26676 F8000
G0 Z0
G1 X508.7745 Y73.40529 F8000
G1 Z1 F8000
G1 X508.7745 Y73.40529 F8000
G1 X548.63559 Y96.41911 F8000
G0 Z0
G1 X549.60235 Y96.40003 F8000
G1 Z1 F8000
G1 X549.60235 Y96.40003 F8000
G1 X509.29972 Y73.13129 F8000
G0 Z0
G1 X509.56981 Y72.99855 F8000
G1 Z1 F8000
G1 X509.56981 Y72.99855 F8000
G1 X550.09413 Y96.39527 F8000
G0 Z0
G1 X550.04772 Y96.62702 F8000
G1 Z1 F8000
G1 X550.04772 Y96.62702 F8000
G1 X549.74823 Y96.79992 F8000
G0 Z0
G1 X552.04987 Y98.06282 F8000
G1 Z1 F8000
G1 X552.04987 Y98.06282 F8000
G1 X553.32485 Y98.89386 F8000
G1 X555.03061 Y100.40079 F8000
G1 X556.82519 Y100.04541 F8000
G1 X558.24448 Y100.02413 F8000
G1 X559.64328 Y100.28465 F8000
G1 X561.11755 Y100.88271 F8000
G1 X592.67821 Y100.88271 F8000
G1 X592.67821 Y96.62702 F8000
G1 X549.73086 Y96.62702 F8000
G1 X549.78762 Y97.07535 F8000
G1 X549.92389 Y97.22589 F8000
G1 X551.14738 Y97.64579 F8000
G1 X552.04987 Y98.06282 F8000
G0 Z0
G1 X549.78664 Y97.06643 F8000
G1 Z1 F8000
G1 X549.78664 Y97.06643 F8000
G1 X550.54772 Y96.62702 F8000
G0 Z0
G1 X550.58591 Y96.39053 F8000
G1 Z1 F8000
G1 X550.58591 Y96.39053 F8000
G1 X509.84905 Y72.8711 F8000
G0 Z0
G1 X510.13202 Y72.74553 F8000
G1 Z1 F8000
G1 X510.13202 Y72.74553 F8000
G1 X551.08177 Y96.38789 F8000
G0 Z0
G1 X551.04772 Y96.62702 F8000
G1 Z1 F8000
G1 X551.04772 Y96.62702 F8000
G1 X549.97066 Y97.24885 F8000
G0 Z0
G1 X550.28269 Y97.35738 F8000
G1 Z1 F8000
G1 X550.28269 Y97.35738 F8000
G1 X551.54772 Y96.62702 F8000
G0 Z0
G1 X551.57794 Y96.38566 F8000
G1 Z1 F8000
G1 X551.57794 Y96.38566 F8000
G1 X510.4237 Y72.62525 F8000
G0 Z0
G1 X510.72199 Y72.50838 F8000
G1 Z1 F8000
G1 X510.72199 Y72.50838 F8000
G1 X552.07411 Y96.38302 F8000
G0 Z0
G1 X552.04772 Y96.62702 F8000
G1 Z1 F8000
G1 X552.04772 Y96.62702 F8000
G1 X550.60562 Y97.45961 F8000
G0 Z0
G1 X550.92337 Y97.56483 F8000
G1 Z1 F8000
G1 X550.92337 Y97.56483 F8000
G1 X552.54772 Y96.62702 F8000
G0 Z0
G1 X552.57026 Y96.38082 F8000
G1 Z1 F8000
G1 X552.57026 Y96.38082 F8000
G1 X511.02512 Y72.39472 F8000
G0 Z0
G1 X511.33998 Y72.28737 F8000
G1 Z1 F8000
G1 X511.33998 Y72.28737 F8000
G1 X553.06643 Y96.37818 F8000
G0 Z0
G1 X553.04772 Y96.62702 F8000
G1 Z1 F8000
G1 X553.04772 Y96.62702 F8000
G1 X551.22294 Y97.68055 F8000
G0 Z0
G1 X551.5155 Y97.80032 F8000
G1 Z1 F8000
G1 X551.5155 Y97.80032 F8000
G1 X553.54772 Y96.62702 F8000
G0 Z0
G1 X553.56261 Y96.37595 F8000
G1 Z1 F8000
G1 X553.56261 Y96.37595 F8000
G1 X511.66018 Y72.18358 F8000
G0 Z0
G1 X511.98789 Y72.0837 F8000
G1 Z1 F8000
G1 X511.98789 Y72.0837 F8000
G1 X554.05875 Y96.37331 F8000
G0 Z0
G1 X554.04772 Y96.62702 F8000
G1 Z1 F8000
G1 X554.04772 Y96.62702 F8000
G1 X551.78658 Y97.93249 F8000
G0 Z0
G1 X552.05393 Y98.0668 F8000
G1 Z1 F8000
G1 X552.05393 Y98.0668 F8000
G1 X554.54772 Y96.62702 F8000
G0 Z0
G1 X554.55493 Y96.37111 F8000
G1 Z1 F8000
G1 X554.55493 Y96.37111 F8000
G1 X512.32709 Y71.99086 F8000
G0 Z0
G1 X512.67311 Y71.90153 F8000
G1 Z1 F8000
G1 X512.67311 Y71.90153 F8000
G1 X555.0511 Y96.36847 F8000
G0 Z0
G1 X555.04772 Y96.62702 F8000
G1 Z1 F8000
G1 X555.04772 Y96.62702 F8000
G1 X552.30564 Y98.21016 F8000
G0 Z0
G1 X552.55244 Y98.35634 F8000
G1 Z1 F8000
G1 X552.55244 Y98.35634 F8000
G1 X555.54772 Y96.62702 F8000
G0 Z0
G1 X555.54725 Y96.36624 F8000
G1 Z1 F8000
G1 X555.54725 Y96.36624 F8000
G1 X513.02829 Y71.81792 F8000
G0 Z0
G1 X513.39672 Y71.74149 F8000
G1 Z1 F8000
G1 X513.39672 Y71.74149 F8000
G1 X556.04342 Y96.3636 F8000
G0 Z0
G1 X556.04772 Y96.62702 F8000
G1 Z1 F8000
G1 X556.04772 Y96.62702 F8000
G1 X552.78653 Y98.50986 F8000
G0 Z0
G1 X553.01602 Y98.66604 F8000
G1 Z1 F8000
G1 X553.01602 Y98.66604 F8000
G1 X556.54772 Y96.62702 F8000
G0 Z0
G1 X556.54145 Y96.36246 F8000
G1 Z1 F8000
G1 X556.54145 Y96.36246 F8000
G1 X513.77409 Y71.67071 F8000
G0 Z0
G1 X514.16089 Y71.60639 F8000
G1 Z1 F8000
G1 X514.16089 Y71.60639 F8000
G1 X557.03971 Y96.36246 F8000
G0 Z0
G1 X557.04772 Y96.62702 F8000
G1 Z1 F8000
G1 X557.04772 Y96.62702 F8000
G1 X553.23381 Y98.82898 F8000
G0 Z0
G1 X553.44835 Y98.99379 F8000
G1 Z1 F8000
G1 X553.44835 Y98.99379 F8000
G1 X557.54772 Y96.62702 F8000
G0 Z0
G1 X557.53795 Y96.36145 F8000
G1 Z1 F8000
G1 X557.53795 Y96.36145 F8000
G1 X514.55586 Y71.54575 F8000
G0 Z0
G1 X515.02203 Y71.07907 F8000
G1 Z1 F8000
G1 X515.02203 Y71.07907 F8000
G1 X511.35281 Y67.40983 F8000
G0 Z0
G1 X511.54331 Y67.24679 F8000
G1 Z1 F8000
G1 X511.54331 Y67.24679 F8000
G1 X515.14024 Y70.84373 F8000
G0 Z0
G1 X515.25859 Y70.60851 F8000
G1 Z1 F8000
G1 X515.25859 Y70.60851 F8000
G1 X511.73783 Y67.08775 F8000
G0 Z0
G1 X511.93577 Y66.93215 F8000
G1 Z1 F8000
G1 X511.93577 Y66.93215 F8000
G1 X515.38319 Y70.37957 F8000
G0 Z0
G1 X515.51656 Y70.15938 F8000
G1 Z1 F8000
G1 X515.51656 Y70.15938 F8000
G1 X512.13701 Y66.77983 F8000
G0 Z0
G1 X512.34214 Y66.6314 F8000
G1 Z1 F8000
G1 X512.34214 Y66.6314 F8000
G1 X515.65761 Y69.94687 F8000
G0 Z0
G1 X515.8057 Y69.74139 F8000
G1 Z1 F8000
G1 X515.8057 Y69.74139 F8000
G1 X512.55 Y66.48569 F8000
G0 Z0
G1 X512.76217 Y66.3443 F8000
G1 Z1 F8000
G1 X512.76217 Y66.3443 F8000
G1 X515.96347 Y69.54563 F8000
G0 Z0
G1 X516.1278 Y69.3564 F8000
G1 Z1 F8000
G1 X516.1278 Y69.3564 F8000
G1 X512.97653 Y66.20513 F8000
G0 Z0
G1 X513.19553 Y66.07056 F8000
G1 Z1 F8000
G1 X513.19553 Y66.07056 F8000
G1 X516.29782 Y69.17286 F8000
G0 Z0
G1 X516.4747 Y68.99617 F8000
G1 Z1 F8000
G1 X516.4747 Y68.99617 F8000
G1 X513.41638 Y65.93785 F8000
G0 Z0
G1 X513.64207 Y65.81 F8000
G1 Z1 F8000
G1 X513.64207 Y65.81 F8000
G1 X516.65932 Y68.82726 F8000
G0 Z0
G1 X516.84911 Y68.66351 F8000
G1 Z1 F8000
G1 X516.84911 Y68.66351 F8000
G1 X513.86932 Y65.68369 F8000
G0 Z0
G1 X514.09564 Y65.55648 F8000
G1 Z1 F8000
G1 X514.09564 Y65.55648 F8000
G1 X517.04411 Y68.50492 F8000
G0 Z0
G1 X517.24805 Y68.35532 F8000
G1 Z1 F8000
G1 X517.24805 Y68.35532 F8000
G1 X514.31652 Y65.42379 F8000
G0 Z0
G1 X514.52107 Y65.27477 F8000
G1 Z1 F8000
G1 X514.52107 Y65.27477 F8000
G1 X517.45726 Y68.21099 F8000
G0 Z0
G1 X517.67189 Y68.07206 F8000
G1 Z1 F8000
G1 X517.67189 Y68.07206 F8000
G1 X506.12163 Y56.5218 F8000
G0 Z0
G1 X506.02185 Y56.06846 F8000
G1 Z1 F8000
G1 X506.02185 Y56.06846 F8000
G1 X517.89435 Y67.94098 F8000
G0 Z0
G1 X518.12435 Y67.8174 F8000
G1 Z1 F8000
G1 X518.12435 Y67.8174 F8000
G1 X505.94433 Y55.63737 F8000
G0 Z0
G1 X505.8862 Y55.22571 F8000
G1 Z1 F8000
G1 X505.8862 Y55.22571 F8000
G1 X518.3607 Y67.70021 F8000
G0 Z0
G1 X518.60391 Y67.58988 F8000
G1 Z1 F8000
G1 X518.60391 Y67.58988 F8000
G1 X505.84519 Y54.83116 F8000
G0 Z0
G1 X505.81926 Y54.4518 F8000
G1 Z1 F8000
G1 X505.81926 Y54.4518 F8000
G1 X518.85738 Y67.48989 F8000
G0 Z0
G1 X519.12008 Y67.39906 F8000
G1 Z1 F8000
G1 X519.12008 Y67.39906 F8000
G1 X505.80706 Y54.08604 F8000
G0 Z0
G1 X505.80712 Y53.73253 F8000
G1 Z1 F8000
G1 X505.80712 Y53.73253 F8000
G1 X519.39234 Y67.31776 F8000
G0 Z0
G1 X519.67679 Y67.24867 F8000
G1 Z1 F8000
G1 X519.67679 Y67.24867 F8000
G1 X505.81831 Y53.39016 F8000
G0 Z0
G1 X505.83974 Y53.05792 F8000
G1 Z1 F8000
G1 X505.83974 Y53.05792 F8000
G1 X519.97868 Y67.19687 F8000
G0 Z0
G1 X520.29602 Y67.16067 F8000
G1 Z1 F8000
G1 X520.29602 Y67.16067 F8000
G1 X505.87077 Y52.73542 F8000
G0 Z0
G1 X505.90954 Y52.42062 F8000
G1 Z1 F8000
G1 X505.90954 Y52.42062 F8000
G1 X520.6289 Y67.13996 F8000
G0 Z0
G1 X520.97248 Y67.1299 F8000
G1 Z1 F8000
G1 X520.97248 Y67.1299 F8000
G1 X505.95375 Y52.11116 F8000
G0 Z0
G1 X506.00524 Y51.80909 F8000
G1 Z1 F8000
G1 X506.00524 Y51.80909 F8000
G1 X521.32705 Y67.13091 F8000
G0 Z0
G1 X521.41489 Y67.43155 F8000
G1 Z1 F8000
G1 X521.41489 Y67.43155 F8000
G1 X526.56581 Y70.40545 F8000
G0 Z0
G1 X526.77115 Y70.524 F8000
G1 Z1 F8000
G1 X526.77115 Y70.524 F8000
G1 X550.06503 Y83.97273 F8000
G0 Z0
G1 X550.02116 Y84.23607 F8000
G1 Z1 F8000
G1 X550.02116 Y84.23607 F8000
G1 X520.90224 Y67.42428 F8000
G0 Z0
G1 X520.45263 Y67.45335 F8000
G1 Z1 F8000
G1 X520.45263 Y67.45335 F8000
G1 X549.96639 Y84.49314 F8000
G0 Z0
G1 X550.35755 Y84.71896 F8000
G1 Z1 F8000
G1 X550.35755 Y84.71896 F8000
G1 X570.50905 Y96.35344 F8000
G0 Z0
G1 X570.54773 Y96.62702 F8000
G1 Z1 F8000
G1 X570.54773 Y96.62702 F8000
G1 X563.17665 Y100.88271 F8000
G0 Z0
G1 X563.67665 Y100.88271 F8000
G1 Z1 F8000
G1 X563.67665 Y100.88271 F8000
G1 X571.04773 Y96.62702 F8000
G0 Z0
G1 X571.00853 Y96.35312 F8000
G1 Z1 F8000
G1 X571.00853 Y96.35312 F8000
G1 X550.85753 Y84.71896 F8000
G0 Z0
G1 X550.90307 Y84.33256 F8000
G1 Z1 F8000
G1 X550.90307 Y84.33256 F8000
G1 X550.39562 Y83.82512 F8000
G0 Z0
G1 X550.34104 Y84.12407 F8000
G1 Z1 F8000
G1 X550.34104 Y84.12407 F8000
G1 X550.54953 Y84.33256 F8000
G0 Z0
G1 X551.25663 Y84.33256 F8000
G1 Z1 F8000
G1 X551.25663 Y84.33256 F8000
G1 X550.43454 Y83.51048 F8000
G0 Z0
G1 X550.1267 Y83.43097 F8000
G1 Z1 F8000
G1 X550.1267 Y83.43097 F8000
G1 X527.20337 Y70.19619 F8000
G0 Z0
G1 X526.98723 Y70.3601 F8000
G1 Z1 F8000
G1 X526.98723 Y70.3601 F8000
G1 X550.09622 Y83.70206 F8000
G0 Z0
G1 X550.14937 Y83.15541 F8000
G1 Z1 F8000
G1 X550.14937 Y83.15541 F8000
G1 X527.43644 Y70.04209 F8000
G0 Z0
G1 X527.66965 Y69.88805 F8000
G1 Z1 F8000
G1 X527.66965 Y69.88805 F8000
G1 X550.16573 Y82.87616 F8000
G0 Z0
G1 X550.18208 Y82.59692 F8000
G1 Z1 F8000
G1 X550.18208 Y82.59692 F8000
G1 X527.90603 Y69.73586 F8000
G0 Z0
G1 X528.15003 Y69.58804 F8000
G1 Z1 F8000
G1 X528.15003 Y69.58804 F8000
G1 X550.18676 Y82.31096 F8000
G0 Z0
G1 X550.1911 Y82.02479 F8000
G1 Z1 F8000
G1 X550.1911 Y82.02479 F8000
G1 X528.394 Y69.44022 F8000
G0 Z0
G1 X528.6404 Y69.29382 F8000
G1 Z1 F8000
G1 X528.6404 Y69.29382 F8000
G1 X550.19184 Y81.73655 F8000
G0 Z0
G1 X550.18467 Y81.44374 F8000
G1 Z1 F8000
G1 X550.18467 Y81.44374 F8000
G1 X528.89679 Y69.15317 F8000
G0 Z0
G1 X529.15319 Y69.01252 F8000
G1 Z1 F8000
G1 X529.15319 Y69.01252 F8000
G1 X550.1775 Y81.15092 F8000
G0 Z0
G1 X550.16194 Y80.85326 F8000
G1 Z1 F8000
G1 X550.16194 Y80.85326 F8000
G1 X529.41884 Y68.87721 F8000
G0 Z0
G1 X529.694 Y68.74741 F8000
G1 Z1 F8000
G1 X529.694 Y68.74741 F8000
G1 X550.14236 Y80.55328 F8000
G0 Z0
G1 X550.12027 Y80.25184 F8000
G1 Z1 F8000
G1 X550.12027 Y80.25184 F8000
G1 X529.98039 Y68.62408 F8000
G0 Z0
G1 X530.27312 Y68.50441 F8000
G1 Z1 F8000
G1 X530.27312 Y68.50441 F8000
G1 X550.08548 Y79.94307 F8000
G0 Z0
G1 X550.05068 Y79.63433 F8000
G1 Z1 F8000
G1 X550.05068 Y79.63433 F8000
G1 X530.57089 Y68.38765 F8000
G0 Z0
G1 X530.42706 Y68.09918 F8000
G1 Z1 F8000
G1 X530.42706 Y68.09918 F8000
G1 X508.59043 Y46.26257 F8000
G0 Z0
G1 X508.75479 Y46.07337 F8000
G1 Z1 F8000
G1 X508.75479 Y46.07337 F8000
G1 X530.68622 Y68.0048 F8000
G0 Z0
G1 X530.94538 Y67.9104 F8000
G1 Z1 F8000
G1 X530.94538 Y67.9104 F8000
G1 X508.92304 Y45.88806 F8000
G0 Z0
G1 X509.09647 Y45.70795 F8000
G1 Z1 F8000
G1 X509.09647 Y45.70795 F8000
G1 X531.21007 Y67.82155 F8000
G0 Z0
G1 X531.48021 Y67.73813 F8000
G1 Z1 F8000
G1 X531.48021 Y67.73813 F8000
G1 X509.27096 Y45.52888 F8000
G0 Z0
G1 X509.45345 Y45.3578 F8000
G1 Z1 F8000
G1 X509.45345 Y45.3578 F8000
G1 X531.75035 Y67.6547 F8000
G0 Z0
G1 X532.02961 Y67.58043 F8000
G1 Z1 F8000
G1 X532.02961 Y67.58043 F8000
G1 X509.63593 Y45.18675 F8000
G0 Z0
G1 X509.82558 Y45.02284 F8000
G1 Z1 F8000
G1 X509.82558 Y45.02284 F8000
G1 X532.31155 Y67.50881 F8000
G0 Z0
G1 X532.59527 Y67.43896 F8000
G1 Z1 F8000
G1 X532.59527 Y67.43896 F8000
G1 X510.01711 Y44.86081 F8000
G0 Z0
G1 X510.21217 Y44.7023 F8000
G1 Z1 F8000
G1 X510.21217 Y44.7023 F8000
G1 X532.89017 Y67.38033 F8000
G0 Z0
G1 X533.1851 Y67.3217 F8000
G1 Z1 F8000
G1 X533.1851 Y67.3217 F8000
G1 X510.41132 Y44.54791 F8000
G0 Z0
G1 X510.61359 Y44.39665 F8000
G1 Z1 F8000
G1 X510.61359 Y44.39665 F8000
G1 X533.48728 Y67.27032 F8000
G0 Z0
G1 X533.79407 Y67.22356 F8000
G1 Z1 F8000
G1 X533.79407 Y67.22356 F8000
G1 X510.8192 Y44.2487 F8000
G0 Z0
G1 X511.02864 Y44.10458 F8000
G1 Z1 F8000
G1 X511.02864 Y44.10458 F8000
G1 X534.10863 Y67.18456 F8000
G0 Z0
G1 X534.43346 Y67.15583 F8000
G1 Z1 F8000
G1 X534.43346 Y67.15583 F8000
G1 X511.2411 Y43.96348 F8000
G0 Z0
G1 X511.45846 Y43.82729 F8000
G1 Z1 F8000
G1 X511.45846 Y43.82729 F8000
G1 X534.77107 Y67.1399 F8000
G0 Z0
G1 X535.11826 Y67.13353 F8000
G1 Z1 F8000
G1 X535.11826 Y67.13353 F8000
G1 X511.67812 Y43.69341 F8000
G0 Z0
G1 X511.90426 Y43.56596 F8000
G1 Z1 F8000
G1 X511.90426 Y43.56596 F8000
G1 X535.47325 Y67.13496 F8000
G0 Z0
G1 X535.45727 Y67.45603 F8000
G1 Z1 F8000
G1 X535.45727 Y67.45603 F8000
G1 X548.4708 Y74.9694 F8000
G0 Z0
G1 X548.63336 Y74.63823 F8000
G1 Z1 F8000
G1 X548.63336 Y74.63823 F8000
G1 X554.21174 Y80.2166 F8000
G0 Z0
G1 X554.1103 Y80.46872 F8000
G1 Z1 F8000
G1 X554.1103 Y80.46872 F8000
G1 X549.02503 Y75.38345 F8000
G0 Z0
G1 X548.68737 Y75.38311 F8000
G1 Z1 F8000
G1 X548.68737 Y75.38311 F8000
G1 X534.97218 Y67.46465 F8000
G0 Z0
G1 X534.51667 Y67.49032 F8000
G1 Z1 F8000
G1 X534.51667 Y67.49032 F8000
G1 X548.88009 Y75.78305 F8000
G0 Z0
G1 X549.05286 Y76.17146 F8000
G1 Z1 F8000
G1 X549.05286 Y76.17146 F8000
G1 X534.07217 Y67.52236 F8000
G0 Z0
G1 X533.64815 Y67.56623 F8000
G1 Z1 F8000
G1 X533.64815 Y67.56623 F8000
G1 X549.20889 Y76.55024 F8000
G0 Z0
G1 X549.56769 Y76.63321 F8000
G1 Z1 F8000
G1 X549.56769 Y76.63321 F8000
G1 X553.89701 Y80.96254 F8000
G0 Z0
G1 X553.7843 Y81.20339 F8000
G1 Z1 F8000
G1 X553.7843 Y81.20339 F8000
G1 X549.76332 Y77.18241 F8000
G0 Z0
G1 X549.47463 Y77.28102 F8000
G1 Z1 F8000
G1 X549.47463 Y77.28102 F8000
G1 X532.87096 Y67.69487 F8000
G0 Z0
G1 X532.51542 Y67.77826 F8000
G1 Z1 F8000
G1 X532.51542 Y67.77826 F8000
G1 X549.58724 Y77.63471 F8000
G0 Z0
G1 X549.92601 Y77.69866 F8000
G1 Z1 F8000
G1 X549.92601 Y77.69866 F8000
G1 X553.66871 Y81.44133 F8000
G0 Z0
G1 X553.54843 Y81.67461 F8000
G1 Z1 F8000
G1 X553.54843 Y81.67461 F8000
G1 X550.06135 Y78.18753 F8000
G0 Z0
G1 X549.78258 Y78.32483 F8000
G1 Z1 F8000
G1 X549.78258 Y78.32483 F8000
G1 X531.83798 Y67.9645 F8000
G0 Z0
G1 X531.50936 Y68.06346 F8000
G1 Z1 F8000
G1 X531.50936 Y68.06346 F8000
G1 X549.86476 Y78.66095 F8000
G0 Z0
G1 X550.17361 Y78.65336 F8000
G1 Z1 F8000
G1 X550.17361 Y78.65336 F8000
G1 X553.42603 Y81.90578 F8000
G0 Z0
G1 X553.29858 Y82.13189 F8000
G1 Z1 F8000
G1 X553.29858 Y82.13189 F8000
G1 X550.26624 Y79.09953 F8000
G0 Z0
G1 X549.94094 Y78.99361 F8000
G1 Z1 F8000
G1 X549.94094 Y78.99361 F8000
G1 X531.19136 Y68.16852 F8000
G0 Z0
G1 X530.87854 Y68.27661 F8000
G1 Z1 F8000
G1 X530.87854 Y68.27661 F8000
G1 X549.99708 Y79.31469 F8000
G0 Z0
G1 X550.34196 Y79.52881 F8000
G1 Z1 F8000
G1 X550.34196 Y79.52881 F8000
G1 X553.16962 Y82.35647 F8000
G0 Z0
G1 X553.03545 Y82.57584 F8000
G1 Z1 F8000
G1 X553.03545 Y82.57584 F8000
G1 X550.403 Y79.94339 F8000
G0 Z0
G1 X550.45118 Y80.34516 F8000
G1 Z1 F8000
G1 X550.45118 Y80.34516 F8000
G1 X552.90009 Y82.79404 F8000
G0 Z0
G1 X552.75952 Y83.00703 F8000
G1 Z1 F8000
G1 X552.75952 Y83.00703 F8000
G1 X550.48656 Y80.73407 F8000
G0 Z0
G1 X550.50786 Y81.10893 F8000
G1 Z1 F8000
G1 X550.50786 Y81.10893 F8000
G1 X552.61799 Y83.21904 F8000
G0 Z0
G1 X552.47139 Y83.42602 F8000
G1 Z1 F8000
G1 X552.47139 Y83.42602 F8000
G1 X550.51685 Y81.47146 F8000
G0 Z0
G1 X550.51564 Y81.82378 F8000
G1 Z1 F8000
G1 X550.51564 Y81.82378 F8000
G1 X552.32383 Y83.632 F8000
G0 Z0
G1 X552.17389 Y83.83562 F8000
G1 Z1 F8000
G1 X552.17389 Y83.83562 F8000
G1 X550.50921 Y82.17092 F8000
G0 Z0
G1 X550.50278 Y82.51805 F8000
G1 Z1 F8000
G1 X550.50278 Y82.51805 F8000
G1 X552.02339 Y84.03866 F8000
G0 Z0
G1 X551.87287 Y84.24171 F8000
G1 Z1 F8000
G1 X551.87287 Y84.24171 F8000
G1 X550.48233 Y82.85116 F8000
G0 Z0
G1 X550.4606 Y83.183 F8000
G1 Z1 F8000
G1 X550.4606 Y83.183 F8000
G1 X551.61019 Y84.33256 F8000
G0 Z0
G1 X551.85755 Y84.71896 F8000
G1 Z1 F8000
G1 X551.85755 Y84.71896 F8000
G1 X572.00746 Y96.35251 F8000
G0 Z0
G1 X572.04773 Y96.62702 F8000
G1 Z1 F8000
G1 X572.04773 Y96.62702 F8000
G1 X564.67665 Y100.88271 F8000
G0 Z0
G1 X564.17665 Y100.88271 F8000
G1 Z1 F8000
G1 X564.17665 Y100.88271 F8000
G1 X571.54773 Y96.62702 F8000
G0 Z0
G1 X571.50798 Y96.35283 F8000
G1 Z1 F8000
G1 X571.50798 Y96.35283 F8000
G1 X551.35754 Y84.71896 F8000
G0 Z0
G1 X552.35754 Y84.71896 F8000
G1 Z1 F8000
G1 X552.35754 Y84.71896 F8000
G1 X572.50692 Y96.35222 F8000
G0 Z0
G1 X572.54773 Y96.62702 F8000
G1 Z1 F8000
G1 X572.54773 Y96.62702 F8000
G1 X565.17665 Y100.88271 F8000
G0 Z0
G1 X565.67665 Y100.88271 F8000
G1 Z1 F8000
G1 X565.67665 Y100.88271 F8000
G1 X573.04773 Y96.62702 F8000
G0 Z0
G1 X573.0064 Y96.3519 F8000
G1 Z1 F8000
G1 X573.0064 Y96.3519 F8000
G1 X552.85755 Y84.71896 F8000
G0 Z0
G1 X552.96233 Y84.33275 F8000
G1 Z1 F8000
G1 X552.96233 Y84.33275 F8000
G1 X555.15148 Y83.06884 F8000
G0 Z0
G1 X554.85099 Y82.95366 F8000
G1 Z1 F8000
G1 X554.85099 Y82.95366 F8000
G1 X552.57997 Y84.26483 F8000
G0 Z0
G1 X552.61079 Y83.95836 F8000
G1 Z1 F8000
G1 X552.61079 Y83.95836 F8000
G1 X554.53244 Y82.8489 F8000
G0 Z0
G1 X554.19463 Y82.75526 F8000
G1 Z1 F8000
G1 X554.19463 Y82.75526 F8000
G1 X552.79098 Y83.56565 F8000
G0 Z0
G1 X554.59735 Y82.86901 F8000
G1 Z1 F8000
G1 X554.59735 Y82.86901 F8000
G1 X553.76213 Y82.66852 F8000
G1 X553.38086 Y82.70382 F8000
G1 X552.72332 Y83.69324 F8000
G1 X552.58648 Y84.04285 F8000
G1 X552.57997 Y84.33275 F8000
G1 X556.93025 Y84.33275 F8000
G1 X556.91186 Y84.00086 F8000
G1 X556.70706 Y83.79557 F8000
G1 X555.72748 Y83.30083 F8000
G1 X554.59735 Y82.86901 F8000
G0 Z0
G1 X553.0603 Y83.12149 F8000
G1 Z1 F8000
G1 X553.0603 Y83.12149 F8000
G1 X553.82604 Y82.67939 F8000
G0 Z0
G1 X553.96233 Y84.33275 F8000
G1 Z1 F8000
G1 X553.96233 Y84.33275 F8000
G1 X555.73465 Y83.3095 F8000
G0 Z0
G1 X556.01481 Y83.43643 F8000
G1 Z1 F8000
G1 X556.01481 Y83.43643 F8000
G1 X554.46233 Y84.33275 F8000
G0 Z0
G1 X554.35755 Y84.71896 F8000
G1 Z1 F8000
G1 X554.35755 Y84.71896 F8000
G1 X574.50524 Y96.35124 F8000
G0 Z0
G1 X574.54773 Y96.62702 F8000
G1 Z1 F8000
G1 X574.54773 Y96.62702 F8000
G1 X567.17665 Y100.88271 F8000
G0 Z0
G1 X567.67665 Y100.88271 F8000
G1 Z1 F8000
G1 X567.67665 Y100.88271 F8000
G1 X575.04773 Y96.62702 F8000
G0 Z0
G1 X575.00525 Y96.35124 F8000
G1 Z1 F8000
G1 X575.00525 Y96.35124 F8000
G1 X554.85753 Y84.71896 F8000
G0 Z0
G1 X554.96233 Y84.33275 F8000
G1 Z1 F8000
G1 X554.96233 Y84.33275 F8000
G1 X556.28717 Y83.56785 F8000
G0 Z0
G1 X556.55181 Y83.70374 F8000
G1 Z1 F8000
G1 X556.55181 Y83.70374 F8000
G1 X555.46233 Y84.33275 F8000
G0 Z0
G1 X555.35754 Y84.71896 F8000
G1 Z1 F8000
G1 X555.35754 Y84.71896 F8000
G1 X575.50526 Y96.35124 F8000
G0 Z0
G1 X575.54773 Y96.62702 F8000
G1 Z1 F8000
G1 X575.54773 Y96.62702 F8000
G1 X568.17665 Y100.88271 F8000
G0 Z0
G1 X568.67665 Y100.88271 F8000
G1 Z1 F8000
G1 X568.67665 Y100.88271 F8000
G1 X576.04773 Y96.62702 F8000
G0 Z0
G1 X576.00524 Y96.35124 F8000
G1 Z1 F8000
G1 X576.00524 Y96.35124 F8000
G1 X555.85755 Y84.71896 F8000
G0 Z0
G1 X555.96233 Y84.33275 F8000
G1 Z1 F8000
G1 X555.96233 Y84.33275 F8000
G1 X556.78981 Y83.855 F8000
G0 Z0
G1 X556.92614 Y84.06497 F8000
G1 Z1 F8000
G1 X556.92614 Y84.06497 F8000
G1 X556.46233 Y84.33275 F8000
G0 Z0
G1 X556.35753 Y84.71896 F8000
G1 Z1 F8000
G1 X556.35753 Y84.71896 F8000
G1 X576.50525 Y96.35124 F8000
G0 Z0
G1 X576.54773 Y96.62702 F8000
G1 Z1 F8000
G1 X576.54773 Y96.62702 F8000
G1 X569.17665 Y100.88271 F8000
G0 Z0
G1 X569.67665 Y100.88271 F8000
G1 Z1 F8000
G1 X569.67665 Y100.88271 F8000
G1 X577.04773 Y96.62702 F8000
G0 Z0
G1 X577.00523 Y96.35124 F8000
G1 Z1 F8000
G1 X577.00523 Y96.35124 F8000
G1 X556.85754 Y84.71896 F8000
G0 Z0
G1 X557.35755 Y84.71896 F8000
G1 Z1 F8000
G1 X557.35755 Y84.71896 F8000
G1 X577.50524 Y96.35124 F8000
G0 Z0
G1 X577.54773 Y96.62702 F8000
G1 Z1 F8000
G1 X577.54773 Y96.62702 F8000
G1 X570.17665 Y100.88271 F8000
G0 Z0
G1 X570.67665 Y100.88271 F8000
G1 Z1 F8000
G1 X570.67665 Y100.88271 F8000
G1 X578.04773 Y96.62702 F8000
G0 Z0
G1 X578.00525 Y96.35124 F8000
G1 Z1 F8000
G1 X578.00525 Y96.35124 F8000
G1 X557.85754 Y84.71896 F8000
G0 Z0
G1 X558.35755 Y84.71896 F8000
G1 Z1 F8000
G1 X558.35755 Y84.71896 F8000
G1 X578.50524 Y96.35124 F8000
G0 Z0
G1 X578.54773 Y96.62702 F8000
G1 Z1 F8000
G1 X578.54773 Y96.62702 F8000
G1 X571.17666 Y100.88271 F8000
G0 Z0
G1 X571.67666 Y100.88271 F8000
G1 Z1 F8000
G1 X571.67666 Y100.88271 F8000
G1 X579.04773 Y96.62702 F8000
G0 Z0
G1 X579.00525 Y96.35124 F8000
G1 Z1 F8000
G1 X579.00525 Y96.35124 F8000
G1 X558.85756 Y84.71896 F8000
G0 Z0
G1 X559.35754 Y84.71896 F8000
G1 Z1 F8000
G1 X559.35754 Y84.71896 F8000
G1 X579.50526 Y96.35124 F8000
G0 Z0
G1 X579.54773 Y96.62702 F8000
G1 Z1 F8000
G1 X579.54773 Y96.62702 F8000
G1 X572.17666 Y100.88271 F8000
G0 Z0
G1 X572.67666 Y100.88271 F8000
G1 Z1 F8000
G1 X572.67666 Y100.88271 F8000
G1 X580.04773 Y96.62702 F8000
G0 Z0
G1 X580.00524 Y96.35124 F8000
G1 Z1 F8000
G1 X580.00524 Y96.35124 F8000
G1 X559.85755 Y84.71896 F8000
G0 Z0
G1 X560.35753 Y84.71896 F8000
G1 Z1 F8000
G1 X560.35753 Y84.71896 F8000
G1 X580.50525 Y96.35124 F8000
G0 Z0
G1 X580.54773 Y96.62702 F8000
G1 Z1 F8000
G1 X580.54773 Y96.62702 F8000
G1 X573.17666 Y100.88271 F8000
G0 Z0
G1 X573.67666 Y100.88271 F8000
G1 Z1 F8000
G1 X573.67666 Y100.88271 F8000
G1 X581.04773 Y96.62702 F8000
G0 Z0
G1 X581.00526 Y96.35124 F8000
G1 Z1 F8000
G1 X581.00526 Y96.35124 F8000
G1 X560.85754 Y84.71896 F8000
G0 Z0
G1 X561.35755 Y84.71896 F8000
G1 Z1 F8000
G1 X561.35755 Y84.71896 F8000
G1 X581.50524 Y96.35124 F8000
G0 Z0
G1 X581.54773 Y96.62702 F8000
G1 Z1 F8000
G1 X581.54773 Y96.62702 F8000
G1 X574.17666 Y100.88271 F8000
G0 Z0
G1 X574.67666 Y100.88271 F8000
G1 Z1 F8000
G1 X574.67666 Y100.88271 F8000
G1 X582.04773 Y96.62702 F8000
G0 Z0
G1 X582.00525 Y96.35124 F8000
G1 Z1 F8000
G1 X582.00525 Y96.35124 F8000
G1 X561.85754 Y84.71896 F8000
G0 Z0
G1 X562.35755 Y84.71896 F8000
G1 Z1 F8000
G1 X562.35755 Y84.71896 F8000
G1 X582.50523 Y96.35124 F8000
G0 Z0
G1 X582.54773 Y96.62702 F8000
G1 Z1 F8000
G1 X582.54773 Y96.62702 F8000
G1 X575.17666 Y100.88271 F8000
G0 Z0
G1 X575.67666 Y100.88271 F8000
G1 Z1 F8000
G1 X575.67666 Y100.88271 F8000
G1 X583.04773 Y96.62702 F8000
G0 Z0
G1 X583.00524 Y96.35124 F8000
G1 Z1 F8000
G1 X583.00524 Y96.35124 F8000
G1 X562.85756 Y84.71896 F8000
G0 Z0
G1 X563.35754 Y84.71896 F8000
G1 Z1 F8000
G1 X563.35754 Y84.71896 F8000
G1 X583.50525 Y96.35124 F8000
G0 Z0
G1 X583.54773 Y96.62702 F8000
G1 Z1 F8000
G1 X583.54773 Y96.62702 F8000
G1 X576.17666 Y100.88271 F8000
G0 Z0
G1 X576.67666 Y100.88271 F8000
G1 Z1 F8000
G1 X576.67666 Y100.88271 F8000
G1 X584.04773 Y96.62702 F8000
G0 Z0
G1 X584.00524 Y96.35124 F8000
G1 Z1 F8000
G1 X584.00524 Y96.35124 F8000
G1 X563.85755 Y84.71896 F8000
G0 Z0
G1 X564.35756 Y84.71896 F8000
G1 Z1 F8000
G1 X564.35756 Y84.71896 F8000
G1 X584.50525 Y96.35124 F8000
G0 Z0
G1 X584.54773 Y96.62702 F8000
G1 Z1 F8000
G1 X584.54773 Y96.62702 F8000
G1 X577.17666 Y100.88271 F8000
G0 Z0
G1 X577.67666 Y100.88271 F8000
G1 Z1 F8000
G1 X577.67666 Y100.88271 F8000
G1 X585.04774 Y96.62702 F8000
G0 Z0
G1 X585.00526 Y96.35124 F8000
G1 Z1 F8000
G1 X585.00526 Y96.35124 F8000
G1 X564.85754 Y84.71896 F8000
G0 Z0
G1 X565.35755 Y84.71896 F8000
G1 Z1 F8000
G1 X565.35755 Y84.71896 F8000
G1 X585.50524 Y96.35124 F8000
G0 Z0
G1 X585.54774 Y96.62702 F8000
G1 Z1 F8000
G1 X585.54774 Y96.62702 F8000
G1 X578.17666 Y100.88271 F8000
G0 Z0
G1 X578.67666 Y100.88271 F8000
G1 Z1 F8000
G1 X578.67666 Y100.88271 F8000
G1 X586.04774 Y96.62702 F8000
G0 Z0
G1 X586.00525 Y96.35124 F8000
G1 Z1 F8000
G1 X586.00525 Y96.35124 F8000
G1 X565.85754 Y84.71896 F8000
G0 Z0
G1 X566.35755 Y84.71896 F8000
G1 Z1 F8000
G1 X566.35755 Y84.71896 F8000
G1 X586.50526 Y96.35124 F8000
G0 Z0
G1 X586.54774 Y96.62702 F8000
G1 Z1 F8000
G1 X586.54774 Y96.62702 F8000
G1 X579.17666 Y100.88271 F8000
G0 Z0
G1 X579.67666 Y100.88271 F8000
G1 Z1 F8000
G1 X579.67666 Y100.88271 F8000
G1 X587.04774 Y96.62702 F8000
G0 Z0
G1 X587.00524 Y96.35124 F8000
G1 Z1 F8000
G1 X587.00524 Y96.35124 F8000
G1 X566.85756 Y84.71896 F8000
G0 Z0
G1 X567.35754 Y84.71896 F8000
G1 Z1 F8000
G1 X567.35754 Y84.71896 F8000
G1 X587.50525 Y96.35124 F8000
G0 Z0
G1 X587.54774 Y96.62702 F8000
G1 Z1 F8000
G1 X587.54774 Y96.62702 F8000
G1 X580.17666 Y100.88271 F8000
G0 Z0
G1 X580.67666 Y100.88271 F8000
G1 Z1 F8000
G1 X580.67666 Y100.88271 F8000
G1 X588.04774 Y96.62702 F8000
G0 Z0
G1 X588.00524 Y96.35124 F8000
G1 Z1 F8000
G1 X588.00524 Y96.35124 F8000
G1 X567.85755 Y84.71896 F8000
G0 Z0
G1 X568.35756 Y84.71896 F8000
G1 Z1 F8000
G1 X568.35756 Y84.71896 F8000
G1 X588.50525 Y96.35124 F8000
G0 Z0
G1 X588.54774 Y96.62702 F8000
G1 Z1 F8000
G1 X588.54774 Y96.62702 F8000
G1 X581.17666 Y100.88271 F8000
G0 Z0
G1 X581.67666 Y100.88271 F8000
G1 Z1 F8000
G1 X581.67666 Y100.88271 F8000
G1 X589.04774 Y96.62702 F8000
G0 Z0
G1 X589.00526 Y96.35124 F8000
G1 Z1 F8000
G1 X589.00526 Y96.35124 F8000
G1 X568.85754 Y84.71896 F8000
G0 Z0
G1 X569.35755 Y84.71896 F8000
G1 Z1 F8000
G1 X569.35755 Y84.71896 F8000
G1 X589.50524 Y96.35124 F8000
G0 Z0
G1 X589.54774 Y96.62702 F8000
G1 Z1 F8000
G1 X589.54774 Y96.62702 F8000
G1 X582.17666 Y100.88271 F8000
G0 Z0
G1 X582.67666 Y100.88271 F8000
G1 Z1 F8000
G1 X582.67666 Y100.88271 F8000
G1 X590.04774 Y96.62702 F8000
G0 Z0
G1 X590.00525 Y96.35124 F8000
G1 Z1 F8000
G1 X590.00525 Y96.35124 F8000
G1 X569.85756 Y84.71896 F8000
G0 Z0
G1 X570.35755 Y84.71896 F8000
G1 Z1 F8000
G1 X570.35755 Y84.71896 F8000
G1 X590.50526 Y96.35124 F8000
G0 Z0
G1 X590.54774 Y96.62702 F8000
G1 Z1 F8000
G1 X590.54774 Y96.62702 F8000
G1 X583.17666 Y100.88271 F8000
G0 Z0
G1 X583.67666 Y100.88271 F8000
G1 Z1 F8000
G1 X583.67666 Y100.88271 F8000
G1 X591.04774 Y96.62702 F8000
G0 Z0
G1 X591.00524 Y96.35124 F8000
G1 Z1 F8000
G1 X591.00524 Y96.35124 F8000
G1 X570.85756 Y84.71896 F8000
G0 Z0
G1 X571.35754 Y84.71896 F8000
G1 Z1 F8000
G1 X571.35754 Y84.71896 F8000
G1 X591.50525 Y96.35124 F8000
G0 Z0
G1 X591.54774 Y96.62702 F8000
G1 Z1 F8000
G1 X591.54774 Y96.62702 F8000
G1 X584.17666 Y100.88271 F8000
G0 Z0
G1 X584.67666 Y100.88271 F8000
G1 Z1 F8000
G1 X584.67666 Y100.88271 F8000
G1 X592.04774 Y96.62702 F8000
G0 Z0
G1 X592.00526 Y96.35124 F8000
G1 Z1 F8000
G1 X592.00526 Y96.35124 F8000
G1 X571.85755 Y84.71896 F8000
G0 Z0
G1 X572.35756 Y84.71896 F8000
G1 Z1 F8000
G1 X572.35756 Y84.71896 F8000
G1 X592.50525 Y96.35124 F8000
G0 Z0
G1 X592.54774 Y96.62702 F8000
G1 Z1 F8000
G1 X592.54774 Y96.62702 F8000
G1 X585.17666 Y100.88271 F8000
G0 Z0
G1 X585.67666 Y100.88271 F8000
G1 Z1 F8000
G1 X585.67666 Y100.88271 F8000
G1 X592.67821 Y96.84037 F8000
G0 Z0
G1 X592.67821 Y97.12904 F8000
G1 Z1 F8000
G1 X592.67821 Y97.12904 F8000
G1 X586.17666 Y100.88271 F8000
G0 Z0
G1 X586.67666 Y100.88271 F8000
G1 Z1 F8000
G1 X586.67666 Y100.88271 F8000
G1 X592.67821 Y97.41772 F8000
G0 Z0
G1 X592.67821 Y97.70639 F8000
G1 Z1 F8000
G1 X592.67821 Y97.70639 F8000
G1 X587.17666 Y100.88271 F8000
G0 Z0
G1 X587.67666 Y100.88271 F8000
G1 Z1 F8000
G1 X587.67666 Y100.88271 F8000
G1 X592.67821 Y97.99507 F8000
G0 Z0
G1 X592.67821 Y98.28374 F8000
G1 Z1 F8000
G1 X592.67821 Y98.28374 F8000
G1 X588.17666 Y100.88271 F8000
G0 Z0
G1 X588.67666 Y100.88271 F8000
G1 Z1 F8000
G1 X588.67666 Y100.88271 F8000
G1 X592.67821 Y98.57242 F8000
G0 Z0
G1 X592.67821 Y98.86109 F8000
G1 Z1 F8000
G1 X592.67821 Y98.86109 F8000
G1 X589.17666 Y100.88271 F8000
G0 Z0
G1 X589.67667 Y100.88271 F8000
G1 Z1 F8000
G1 X589.67667 Y100.88271 F8000
G1 X592.67821 Y99.14977 F8000
G0 Z0
G1 X592.67821 Y99.43845 F8000
G1 Z1 F8000
G1 X592.67821 Y99.43845 F8000
G1 X590.17667 Y100.88271 F8000
G0 Z0
G1 X590.67667 Y100.88271 F8000
G1 Z1 F8000
G1 X590.67667 Y100.88271 F8000
G1 X592.67821 Y99.72712 F8000
G0 Z0
G1 X592.67821 Y100.0158 F8000
G1 Z1 F8000
G1 X592.67821 Y100.0158 F8000
G1 X591.17667 Y100.88271 F8000
G0 Z0
G1 X591.67667 Y100.88271 F8000
G1 Z1 F8000
G1 X591.67667 Y100.88271 F8000
G1 X592.67821 Y100.30447 F8000
G0 Z0
G1 X592.67821 Y100.59315 F8000
G1 Z1 F8000
G1 X592.67821 Y100.59315 F8000
G1 X592.17667 Y100.88271 F8000
G0 Z0
G1 X592.67744 Y100.88227 F8000
G1 Z1 F8000
G1 X592.67744 Y100.88227 F8000
G1 X592.67744 Y100.88227 F8000
G0 Z0
G1 X593.00526 Y96.35124 F8000
G1 Z1 F8000
G1 X593.00526 Y96.35124 F8000
G1 X572.85754 Y84.71896 F8000
G0 Z0
G1 X573.35755 Y84.71896 F8000
G1 Z1 F8000
G1 X573.35755 Y84.71896 F8000
G1 X593.50524 Y96.35124 F8000
G0 Z0
G1 X594.00525 Y96.35124 F8000
G1 Z1 F8000
G1 X594.00525 Y96.35124 F8000
G1 X573.85756 Y84.71896 F8000
G0 Z0
G1 X574.35755 Y84.71896 F8000
G1 Z1 F8000
G1 X574.35755 Y84.71896 F8000
G1 X594.50526 Y96.35124 F8000
G0 Z0
G1 X595.00524 Y96.35124 F8000
G1 Z1 F8000
G1 X595.00524 Y96.35124 F8000
G1 X574.85756 Y84.71896 F8000
G0 Z0
G1 X575.35757 Y84.71896 F8000
G1 Z1 F8000
G1 X575.35757 Y84.71896 F8000
G1 X595.50525 Y96.35124 F8000
G0 Z0
G1 X596.00526 Y96.35124 F8000
G1 Z1 F8000
G1 X596.00526 Y96.35124 F8000
G1 X575.85755 Y84.71896 F8000
G0 Z0
G1 X576.35756 Y84.71896 F8000
G1 Z1 F8000
G1 X576.35756 Y84.71896 F8000
G1 X596.50525 Y96.35124 F8000
G0 Z0
G1 X597.00526 Y96.35124 F8000
G1 Z1 F8000
G1 X597.00526 Y96.35124 F8000
G1 X576.85754 Y84.71896 F8000
G0 Z0
G1 X577.35755 Y84.71896 F8000
G1 Z1 F8000
G1 X577.35755 Y84.71896 F8000
G1 X597.50527 Y96.35124 F8000
G0 Z0
G1 X598.00525 Y96.35124 F8000
G1 Z1 F8000
G1 X598.00525 Y96.35124 F8000
G1 X577.85756 Y84.71896 F8000
G0 Z0
G1 X578.35755 Y84.71896 F8000
G1 Z1 F8000
G1 X578.35755 Y84.71896 F8000
G1 X598.50526 Y96.35124 F8000
G0 Z0
G1 X599.00524 Y96.35124 F8000
G1 Z1 F8000
G1 X599.00524 Y96.35124 F8000
G1 X578.85755 Y84.71896 F8000
G0 Z0
G1 X579.35756 Y84.71896 F8000
G1 Z1 F8000
G1 X579.35756 Y84.71896 F8000
G1 X599.50525 Y96.35124 F8000
G0 Z0
G1 X599.5819 Y96.10682 F8000
G1 Z1 F8000
G1 X599.5819 Y96.10682 F8000
G1 X579.85755 Y84.71896 F8000
G0 Z0
G1 X580.35756 Y84.71896 F8000
G1 Z1 F8000
G1 X580.35756 Y84.71896 F8000
G1 X599.5819 Y95.81813 F8000
G0 Z0
G1 X599.5819 Y95.52947 F8000
G1 Z1 F8000
G1 X599.5819 Y95.52947 F8000
G1 X580.85757 Y84.71896 F8000
G0 Z0
G1 X581.35755 Y84.71896 F8000
G1 Z1 F8000
G1 X581.35755 Y84.71896 F8000
G1 X599.5819 Y95.24078 F8000
G0 Z0
G1 X599.5819 Y94.95212 F8000
G1 Z1 F8000
G1 X599.5819 Y94.95212 F8000
G1 X581.85756 Y84.71896 F8000
G0 Z0
G1 X582.35754 Y84.71896 F8000
G1 Z1 F8000
G1 X582.35754 Y84.71896 F8000
G1 X599.5819 Y94.66344 F8000
G0 Z0
G1 X599.5819 Y94.37478 F8000
G1 Z1 F8000
G1 X599.5819 Y94.37478 F8000
G1 X582.85755 Y84.71896 F8000
G0 Z0
G1 X583.35756 Y84.71896 F8000
G1 Z1 F8000
G1 X583.35756 Y84.71896 F8000
G1 X599.5819 Y94.08609 F8000
G0 Z0
G1 X599.5819 Y93.79743 F8000
G1 Z1 F8000
G1 X599.5819 Y93.79743 F8000
G1 X583.85755 Y84.71896 F8000
G0 Z0
G1 X584.35756 Y84.71896 F8000
G1 Z1 F8000
G1 X584.35756 Y84.71896 F8000
G1 X599.5819 Y93.50874 F8000
G0 Z0
G1 X599.5819 Y93.22005 F8000
G1 Z1 F8000
G1 X599.5819 Y93.22005 F8000
G1 X584.85757 Y84.71896 F8000
G0 Z0
G1 X585.35755 Y84.71896 F8000
G1 Z1 F8000
G1 X585.35755 Y84.71896 F8000
G1 X599.5819 Y92.93139 F8000
G0 Z0
G1 X599.5819 Y92.64271 F8000
G1 Z1 F8000
G1 X599.5819 Y92.64271 F8000
G1 X585.85756 Y84.71896 F8000
G0 Z0
G1 X586.35757 Y84.71896 F8000
G1 Z1 F8000
G1 X586.35757 Y84.71896 F8000
G1 X599.5819 Y92.35405 F8000
G0 Z0
G1 X599.5819 Y92.06536 F8000
G1 Z1 F8000
G1 X599.5819 Y92.06536 F8000
G1 X586.85755 Y84.71896 F8000
G0 Z0
G1 X587.35756 Y84.71896 F8000
G1 Z1 F8000
G1 X587.35756 Y84.71896 F8000
G1 X599.5819 Y91.7767 F8000
G0 Z0
G1 X599.5819 Y91.48801 F8000
G1 Z1 F8000
G1 X599.5819 Y91.48801 F8000
G1 X587.85755 Y84.71896 F8000
G0 Z0
G1 X588.35756 Y84.71896 F8000
G1 Z1 F8000
G1 X588.35756 Y84.71896 F8000
G1 X599.5819 Y91.19935 F8000
G0 Z0
G1 X599.5819 Y90.91066 F8000
G1 Z1 F8000
G1 X599.5819 Y90.91066 F8000
G1 X588.85757 Y84.71896 F8000
G0 Z0
G1 X589.35755 Y84.71896 F8000
G1 Z1 F8000
G1 X589.35755 Y84.71896 F8000
G1 X599.5819 Y90.62198 F8000
G0 Z0
G1 X599.5819 Y90.33332 F8000
G1 Z1 F8000
G1 X599.5819 Y90.33332 F8000
G1 X589.85756 Y84.71896 F8000
G0 Z0
G1 X590.35757 Y84.71896 F8000
G1 Z1 F8000
G1 X590.35757 Y84.71896 F8000
G1 X599.5819 Y90.04463 F8000
G0 Z0
G1 X599.5819 Y89.75597 F8000
G1 Z1 F8000
G1 X599.5819 Y89.75597 F8000
G1 X590.85755 Y84.71896 F8000
G0 Z0
G1 X591.35756 Y84.71896 F8000
G1 Z1 F8000
G1 X591.35756 Y84.71896 F8000
G1 X599.5819 Y89.46728 F8000
G0 Z0
G1 X599.5819 Y89.17862 F8000
G1 Z1 F8000
G1 X599.5819 Y89.17862 F8000
G1 X591.85757 Y84.71896 F8000
G0 Z0
G1 X592.35756 Y84.71896 F8000
G1 Z1 F8000
G1 X592.35756 Y84.71896 F8000
G1 X599.5819 Y88.88993 F8000
G0 Z0
G1 X599.5819 Y88.60125 F8000
G1 Z1 F8000
G1 X599.5819 Y88.60125 F8000
G1 X592.85757 Y84.71896 F8000
G0 Z0
G1 X593.35758 Y84.71896 F8000
G1 Z1 F8000
G1 X593.35758 Y84.71896 F8000
G1 X599.5819 Y88.31259 F8000
G0 Z0
G1 X599.5819 Y88.0239 F8000
G1 Z1 F8000
G1 X599.5819 Y88.0239 F8000
G1 X593.85756 Y84.71896 F8000
G0 Z0
G1 X594.35757 Y84.71896 F8000
G1 Z1 F8000
G1 X594.35757 Y84.71896 F8000
G1 X599.5819 Y87.73524 F8000
G0 Z0
G1 X599.5819 Y87.44655 F8000
G1 Z1 F8000
G1 X599.5819 Y87.44655 F8000
G1 X594.85755 Y84.71896 F8000
G0 Z0
G1 X595.35756 Y84.71896 F8000
G1 Z1 F8000
G1 X595.35756 Y84.71896 F8000
G1 X599.5819 Y87.15789 F8000
G0 Z0
G1 X599.5819 Y86.8692 F8000
G1 Z1 F8000
G1 X599.5819 Y86.8692 F8000
G1 X595.85757 Y84.71896 F8000
G0 Z0
G1 X596.35756 Y84.71896 F8000
G1 Z1 F8000
G1 X596.35756 Y84.71896 F8000
G1 X599.5819 Y86.58054 F8000
G0 Z0
G1 X599.5819 Y86.29186 F8000
G1 Z1 F8000
G1 X599.5819 Y86.29186 F8000
G1 X596.85757 Y84.71896 F8000
G0 Z0
G1 X597.35758 Y84.71896 F8000
G1 Z1 F8000
G1 X597.35758 Y84.71896 F8000
G1 X599.5819 Y86.00317 F8000
G0 Z0
G1 X599.5819 Y85.71451 F8000
G1 Z1 F8000
G1 X599.5819 Y85.71451 F8000
G1 X597.85756 Y84.71896 F8000
G0 Z0
G1 X598.35757 Y84.71896 F8000
G1 Z1 F8000
G1 X598.35757 Y84.71896 F8000
G1 X599.5819 Y85.42582 F8000
G0 Z0
G1 X599.5819 Y85.13716 F8000
G1 Z1 F8000
G1 X599.5819 Y85.13716 F8000
G1 X598.85758 Y84.71896 F8000
G0 Z0
G1 X599.35756 Y84.71896 F8000
G1 Z1 F8000
G1 X599.35756 Y84.71896 F8000
G1 X599.5819 Y84.84847 F8000
G0 Z0
G1 X599.51375 Y72.13407 F8000
G1 Z1 F8000
G1 X599.51375 Y72.13407 F8000
G1 X587.88149 Y60.50182 F8000
G0 Z0
G1 X588.23503 Y60.50182 F8000
G1 Z1 F8000
G1 X588.23503 Y60.50182 F8000
G1 X599.86728 Y72.13407 F8000
G0 Z0
G1 X600.22084 Y72.13407 F8000
G1 Z1 F8000
G1 X600.22084 Y72.13407 F8000
G1 X588.58859 Y60.50182 F8000
G0 Z0
G1 X588.94215 Y60.50182 F8000
G1 Z1 F8000
G1 X588.94215 Y60.50182 F8000
G1 X600.57441 Y72.13407 F8000
G0 Z0
G1 X600.92794 Y72.13407 F8000
G1 Z1 F8000
G1 X600.92794 Y72.13407 F8000
G1 X589.29569 Y60.50182 F8000
G0 Z0
G1 X589.64925 Y60.50182 F8000
G1 Z1 F8000
G1 X589.64925 Y60.50182 F8000
G1 X601.28151 Y72.13407 F8000
G0 Z0
G1 X601.63507 Y72.13407 F8000
G1 Z1 F8000
G1 X601.63507 Y72.13407 F8000
G1 X590.00282 Y60.50182 F8000
G0 Z0
G1 X590.35635 Y60.50182 F8000
G1 Z1 F8000
G1 X590.35635 Y60.50182 F8000
G1 X601.98861 Y72.13407 F8000
G0 Z0
G1 X602.34217 Y72.13407 F8000
G1 Z1 F8000
G1 X602.34217 Y72.13407 F8000
G1 X590.70992 Y60.50182 F8000
G0 Z0
G1 X591.06348 Y60.50182 F8000
G1 Z1 F8000
G1 X591.06348 Y60.50182 F8000
G1 X602.69573 Y72.13407 F8000
G0 Z0
G1 X603.04927 Y72.13407 F8000
G1 Z1 F8000
G1 X603.04927 Y72.13407 F8000
G1 X591.41701 Y60.50182 F8000
G0 Z0
G1 X591.77058 Y60.50182 F8000
G1 Z1 F8000
G1 X591.77058 Y60.50182 F8000
G1 X603.40283 Y72.13407 F8000
G0 Z0
G1 X603.75637 Y72.13407 F8000
G1 Z1 F8000
G1 X603.75637 Y72.13407 F8000
G1 X592.12411 Y60.50182 F8000
G0 Z0
G1 X592.47768 Y60.50182 F8000
G1 Z1 F8000
G1 X592.47768 Y60.50182 F8000
G1 X604.10993 Y72.13407 F8000
G0 Z0
G1 X604.46349 Y72.13407 F8000
G1 Z1 F8000
G1 X604.46349 Y72.13407 F8000
G1 X592.83124 Y60.50182 F8000
G0 Z0
G1 X593.18478 Y60.50182 F8000
G1 Z1 F8000
G1 X593.18478 Y60.50182 F8000
G1 X604.59335 Y71.9104 F8000
G0 Z0
G1 X604.59335 Y71.55683 F8000
G1 Z1 F8000
G1 X604.59335 Y71.55683 F8000
G1 X593.53834 Y60.50182 F8000
G0 Z0
G1 X593.8919 Y60.50182 F8000
G1 Z1 F8000
G1 X593.8919 Y60.50182 F8000
G1 X604.59335 Y71.20327 F8000
G0 Z0
G1 X604.59335 Y70.84973 F8000
G1 Z1 F8000
G1 X604.59335 Y70.84973 F8000
G1 X594.24544 Y60.50182 F8000
G0 Z0
G1 X594.599 Y60.50182 F8000
G1 Z1 F8000
G1 X594.599 Y60.50182 F8000
G1 X604.59335 Y70.49617 F8000
G0 Z0
G1 X604.59335 Y70.14261 F8000
G1 Z1 F8000
G1 X604.59335 Y70.14261 F8000
G1 X594.95256 Y60.50182 F8000
G0 Z0
G1 X595.3061 Y60.50182 F8000
G1 Z1 F8000
G1 X595.3061 Y60.50182 F8000
G1 X604.59335 Y69.78907 F8000
G0 Z0
G1 X604.59335 Y69.43551 F8000
G1 Z1 F8000
G1 X604.59335 Y69.43551 F8000
G1 X595.65966 Y60.50182 F8000
G0 Z0
G1 X596.01323 Y60.50182 F8000
G1 Z1 F8000
G1 X596.01323 Y60.50182 F8000
G1 X604.59335 Y69.08195 F8000
G0 Z0
G1 X604.59335 Y68.72841 F8000
G1 Z1 F8000
G1 X604.59335 Y68.72841 F8000
G1 X596.36676 Y60.50182 F8000
G0 Z0
G1 X596.72033 Y60.50182 F8000
G1 Z1 F8000
G1 X596.72033 Y60.50182 F8000
G1 X604.59335 Y68.37485 F8000
G0 Z0
G1 X604.59335 Y68.02128 F8000
G1 Z1 F8000
G1 X604.59335 Y68.02128 F8000
G1 X597.07389 Y60.50182 F8000
G0 Z0
G1 X597.42743 Y60.50182 F8000
G1 Z1 F8000
G1 X597.42743 Y60.50182 F8000
G1 X604.59335 Y67.66775 F8000
G0 Z0
G1 X604.59335 Y67.31418 F8000
G1 Z1 F8000
G1 X604.59335 Y67.31418 F8000
G1 X597.78099 Y60.50182 F8000
G0 Z0
G1 X598.13452 Y60.50182 F8000
G1 Z1 F8000
G1 X598.13452 Y60.50182 F8000
G1 X604.59335 Y66.96065 F8000
G0 Z0
G1 X604.59335 Y66.60708 F8000
G1 Z1 F8000
G1 X604.59335 Y66.60708 F8000
G1 X598.48809 Y60.50182 F8000
G0 Z0
G1 X598.84165 Y60.50182 F8000
G1 Z1 F8000
G1 X598.84165 Y60.50182 F8000
G1 X604.59335 Y66.25352 F8000
G0 Z0
G1 X604.59335 Y65.89999 F8000
G1 Z1 F8000
G1 X604.59335 Y65.89999 F8000
G1 X599.19519 Y60.50182 F8000
G0 Z0
G1 X599.54875 Y60.50182 F8000
G1 Z1 F8000
G1 X599.54875 Y60.50182 F8000
G1 X604.59335 Y65.54642 F8000
G0 Z0
G1 X604.59335 Y65.19286 F8000
G1 Z1 F8000
G1 X604.59335 Y65.19286 F8000
G1 X599.90231 Y60.50182 F8000
G0 Z0
G1 X600.25585 Y60.50182 F8000
G1 Z1 F8000
G1 X600.25585 Y60.50182 F8000
G1 X604.59335 Y64.83932 F8000
G0 Z0
G1 X604.59335 Y64.48576 F8000
G1 Z1 F8000
G1 X604.59335 Y64.48576 F8000
G1 X600.60941 Y60.50182 F8000
G0 Z0
G1 X600.96298 Y60.50182 F8000
G1 Z1 F8000
G1 X600.96298 Y60.50182 F8000
G1 X604.59335 Y64.1322 F8000
G0 Z0
G1 X604.59335 Y63.77866 F8000
G1 Z1 F8000
G1 X604.59335 Y63.77866 F8000
G1 X601.31651 Y60.50182 F8000
G0 Z0
G1 X601.67007 Y60.50182 F8000
G1 Z1 F8000
G1 X601.67007 Y60.50182 F8000
G1 X604.59335 Y63.4251 F8000
G0 Z0
G1 X604.59335 Y63.07154 F8000
G1 Z1 F8000
G1 X604.59335 Y63.07154 F8000
G1 X602.02364 Y60.50182 F8000
G0 Z0
G1 X602.37717 Y60.50182 F8000
G1 Z1 F8000
G1 X602.37717 Y60.50182 F8000
G1 X604.59335 Y62.718 F8000
G0 Z0
G1 X604.59335 Y62.36444 F8000
G1 Z1 F8000
G1 X604.59335 Y62.36444 F8000
G1 X602.73074 Y60.50182 F8000
G0 Z0
G1 X603.0843 Y60.50182 F8000
G1 Z1 F8000
G1 X603.0843 Y60.50182 F8000
G1 X604.59335 Y62.01087 F8000
G0 Z0
G1 X604.59335 Y61.65734 F8000
G1 Z1 F8000
G1 X604.59335 Y61.65734 F8000
G1 X603.43784 Y60.50182 F8000
G0 Z0
G1 X603.7914 Y60.50182 F8000
G1 Z1 F8000
G1 X603.7914 Y60.50182 F8000
G1 X604.59335 Y61.30377 F8000
G0 Z0
G1 X604.59335 Y60.95024 F8000
G1 Z1 F8000
G1 X604.59335 Y60.95024 F8000
G1 X604.14494 Y60.50182 F8000
G0 Z0
G1 X604.4985 Y60.50182 F8000
G1 Z1 F8000
G1 X604.4985 Y60.50182 F8000
G1 X604.59335 Y60.59667 F8000
G0 Z0
G1 X599.16018 Y72.13407 F8000
G1 Z1 F8000
G1 X599.16018 Y72.13407 F8000
G1 X587.52793 Y60.50182 F8000
G0 Z0
G1 X587.17437 Y60.50182 F8000
G1 Z1 F8000
G1 X587.17437 Y60.50182 F8000
G1 X598.80662 Y72.13407 F8000
G0 Z0
G1 X598.45308 Y72.13407 F8000
G1 Z1 F8000
G1 X598.45308 Y72.13407 F8000
G1 X586.82083 Y60.50182 F8000
G0 Z0
G1 X586.46727 Y60.50182 F8000
G1 Z1 F8000
G1 X586.46727 Y60.50182 F8000
G1 X598.09952 Y72.13407 F8000
G0 Z0
G1 X597.74596 Y72.13407 F8000
G1 Z1 F8000
G1 X597.74596 Y72.13407 F8000
G1 X586.1137 Y60.50182 F8000
G0 Z0
G1 X585.76017 Y60.50182 F8000
G1 Z1 F8000
G1 X585.76017 Y60.50182 F8000
G1 X597.39242 Y72.13407 F8000
G0 Z0
G1 X597.03886 Y72.13407 F8000
G1 Z1 F8000
G1 X597.03886 Y72.13407 F8000
G1 X585.4066 Y60.50182 F8000
G0 Z0
G1 X585.05307 Y60.50182 F8000
G1 Z1 F8000
G1 X585.05307 Y60.50182 F8000
G1 X596.68532 Y72.13407 F8000
G0 Z0
G1 X596.33176 Y72.13407 F8000
G1 Z1 F8000
G1 X596.33176 Y72.13407 F8000
G1 X584.69951 Y60.50182 F8000
G0 Z0
G1 X584.34594 Y60.50182 F8000
G1 Z1 F8000
G1 X584.34594 Y60.50182 F8000
G1 X595.9782 Y72.13407 F8000
G0 Z0
G1 X595.62466 Y72.13407 F8000
G1 Z1 F8000
G1 X595.62466 Y72.13407 F8000
G1 X583.99241 Y60.50182 F8000
G0 Z0
G1 X583.63884 Y60.50182 F8000
G1 Z1 F8000
G1 X583.63884 Y60.50182 F8000
G1 X595.2711 Y72.13407 F8000
G0 Z0
G1 X594.91753 Y72.13407 F8000
G1 Z1 F8000
G1 X594.91753 Y72.13407 F8000
G1 X583.28528 Y60.50182 F8000
G0 Z0
G1 X582.93174 Y60.50182 F8000
G1 Z1 F8000
G1 X582.93174 Y60.50182 F8000
G1 X594.564 Y72.13407 F8000
G0 Z0
G1 X594.21043 Y72.13407 F8000
G1 Z1 F8000
G1 X594.21043 Y72.13407 F8000
G1 X582.57818 Y60.50182 F8000
G0 Z0
G1 X582.22462 Y60.50182 F8000
G1 Z1 F8000
G1 X582.22462 Y60.50182 F8000
G1 X593.85687 Y72.13407 F8000
G0 Z0
G1 X593.50334 Y72.13407 F8000
G1 Z1 F8000
G1 X593.50334 Y72.13407 F8000
G1 X581.87108 Y60.50182 F8000
G0 Z0
G1 X581.51752 Y60.50182 F8000
G1 Z1 F8000
G1 X581.51752 Y60.50182 F8000
G1 X593.14977 Y72.13407 F8000
G0 Z0
G1 X592.79621 Y72.13407 F8000
G1 Z1 F8000
G1 X592.79621 Y72.13407 F8000
G1 X581.16396 Y60.50182 F8000
G0 Z0
G1 X580.81042 Y60.50182 F8000
G1 Z1 F8000
G1 X580.81042 Y60.50182 F8000
G1 X592.44267 Y72.13407 F8000
G0 Z0
G1 X592.08911 Y72.13407 F8000
G1 Z1 F8000
G1 X592.08911 Y72.13407 F8000
G1 X580.45686 Y60.50182 F8000
G0 Z0
G1 X580.10329 Y60.50182 F8000
G1 Z1 F8000
G1 X580.10329 Y60.50182 F8000
G1 X591.73555 Y72.13407 F8000
G0 Z0
G1 X591.38201 Y72.13407 F8000
G1 Z1 F8000
G1 X591.38201 Y72.13407 F8000
G1 X579.74976 Y60.50182 F8000
G0 Z0
G1 X579.39619 Y60.50182 F8000
G1 Z1 F8000
G1 X579.39619 Y60.50182 F8000
G1 X591.02845 Y72.13407 F8000
G0 Z0
G1 X590.67488 Y72.13407 F8000
G1 Z1 F8000
G1 X590.67488 Y72.13407 F8000
G1 X579.04266 Y60.50182 F8000
G0 Z0
G1 X578.68909 Y60.50182 F8000
G1 Z1 F8000
G1 X578.68909 Y60.50182 F8000
G1 X590.32135 Y72.13407 F8000
G0 Z0
G1 X589.96779 Y72.13407 F8000
G1 Z1 F8000
G1 X589.96779 Y72.13407 F8000
G1 X578.33553 Y60.50182 F8000
G0 Z0
G1 X577.982 Y60.50182 F8000
G1 Z1 F8000
G1 X577.982 Y60.50182 F8000
G1 X589.61425 Y72.13407 F8000
G0 Z0
G1 X589.26069 Y72.13407 F8000
G1 Z1 F8000
G1 X589.26069 Y72.13407 F8000
G1 X577.62843 Y60.50182 F8000
G0 Z0
G1 X577.27487 Y60.50182 F8000
G1 Z1 F8000
G1 X577.27487 Y60.50182 F8000
G1 X588.90712 Y72.13407 F8000
G0 Z0
G1 X588.55359 Y72.13407 F8000
G1 Z1 F8000
G1 X588.55359 Y72.13407 F8000
G1 X576.92133 Y60.50182 F8000
G0 Z0
G1 X576.56777 Y60.50182 F8000
G1 Z1 F8000
G1 X576.56777 Y60.50182 F8000
G1 X588.20002 Y72.13407 F8000
G0 Z0
G1 X587.84646 Y72.13407 F8000
G1 Z1 F8000
G1 X587.84646 Y72.13407 F8000
G1 X576.21421 Y60.50182 F8000
G0 Z0
G1 X575.86067 Y60.50182 F8000
G1 Z1 F8000
G1 X575.86067 Y60.50182 F8000
G1 X587.49292 Y72.13407 F8000
G0 Z0
G1 X587.13936 Y72.13407 F8000
G1 Z1 F8000
G1 X587.13936 Y72.13407 F8000
G1 X575.50711 Y60.50182 F8000
G0 Z0
G1 X575.15354 Y60.50182 F8000
G1 Z1 F8000
G1 X575.15354 Y60.50182 F8000
G1 X586.7858 Y72.13407 F8000
G0 Z0
G1 X586.43226 Y72.13407 F8000
G1 Z1 F8000
G1 X586.43226 Y72.13407 F8000
G1 X574.80001 Y60.50182 F8000
G0 Z0
G1 X574.44645 Y60.50182 F8000
G1 Z1 F8000
G1 X574.44645 Y60.50182 F8000
G1 X586.0787 Y72.13407 F8000
G0 Z0
G1 X585.72514 Y72.13407 F8000
G1 Z1 F8000
G1 X585.72514 Y72.13407 F8000
G1 X574.09288 Y60.50182 F8000
G0 Z0
G1 X573.73935 Y60.50182 F8000
G1 Z1 F8000
G1 X573.73935 Y60.50182 F8000
G1 X585.3716 Y72.13407 F8000
G0 Z0
G1 X585.01804 Y72.13407 F8000
G1 Z1 F8000
G1 X585.01804 Y72.13407 F8000
G1 X573.38578 Y60.50182 F8000
G0 Z0
G1 X573.03222 Y60.50182 F8000
G1 Z1 F8000
G1 X573.03222 Y60.50182 F8000
G1 X584.66447 Y72.13407 F8000
G0 Z0
G1 X584.31094 Y72.13407 F8000
G1 Z1 F8000
G1 X584.31094 Y72.13407 F8000
G1 X572.67868 Y60.50182 F8000
G0 Z0
G1 X572.32512 Y60.50182 F8000
G1 Z1 F8000
G1 X572.32512 Y60.50182 F8000
G1 X583.95737 Y72.13407 F8000
G0 Z0
G1 X583.60384 Y72.13407 F8000
G1 Z1 F8000
G1 X583.60384 Y72.13407 F8000
G1 X571.97158 Y60.50182 F8000
G0 Z0
G1 X571.61802 Y60.50182 F8000
G1 Z1 F8000
G1 X571.61802 Y60.50182 F8000
G1 X583.25028 Y72.13407 F8000
G0 Z0
G1 X582.89671 Y72.13407 F8000
G1 Z1 F8000
G1 X582.89671 Y72.13407 F8000
G1 X571.26446 Y60.50182 F8000
G0 Z0
G1 X570.91092 Y60.50182 F8000
G1 Z1 F8000
G1 X570.91092 Y60.50182 F8000
G1 X582.54318 Y72.13407 F8000
G0 Z0
G1 X582.18961 Y72.13407 F8000
G1 Z1 F8000
G1 X582.18961 Y72.13407 F8000
G1 X570.55736 Y60.50182 F8000
G0 Z0
G1 X570.2038 Y60.50182 F8000
G1 Z1 F8000
G1 X570.2038 Y60.50182 F8000
G1 X581.83605 Y72.13407 F8000
G0 Z0
G1 X581.48251 Y72.13407 F8000
G1 Z1 F8000
G1 X581.48251 Y72.13407 F8000
G1 X569.85026 Y60.50182 F8000
G0 Z0
G1 X569.4967 Y60.50182 F8000
G1 Z1 F8000
G1 X569.4967 Y60.50182 F8000
G1 X581.12895 Y72.13407 F8000
G0 Z0
G1 X580.77539 Y72.13407 F8000
G1 Z1 F8000
G1 X580.77539 Y72.13407 F8000
G1 X569.14313 Y60.50182 F8000
G0 Z0
G1 X568.7896 Y60.50182 F8000
G1 Z1 F8000
G1 X568.7896 Y60.50182 F8000
G1 X580.42185 Y72.13407 F8000
G0 Z0
G1 X580.06829 Y72.13407 F8000
G1 Z1 F8000
G1 X580.06829 Y72.13407 F8000
G1 X568.43604 Y60.50182 F8000
G0 Z0
G1 X568.08247 Y60.50182 F8000
G1 Z1 F8000
G1 X568.08247 Y60.50182 F8000
G1 X579.71473 Y72.13407 F8000
G0 Z0
G1 X579.36119 Y72.13407 F8000
G1 Z1 F8000
G1 X579.36119 Y72.13407 F8000
G1 X567.72894 Y60.50182 F8000
G0 Z0
G1 X567.37537 Y60.50182 F8000
G1 Z1 F8000
G1 X567.37537 Y60.50182 F8000
G1 X579.00763 Y72.13407 F8000
G0 Z0
G1 X578.65406 Y72.13407 F8000
G1 Z1 F8000
G1 X578.65406 Y72.13407 F8000
G1 X567.02181 Y60.50182 F8000
G0 Z0
G1 X566.66827 Y60.50182 F8000
G1 Z1 F8000
G1 X566.66827 Y60.50182 F8000
G1 X578.30053 Y72.13407 F8000
G0 Z0
G1 X577.94696 Y72.13407 F8000
G1 Z1 F8000
G1 X577.94696 Y72.13407 F8000
G1 X566.31471 Y60.50182 F8000
G0 Z0
G1 X565.96117 Y60.50182 F8000
G1 Z1 F8000
G1 X565.96117 Y60.50182 F8000
G1 X577.59343 Y72.13407 F8000
G0 Z0
G1 X577.23987 Y72.13407 F8000
G1 Z1 F8000
G1 X577.23987 Y72.13407 F8000
G1 X565.60761 Y60.50182 F8000
G0 Z0
G1 X565.25405 Y60.50182 F8000
G1 Z1 F8000
G1 X565.25405 Y60.50182 F8000
G1 X576.8863 Y72.13407 F8000
G0 Z0
G1 X576.53277 Y72.13407 F8000
G1 Z1 F8000
G1 X576.53277 Y72.13407 F8000
G1 X564.90051 Y60.50182 F8000
G0 Z0
G1 X564.54695 Y60.50182 F8000
G1 Z1 F8000
G1 X564.54695 Y60.50182 F8000
G1 X576.1792 Y72.13407 F8000
G0 Z0
G1 X575.82564 Y72.13407 F8000
G1 Z1 F8000
G1 X575.82564 Y72.13407 F8000
G1 X564.19339 Y60.50182 F8000
G0 Z0
G1 X563.83985 Y60.50182 F8000
G1 Z1 F8000
G1 X563.83985 Y60.50182 F8000
G1 X575.4721 Y72.13407 F8000
G0 Z0
G1 X575.11854 Y72.13407 F8000
G1 Z1 F8000
G1 X575.11854 Y72.13407 F8000
G1 X563.48629 Y60.50182 F8000
G0 Z0
G1 X563.13272 Y60.50182 F8000
G1 Z1 F8000
G1 X563.13272 Y60.50182 F8000
G1 X574.76498 Y72.13407 F8000
G0 Z0
G1 X574.41144 Y72.13407 F8000
G1 Z1 F8000
G1 X574.41144 Y72.13407 F8000
G1 X562.77919 Y60.50182 F8000
G0 Z0
G1 X562.42562 Y60.50182 F8000
G1 Z1 F8000
G1 X562.42562 Y60.50182 F8000
G1 X574.05788 Y72.13407 F8000
G0 Z0
G1 X573.70432 Y72.13407 F8000
G1 Z1 F8000
G1 X573.70432 Y72.13407 F8000
G1 X562.07206 Y60.50182 F8000
G0 Z0
G1 X561.71853 Y60.50182 F8000
G1 Z1 F8000
G1 X561.71853 Y60.50182 F8000
G1 X573.35078 Y72.13407 F8000
G0 Z0
G1 X572.99722 Y72.13407 F8000
G1 Z1 F8000
G1 X572.99722 Y72.13407 F8000
G1 X561.36496 Y60.50182 F8000
G0 Z0
G1 X561.0114 Y60.50182 F8000
G1 Z1 F8000
G1 X561.0114 Y60.50182 F8000
G1 X572.64365 Y72.13407 F8000
G0 Z0
G1 X572.29012 Y72.13407 F8000
G1 Z1 F8000
G1 X572.29012 Y72.13407 F8000
G1 X560.65786 Y60.50182 F8000
G0 Z0
G1 X560.3043 Y60.50182 F8000
G1 Z1 F8000
G1 X560.3043 Y60.50182 F8000
G1 X571.93655 Y72.13407 F8000
G0 Z0
G1 X571.58302 Y72.13407 F8000
G1 Z1 F8000
G1 X571.58302 Y72.13407 F8000
G1 X559.95076 Y60.50182 F8000
G0 Z0
G1 X559.5972 Y60.50182 F8000
G1 Z1 F8000
G1 X559.5972 Y60.50182 F8000
G1 X571.22945 Y72.13407 F8000
G0 Z0
G1 X570.87589 Y72.13407 F8000
G1 Z1 F8000
G1 X570.87589 Y72.13407 F8000
G1 X559.24364 Y60.50182 F8000
G0 Z0
G1 X558.8901 Y60.50182 F8000
G1 Z1 F8000
G1 X558.8901 Y60.50182 F8000
G1 X570.52236 Y72.13407 F8000
G0 Z0
G1 X570.16879 Y72.13407 F8000
G1 Z1 F8000
G1 X570.16879 Y72.13407 F8000
G1 X558.53654 Y60.50182 F8000
G0 Z0
G1 X558.18298 Y60.50182 F8000
G1 Z1 F8000
G1 X558.18298 Y60.50182 F8000
G1 X569.81523 Y72.13407 F8000
G0 Z0
G1 X569.46169 Y72.13407 F8000
G1 Z1 F8000
G1 X569.46169 Y72.13407 F8000
G1 X557.82944 Y60.50182 F8000
G0 Z0
G1 X557.47588 Y60.50182 F8000
G1 Z1 F8000
G1 X557.47588 Y60.50182 F8000
G1 X569.10813 Y72.13407 F8000
G0 Z0
G1 X568.75457 Y72.13407 F8000
G1 Z1 F8000
G1 X568.75457 Y72.13407 F8000
G1 X557.12231 Y60.50182 F8000
G0 Z0
G1 X556.76878 Y60.50182 F8000
G1 Z1 F8000
G1 X556.76878 Y60.50182 F8000
G1 X568.40103 Y72.13407 F8000
G0 Z0
G1 X568.04747 Y72.13407 F8000
G1 Z1 F8000
G1 X568.04747 Y72.13407 F8000
G1 X556.41521 Y60.50182 F8000
G0 Z0
G1 X556.06165 Y60.50182 F8000
G1 Z1 F8000
G1 X556.06165 Y60.50182 F8000
G1 X567.6939 Y72.13407 F8000
G0 Z0
G1 X567.34037 Y72.13407 F8000
G1 Z1 F8000
G1 X567.34037 Y72.13407 F8000
G1 X555.70811 Y60.50182 F8000
G0 Z0
G1 X555.35455 Y60.50182 F8000
G1 Z1 F8000
G1 X555.35455 Y60.50182 F8000
G1 X566.98681 Y72.13407 F8000
G0 Z0
G1 X566.63324 Y72.13407 F8000
G1 Z1 F8000
G1 X566.63324 Y72.13407 F8000
G1 X555.00099 Y60.50182 F8000
G0 Z0
G1 X554.64745 Y60.50182 F8000
G1 Z1 F8000
G1 X554.64745 Y60.50182 F8000
G1 X566.27971 Y72.13407 F8000
G0 Z0
G1 X565.92614 Y72.13407 F8000
G1 Z1 F8000
G1 X565.92614 Y72.13407 F8000
G1 X554.29389 Y60.50182 F8000
G0 Z0
G1 X553.94035 Y60.50182 F8000
G1 Z1 F8000
G1 X553.94035 Y60.50182 F8000
G1 X565.57261 Y72.13407 F8000
G0 Z0
G1 X565.21904 Y72.13407 F8000
G1 Z1 F8000
G1 X565.21904 Y72.13407 F8000
G1 X531.88049 Y38.79552 F8000
G0 Z0
G1 X531.51913 Y38.78769 F8000
G1 Z1 F8000
G1 X531.51913 Y38.78769 F8000
G1 X564.86548 Y72.13407 F8000
G0 Z0
G1 X564.51194 Y72.13296 F8000
G1 Z1 F8000
G1 X564.51194 Y72.13296 F8000
G1 X531.164 Y38.78505 F8000
G0 Z0
G1 X530.81274 Y38.78735 F8000
G1 Z1 F8000
G1 X530.81274 Y38.78735 F8000
G1 X564.15838 Y72.13296 F8000
G0 Z0
G1 X563.80482 Y72.13296 F8000
G1 Z1 F8000
G1 X563.80482 Y72.13296 F8000
G1 X530.46767 Y38.79582 F8000
G0 Z0
G1 X530.12855 Y38.81024 F8000
G1 Z1 F8000
G1 X530.12855 Y38.81024 F8000
G1 X563.45128 Y72.13296 F8000
G0 Z0
G1 X563.09772 Y72.13294 F8000
G1 Z1 F8000
G1 X563.09772 Y72.13294 F8000
G1 X529.79592 Y38.83114 F8000
G0 Z0
G1 X529.4776 Y38.86638 F8000
G1 Z1 F8000
G1 X529.4776 Y38.86638 F8000
G1 X562.74416 Y72.13294 F8000
G0 Z0
G1 X562.39062 Y72.13294 F8000
G1 Z1 F8000
G1 X562.39062 Y72.13294 F8000
G1 X529.17044 Y38.91279 F8000
G0 Z0
G1 X543.19035 Y43.85609 F8000
G1 Z1 F8000
G1 X543.19035 Y43.85609 F8000
G1 X542.23579 Y44.1805 F8000
G1 X541.99465 Y44.16557 F8000
G1 X540.79053 Y42.73554 F8000
G1 X539.38453 Y41.48709 F8000
G1 X537.79521 Y40.43814 F8000
G1 X536.05537 Y39.6098 F8000
G1 X534.89378 Y39.20985 F8000
G1 X533.71637 Y38.92539 F8000
G1 X532.18189 Y38.80201 F8000
G1 X530.42308 Y38.79514 F8000
G1 X529.40338 Y38.87142 F8000
G1 X528.28941 Y39.11239 F8000
G1 X527.03543 Y39.51151 F8000
G1 X525.82071 Y40.03046 F8000
G1 X524.75158 Y40.60715 F8000
G1 X523.74869 Y41.26947 F8000
G1 X521.83828 Y42.9403 F8000
G1 X520.13637 Y42.44467 F8000
G1 X518.80654 Y42.22487 F8000
G1 X517.02117 Y42.18264 F8000
G1 X515.39887 Y42.34151 F8000
G1 X513.96821 Y42.67833 F8000
G1 X512.6084 Y43.20318 F8000
G1 X511.30333 Y43.92209 F8000
G1 X509.96423 Y44.90126 F8000
G1 X508.87785 Y45.93363 F8000
G1 X507.88907 Y47.17101 F8000
G1 X507.08232 Y48.53667 F8000
G1 X506.46424 Y50.01801 F8000
G1 X506.04147 Y51.60246 F8000
G1 X505.82441 Y53.24972 F8000
G1 X505.83762 Y54.74731 F8000
G1 X506.07519 Y56.32868 F8000
G1 X506.53048 Y57.86649 F8000
G1 X507.19026 Y59.33319 F8000
G1 X508.0413 Y60.70123 F8000
G1 X509.07037 Y61.94307 F8000
G1 X510.26422 Y63.03114 F8000
G1 X511.60061 Y63.94133 F8000
G1 X512.86415 Y64.58935 F8000
G1 X514.57319 Y65.214 F8000
G1 X511.86885 Y66.98185 F8000
G1 X510.87942 Y67.842 F8000
G1 X510.01701 Y68.77724 F8000
G1 X509.23509 Y69.86363 F8000
G1 X508.63666 Y70.96983 F8000
G1 X508.08099 Y72.42469 F8000
G1 X507.94978 Y73.0028 F8000
G1 X507.98334 Y73.22739 F8000
G1 X508.4778 Y73.1555 F8000
G1 X510.24621 Y72.36785 F8000
G1 X511.81694 Y71.82333 F8000
G1 X513.21686 Y71.46287 F8000
G1 X514.9879 Y71.14702 F8000
G1 X515.76717 Y69.79172 F8000
G1 X516.88403 Y68.63226 F8000
G1 X518.26338 Y67.74475 F8000
G1 X519.01369 Y67.43218 F8000
G1 X519.75229 Y67.23103 F8000
G1 X520.75303 Y67.13329 F8000
G1 X521.85566 Y67.15306 F8000
G1 X522.68942 Y67.27082 F8000
G1 X523.41575 Y67.51092 F8000
G1 X524.82674 Y68.21634 F8000
G1 X526.83076 Y69.95782 F8000
G1 X528.74339 Y68.86657 F8000
G1 X530.01712 Y68.26228 F8000
G1 X531.54426 Y67.71378 F8000
G1 X533.00686 Y67.35227 F8000
G1 X534.445 Y67.15111 F8000
G1 X536.21916 Y67.15046 F8000
G1 X537.93609 Y67.26799 F8000
G1 X539.4316 Y67.53726 F8000
G1 X540.50777 Y67.86322 F8000
G1 X541.71966 Y68.35831 F8000
G1 X542.94843 Y68.97099 F8000
G1 X544.06409 Y69.65623 F8000
G1 X545.02919 Y70.37056 F8000
G1 X546.00039 Y71.22681 F8000
G1 X546.8245 Y72.08765 F8000
G1 X547.63469 Y73.09035 F8000
G1 X548.45709 Y74.32944 F8000
G1 X549.15245 Y75.6468 F8000
G1 X549.71391 Y77.03221 F8000
G1 X550.13459 Y78.47547 F8000
G1 X550.39415 Y79.86572 F8000
G1 X550.51443 Y81.27995 F8000
G1 X550.47089 Y83.10847 F8000
G1 X550.29524 Y84.33267 F8000
G1 X551.80551 Y84.33267 F8000
G1 X552.82333 Y82.91403 F8000
G1 X553.63282 Y81.51527 F8000
G1 X554.27571 Y80.05211 F8000
G1 X554.75229 Y78.52379 F8000
G1 X555.06285 Y76.92955 F8000
G1 X555.19371 Y75.43667 F8000
G1 X555.14788 Y73.80288 F8000
G1 X554.9228 Y72.13296 F8000
G1 X604.5942 Y72.13296 F8000
G1 X604.5942 Y60.50071 F8000
G1 X553.52959 Y60.50071 F8000
G1 X554.71433 Y58.97724 F8000
G1 X555.52167 Y57.58656 F8000
G1 X556.07288 Y56.11012 F8000
G1 X556.40919 Y54.3916 F8000
G1 X556.45221 Y52.77057 F8000
G1 X556.21506 Y51.09577 F8000
G1 X555.70461 Y49.50125 F8000
G1 X554.93936 Y48.01892 F8000
G1 X553.93781 Y46.68068 F8000
G1 X552.71845 Y45.51845 F8000
G1 X551.29979 Y44.56413 F8000
G1 X549.79908 Y43.88446 F8000
G1 X548.25618 Y43.46896 F8000
G1 X546.5835 Y43.3105 F8000
G1 X544.88768 Y43.4397 F8000
G1 X543.19035 Y43.85609 F8000
G0 Z0
G1 X528.87639 Y38.97227 F8000
G1 Z1 F8000
G1 X528.87639 Y38.97227 F8000
G1 X562.03706 Y72.13294 F8000
G0 Z0
G1 X561.68349 Y72.13294 F8000
G1 Z1 F8000
G1 X561.68349 Y72.13294 F8000
G1 X528.58926 Y39.0387 F8000
G0 Z0
G1 X528.30547 Y39.10847 F8000
G1 Z1 F8000
G1 X528.30547 Y39.10847 F8000
G1 X561.32996 Y72.13294 F8000
G0 Z0
G1 X560.9764 Y72.13294 F8000
G1 Z1 F8000
G1 X560.9764 Y72.13294 F8000
G1 X528.02935 Y39.18589 F8000
G0 Z0
G1 X527.75685 Y39.26696 F8000
G1 Z1 F8000
G1 X527.75685 Y39.26696 F8000
G1 X560.62283 Y72.13294 F8000
G0 Z0
G1 X560.2693 Y72.13294 F8000
G1 Z1 F8000
G1 X560.2693 Y72.13294 F8000
G1 X527.48888 Y39.35255 F8000
G0 Z0
G1 X527.2266 Y39.44381 F8000
G1 Z1 F8000
G1 X527.2266 Y39.44381 F8000
G1 X559.91573 Y72.13294 F8000
G0 Z0
G1 X559.56217 Y72.13294 F8000
G1 Z1 F8000
G1 X559.56217 Y72.13294 F8000
G1 X526.96639 Y39.53715 F8000
G0 Z0
G1 X526.7135 Y39.6378 F8000
G1 Z1 F8000
G1 X526.7135 Y39.6378 F8000
G1 X559.20863 Y72.13294 F8000
G0 Z0
G1 X558.85507 Y72.13294 F8000
G1 Z1 F8000
G1 X558.85507 Y72.13294 F8000
G1 X526.46219 Y39.74006 F8000
G0 Z0
G1 X526.21653 Y39.84793 F8000
G1 Z1 F8000
G1 X526.21653 Y39.84793 F8000
G1 X558.50153 Y72.13294 F8000
G0 Z0
G1 X558.14797 Y72.13294 F8000
G1 Z1 F8000
G1 X558.14797 Y72.13294 F8000
G1 X525.97372 Y39.95869 F8000
G0 Z0
G1 X525.73499 Y40.07352 F8000
G1 Z1 F8000
G1 X525.73499 Y40.07352 F8000
G1 X557.79441 Y72.13294 F8000
G0 Z0
G1 X557.44087 Y72.13294 F8000
G1 Z1 F8000
G1 X557.44087 Y72.13294 F8000
G1 X525.50025 Y40.19234 F8000
G0 Z0
G1 X525.26829 Y40.31392 F8000
G1 Z1 F8000
G1 X525.26829 Y40.31392 F8000
G1 X557.08731 Y72.13294 F8000
G0 Z0
G1 X556.73375 Y72.13294 F8000
G1 Z1 F8000
G1 X556.73375 Y72.13294 F8000
G1 X525.04136 Y40.44055 F8000
G0 Z0
G1 X524.81606 Y40.56882 F8000
G1 Z1 F8000
G1 X524.81606 Y40.56882 F8000
G1 X556.38021 Y72.13294 F8000
G0 Z0
G1 X556.02665 Y72.13294 F8000
G1 Z1 F8000
G1 X556.02665 Y72.13294 F8000
G1 X524.59675 Y40.70304 F8000
G0 Z0
G1 X524.37834 Y40.83819 F8000
G1 Z1 F8000
G1 X524.37834 Y40.83819 F8000
G1 X555.67308 Y72.13294 F8000
G0 Z0
G1 X555.31955 Y72.13294 F8000
G1 Z1 F8000
G1 X555.31955 Y72.13294 F8000
G1 X524.16627 Y40.97966 F8000
G0 Z0
G1 X523.95537 Y41.12232 F8000
G1 Z1 F8000
G1 X523.95537 Y41.12232 F8000
G1 X554.96598 Y72.13294 F8000
G0 Z0
G1 X554.98448 Y72.50497 F8000
G1 Z1 F8000
G1 X554.98448 Y72.50497 F8000
G1 X523.74992 Y41.27044 F8000
G0 Z0
G1 X523.54656 Y41.42062 F8000
G1 Z1 F8000
G1 X523.54656 Y41.42062 F8000
G1 X555.04928 Y72.92335 F8000
G0 Z0
G1 X555.09923 Y73.32684 F8000
G1 Z1 F8000
G1 X555.09923 Y73.32684 F8000
G1 X523.34784 Y41.57545 F8000
G0 Z0
G1 X523.15215 Y41.73333 F8000
G1 Z1 F8000
G1 X523.15215 Y41.73333 F8000
G1 X555.13815 Y73.7193 F8000
G0 Z0
G1 X555.16704 Y74.10176 F8000
G1 Z1 F8000
G1 X555.16704 Y74.10176 F8000
G1 X522.96027 Y41.89499 F8000
G0 Z0
G1 X522.77245 Y42.06078 F8000
G1 Z1 F8000
G1 X522.77245 Y42.06078 F8000
G1 X555.18662 Y74.47492 F8000
G0 Z0
G1 X555.19731 Y74.8392 F8000
G1 Z1 F8000
G1 X555.19731 Y74.8392 F8000
G1 X522.58756 Y42.22945 F8000
G0 Z0
G1 X522.40629 Y42.40077 F8000
G1 Z1 F8000
G1 X522.40629 Y42.40077 F8000
G1 X555.19731 Y75.19179 F8000
G0 Z0
G1 X555.18839 Y75.53643 F8000
G1 Z1 F8000
G1 X555.18839 Y75.53643 F8000
G1 X522.22497 Y42.57301 F8000
G0 Z0
G1 X522.0436 Y42.74525 F8000
G1 Z1 F8000
G1 X522.0436 Y42.74525 F8000
G1 X555.17172 Y75.87335 F8000
G0 Z0
G1 X555.14722 Y76.20242 F8000
G1 Z1 F8000
G1 X555.14722 Y76.20242 F8000
G1 X521.86228 Y42.91747 F8000
G0 Z0
G1 X521.39368 Y42.80243 F8000
G1 Z1 F8000
G1 X521.39368 Y42.80243 F8000
G1 X555.11248 Y76.52124 F8000
G0 Z0
G1 X555.07412 Y76.83644 F8000
G1 Z1 F8000
G1 X555.07412 Y76.83644 F8000
G1 X520.88501 Y42.6473 F8000
G0 Z0
G1 X520.3944 Y42.51025 F8000
G1 Z1 F8000
G1 X520.3944 Y42.51025 F8000
G1 X555.02983 Y77.14568 F8000
G0 Z0
G1 X554.97911 Y77.44852 F8000
G1 Z1 F8000
G1 X554.97911 Y77.44852 F8000
G1 X519.93148 Y42.4009 F8000
G0 Z0
G1 X519.49412 Y42.31708 F8000
G1 Z1 F8000
G1 X519.49412 Y42.31708 F8000
G1 X554.92545 Y77.7484 F8000
G0 Z0
G1 X554.86348 Y78.04 F8000
G1 Z1 F8000
G1 X554.86348 Y78.04 F8000
G1 X519.07881 Y42.25532 F8000
G0 Z0
G1 X518.68519 Y42.21527 F8000
G1 Z1 F8000
G1 X518.68519 Y42.21527 F8000
G1 X554.79861 Y78.32869 F8000
G0 Z0
G1 X554.72826 Y78.61185 F8000
G1 Z1 F8000
G1 X554.72826 Y78.61185 F8000
G1 X518.3071 Y42.19066 F8000
G0 Z0
G1 X517.93993 Y42.17706 F8000
G1 Z1 F8000
G1 X517.93993 Y42.17706 F8000
G1 X554.65282 Y78.88995 F8000
G0 Z0
G1 X554.57435 Y79.16509 F8000
G1 Z1 F8000
G1 X554.57435 Y79.16509 F8000
G1 X517.581 Y42.17177 F8000
G0 Z0
G1 X517.23418 Y42.17849 F8000
G1 Z1 F8000
G1 X517.23418 Y42.17849 F8000
G1 X554.48897 Y79.43327 F8000
G0 Z0
G1 X554.40189 Y79.69965 F8000
G1 Z1 F8000
G1 X554.40189 Y79.69965 F8000
G1 X547.02718 Y72.32495 F8000
G0 Z0
G1 X546.79409 Y72.55796 F8000
G1 Z1 F8000
G1 X546.79409 Y72.55796 F8000
G1 X538.23836 Y67.61832 F8000
G0 Z0
G1 X538.10651 Y67.29336 F8000
G1 Z1 F8000
G1 X538.10651 Y67.29336 F8000
G1 X513.61114 Y42.79798 F8000
G0 Z0
G1 X513.35021 Y42.89062 F8000
G1 Z1 F8000
G1 X513.35021 Y42.89062 F8000
G1 X537.70601 Y67.2464 F8000
G0 Z0
G1 X537.60359 Y67.54051 F8000
G1 Z1 F8000
G1 X537.60359 Y67.54051 F8000
G1 X547.24184 Y73.10515 F8000
G0 Z0
G1 X547.62051 Y73.61246 F8000
G1 Z1 F8000
G1 X547.62051 Y73.61246 F8000
G1 X537.02095 Y67.4928 F8000
G0 Z0
G1 X536.9365 Y67.18401 F8000
G1 Z1 F8000
G1 X536.9365 Y67.18401 F8000
G1 X512.84882 Y43.09633 F8000
G0 Z0
G1 X512.60511 Y43.20618 F8000
G1 Z1 F8000
G1 X512.60511 Y43.20618 F8000
G1 X536.56555 Y67.1666 F8000
G0 Z0
G1 X536.47123 Y67.4641 F8000
G1 Z1 F8000
G1 X536.47123 Y67.4641 F8000
G1 X547.94471 Y74.08831 F8000
G0 Z0
G1 X548.08179 Y73.73309 F8000
G1 Z1 F8000
G1 X548.08179 Y73.73309 F8000
G1 X554.30786 Y79.95918 F8000
G0 Z0
G1 X554.00565 Y80.71761 F8000
G1 Z1 F8000
G1 X554.00565 Y80.71761 F8000
G1 X549.32676 Y76.03872 F8000
G0 Z0
G1 X549.35068 Y76.92076 F8000
G1 Z1 F8000
G1 X549.35068 Y76.92076 F8000
G1 X533.24381 Y67.62147 F8000
G0 Z0
G1 X532.17294 Y67.86923 F8000
G1 Z1 F8000
G1 X532.17294 Y67.86923 F8000
G1 X549.69101 Y77.98327 F8000
G0 Z0
G1 X548.22538 Y74.53903 F8000
G1 Z1 F8000
G1 X548.22538 Y74.53903 F8000
G1 X535.95434 Y67.45433 F8000
G0 Z0
G1 X535.83424 Y67.14242 F8000
G1 Z1 F8000
G1 X535.83424 Y67.14242 F8000
G1 X512.13198 Y43.44013 F8000
G0 Z0
G1 X512.36725 Y43.32189 F8000
G1 Z1 F8000
G1 X512.36725 Y43.32189 F8000
G1 X536.19524 Y67.14985 F8000
G0 Z0
G1 X537.31729 Y67.21123 F8000
G1 Z1 F8000
G1 X537.31729 Y67.21123 F8000
G1 X513.09771 Y42.99166 F8000
G0 Z0
G1 X513.87548 Y42.70877 F8000
G1 Z1 F8000
G1 X513.87548 Y42.70877 F8000
G1 X538.52027 Y67.35355 F8000
G0 Z0
G1 X538.94982 Y67.42954 F8000
G1 Z1 F8000
G1 X538.94982 Y67.42954 F8000
G1 X514.14676 Y42.62648 F8000
G0 Z0
G1 X514.42468 Y42.55086 F8000
G1 Z1 F8000
G1 X514.42468 Y42.55086 F8000
G1 X539.40459 Y67.53077 F8000
G0 Z0
G1 X539.02695 Y67.78493 F8000
G1 Z1 F8000
G1 X539.02695 Y67.78493 F8000
G1 X546.24304 Y71.95114 F8000
G0 Z0
G1 X545.53589 Y71.25418 F8000
G1 Z1 F8000
G1 X545.53589 Y71.25418 F8000
G1 X539.98014 Y68.04658 F8000
G0 Z0
G1 X539.89108 Y67.6637 F8000
G1 Z1 F8000
G1 X539.89108 Y67.6637 F8000
G1 X514.70686 Y42.47951 F8000
G0 Z0
G1 X514.9984 Y42.41746 F8000
G1 Z1 F8000
G1 X514.9984 Y42.41746 F8000
G1 X540.41874 Y67.83782 F8000
G0 Z0
G1 X540.98005 Y68.04557 F8000
G1 Z1 F8000
G1 X540.98005 Y68.04557 F8000
G1 X515.29574 Y42.36126 F8000
G0 Z0
G1 X515.59821 Y42.3102 F8000
G1 Z1 F8000
G1 X515.59821 Y42.3102 F8000
G1 X541.58806 Y68.30002 F8000
G0 Z0
G1 X541.28585 Y68.51177 F8000
G1 Z1 F8000
G1 X541.28585 Y68.51177 F8000
G1 X544.45972 Y70.34419 F8000
G0 Z0
G1 X545.29244 Y70.5902 F8000
G1 Z1 F8000
G1 X545.29244 Y70.5902 F8000
G1 X516.89158 Y42.18934 F8000
G0 Z0
G1 X516.55566 Y42.20696 F8000
G1 Z1 F8000
G1 X516.55566 Y42.20696 F8000
G1 X543.89102 Y69.54235 F8000
G0 Z0
G1 X542.99313 Y68.99799 F8000
G1 Z1 F8000
G1 X542.99313 Y68.99799 F8000
G1 X516.23051 Y42.23537 F8000
G0 Z0
G1 X515.91137 Y42.26977 F8000
G1 Z1 F8000
G1 X515.91137 Y42.26977 F8000
G1 X542.25301 Y68.61144 F8000
G0 Z0
G1 X530.17509 Y68.20078 F8000
G1 Z1 F8000
G1 X530.17509 Y68.20078 F8000
G1 X508.42856 Y46.45424 F8000
G0 Z0
G1 X508.27335 Y46.6526 F8000
G1 Z1 F8000
G1 X508.27335 Y46.6526 F8000
G1 X529.92639 Y68.3056 F8000
G0 Z0
G1 X529.67765 Y68.41046 F8000
G1 Z1 F8000
G1 X529.67765 Y68.41046 F8000
G1 X508.11817 Y46.85095 F8000
G0 Z0
G1 X507.97207 Y47.05841 F8000
G1 Z1 F8000
G1 X507.97207 Y47.05841 F8000
G1 X529.43733 Y68.52367 F8000
G0 Z0
G1 X529.19878 Y68.63866 F8000
G1 Z1 F8000
G1 X529.19878 Y68.63866 F8000
G1 X507.82613 Y47.26603 F8000
G0 Z0
G1 X507.68693 Y47.48037 F8000
G1 Z1 F8000
G1 X507.68693 Y47.48037 F8000
G1 X528.96021 Y68.75365 F8000
G0 Z0
G1 X528.73097 Y68.87798 F8000
G1 Z1 F8000
G1 X528.73097 Y68.87798 F8000
G1 X507.55035 Y47.69736 F8000
G0 Z0
G1 X507.41832 Y47.91887 F8000
G1 Z1 F8000
G1 X507.41832 Y47.91887 F8000
G1 X528.50248 Y69.00305 F8000
G0 Z0
G1 X528.27409 Y69.12822 F8000
G1 Z1 F8000
G1 X528.27409 Y69.12822 F8000
G1 X507.2913 Y48.14543 F8000
G0 Z0
G1 X507.16676 Y48.37443 F8000
G1 Z1 F8000
G1 X507.16676 Y48.37443 F8000
G1 X528.05578 Y69.26345 F8000
G0 Z0
G1 X527.83745 Y69.39868 F8000
G1 Z1 F8000
G1 X527.83745 Y69.39868 F8000
G1 X507.04949 Y48.61073 F8000
G0 Z0
G1 X506.93281 Y48.84758 F8000
G1 Z1 F8000
G1 X506.93281 Y48.84758 F8000
G1 X527.61927 Y69.53404 F8000
G0 Z0
G1 X527.40245 Y69.67078 F8000
G1 Z1 F8000
G1 X527.40245 Y69.67078 F8000
G1 X506.8256 Y49.09391 F8000
G0 Z0
G1 X506.71837 Y49.34026 F8000
G1 Z1 F8000
G1 X506.71837 Y49.34026 F8000
G1 X527.17887 Y69.80074 F8000
G0 Z0
G1 X526.94519 Y69.92062 F8000
G1 Z1 F8000
G1 X526.94519 Y69.92062 F8000
G1 X506.62031 Y49.59574 F8000
G0 Z0
G1 X506.5234 Y49.85239 F8000
G1 Z1 F8000
G1 X506.5234 Y49.85239 F8000
G1 X525.08665 Y68.41565 F8000
G0 Z0
G1 X525.61992 Y69.282 F8000
G1 Z1 F8000
G1 X525.61992 Y69.282 F8000
G1 X522.82296 Y67.66716 F8000
G0 Z0
G1 X522.96022 Y67.34988 F8000
G1 Z1 F8000
G1 X522.96022 Y67.34988 F8000
G1 X506.26924 Y50.65889 F8000
G0 Z0
G1 X506.34827 Y50.38439 F8000
G1 Z1 F8000
G1 X506.34827 Y50.38439 F8000
G1 X523.5159 Y67.55199 F8000
G0 Z0
G1 X524.14241 Y67.82496 F8000
G1 Z1 F8000
G1 X524.14241 Y67.82496 F8000
G1 X506.43452 Y50.11705 F8000
G0 Z0
G1 X506.1941 Y50.93729 F8000
G1 Z1 F8000
G1 X506.1941 Y50.93729 F8000
G1 X522.48924 Y67.23243 F8000
G0 Z0
G1 X522.07781 Y67.17456 F8000
G1 Z1 F8000
G1 X522.07781 Y67.17456 F8000
G1 X506.12567 Y51.22246 F8000
G0 Z0
G1 X506.06209 Y51.51239 F8000
G1 Z1 F8000
G1 X506.06209 Y51.51239 F8000
G1 X521.69411 Y67.1444 F8000
G0 Z0
G1 X522.01817 Y67.49119 F8000
G1 Z1 F8000
G1 X522.01817 Y67.49119 F8000
G1 X526.12035 Y69.85958 F8000
G0 Z0
G1 X520.04922 Y67.50913 F8000
G1 Z1 F8000
G1 X520.04922 Y67.50913 F8000
G1 X570.00957 Y96.35376 F8000
G0 Z0
G1 X570.04773 Y96.62702 F8000
G1 Z1 F8000
G1 X570.04773 Y96.62702 F8000
G1 X562.67665 Y100.88271 F8000
G0 Z0
G1 X562.17665 Y100.88271 F8000
G1 Z1 F8000
G1 X562.17665 Y100.88271 F8000
G1 X569.54773 Y96.62702 F8000
G0 Z0
G1 X569.51011 Y96.35376 F8000
G1 Z1 F8000
G1 X569.51011 Y96.35376 F8000
G1 X519.67878 Y67.58364 F8000
G0 Z0
G1 X523.23022 Y117.70011 F8000
G1 Z1 F8000
G1 X523.23022 Y117.70011 F8000
G1 X524.48908 Y117.95927 F8000
G1 X526.31486 Y118.055 F8000
G1 X528.18629 Y117.97937 F8000
G1 X529.53353 Y117.72573 F8000
G1 X531.75068 Y116.92748 F8000
G1 X532.84277 Y116.36945 F8000
G1 X533.87377 Y115.72456 F8000
G1 X534.83085 Y115.00065 F8000
G1 X535.63231 Y114.27433 F8000
G1 X537.10255 Y112.53965 F8000
G1 X538.40481 Y113.05454 F8000
G1 X539.84801 Y113.38521 F8000
G1 X541.32105 Y113.52915 F8000
G1 X542.60752 Y113.45808 F8000
G1 X544.02105 Y113.18695 F8000
G1 X545.43936 Y112.70127 F8000
G1 X546.75272 Y112.01613 F8000
G1 X547.87892 Y111.19893 F8000
G1 X548.62275 Y110.51042 F8000
G1 X549.30205 Y109.74226 F8000
G1 X549.89219 Y108.91977 F8000
G1 X550.43672 Y107.96142 F8000
G1 X550.83518 Y107.04978 F8000
G1 X551.16559 Y106.01197 F8000
G1 X551.38121 Y104.94738 F8000
G1 X551.47609 Y103.96491 F8000
G1 X551.37135 Y101.98953 F8000
G1 X551.16902 Y101.01196 F8000
G1 X550.86489 Y100.05134 F8000
G1 X550.45435 Y99.10915 F8000
G1 X549.90419 Y98.12845 F8000
G1 X549.31017 Y97.25485 F8000
G1 X548.61012 Y96.41917 F8000
G1 X599.5819 Y96.3433 F8000
G1 X599.5819 Y84.71102 F8000
G1 X549.91149 Y84.71102 F8000
G1 X550.09324 Y83.75932 F8000
G1 X550.18394 Y82.54082 F8000
G1 X550.08639 Y79.90215 F8000
G1 X549.62909 Y77.75738 F8000
G1 X548.84686 Y75.69913 F8000
G1 X547.71732 Y73.74016 F8000
G1 X546.25598 Y71.95413 F8000
G1 X544.43968 Y70.3184 F8000
G1 X542.55223 Y69.09854 F8000
G1 X540.57114 Y68.23027 F8000
G1 X538.42627 Y67.6422 F8000
G1 X536.32534 Y67.45044 F8000
G1 X534.01602 Y67.51647 F8000
G1 X532.25598 Y67.837 F8000
G1 X530.05338 Y68.58389 F8000
G1 X528.48189 Y69.37676 F8000
G1 X526.75454 Y70.51802 F8000
G1 X526.53019 Y70.36236 F8000
G1 X525.67617 Y69.33068 F8000
G1 X524.99821 Y68.73248 F8000
G1 X524.05623 Y68.14115 F8000
G1 X523.02205 Y67.71583 F8000
G1 X521.93024 Y67.46951 F8000
G1 X520.81538 Y67.41519 F8000
G1 X519.71062 Y67.56604 F8000
G1 X518.64387 Y67.91739 F8000
G1 X517.57986 Y68.49661 F8000
G1 X516.58066 Y69.32759 F8000
G1 X515.83422 Y70.25665 F8000
G1 X515.18504 Y71.45084 F8000
G1 X512.91545 Y71.84501 F8000
G1 X511.00154 Y72.40429 F8000
G1 X509.13713 Y73.21234 F8000
G1 X507.37762 Y74.27997 F8000
G1 X506.21384 Y75.21118 F8000
G1 X505.19889 Y76.24185 F8000
G1 X504.34648 Y77.36084 F8000
G1 X503.70966 Y78.47507 F8000
G1 X503.32428 Y79.39178 F8000
G1 X503.04599 Y80.34 F8000
G1 X502.90544 Y81.15327 F8000
G1 X502.85339 Y82.08608 F8000
G1 X503.01761 Y84.04399 F8000
G1 X503.61326 Y85.81418 F8000
G1 X504.5519 Y87.45286 F8000
G1 X505.82421 Y88.92944 F8000
G1 X507.26139 Y90.12773 F8000
G1 X509.56161 Y91.62928 F8000
G1 X507.52971 Y92.40644 F8000
G1 X505.8406 Y93.38085 F8000
G1 X504.25406 Y94.73255 F8000
G1 X502.87524 Y96.37975 F8000
G1 X501.88848 Y98.10615 F8000
G1 X501.22548 Y99.9734 F8000
G1 X500.89148 Y101.96879 F8000
G1 X500.89997 Y104.13875 F8000
G1 X501.08898 Y105.42917 F8000
G1 X501.44761 Y106.76314 F8000
G1 X501.96525 Y108.03507 F8000
G1 X502.58666 Y109.1568 F8000
G1 X503.40571 Y110.29683 F8000
G1 X504.30379 Y111.28859 F8000
G1 X505.37664 Y112.24536 F8000
G1 X506.50484 Y113.03054 F8000
G1 X507.54456 Y113.58217 F8000
G1 X508.6779 Y114.0363 F8000
G1 X510.11383 Y114.4527 F8000
G1 X511.01427 Y114.60505 F8000
G1 X513.0085 Y114.6298 F8000
G1 X514.34821 Y114.54742 F8000
G1 X515.38806 Y114.33649 F8000
G1 X516.80352 Y113.88188 F8000
G1 X518.33909 Y115.24179 F8000
G1 X519.8269 Y116.2666 F8000
G1 X521.42387 Y117.07672 F8000
G1 X523.23022 Y117.70011 F8000
G0 Z0
G1 X519.33799 Y67.67555 F8000
G1 Z1 F8000
G1 X519.33799 Y67.67555 F8000
G1 X569.01063 Y96.35407 F8000
G0 Z0
G1 X569.04773 Y96.62702 F8000
G1 Z1 F8000
G1 X569.04773 Y96.62702 F8000
G1 X561.67665 Y100.88271 F8000
G0 Z0
G1 X561.17665 Y100.88271 F8000
G1 Z1 F8000
G1 X561.17665 Y100.88271 F8000
G1 X568.54773 Y96.62702 F8000
G0 Z0
G1 X568.51118 Y96.35407 F8000
G1 Z1 F8000
G1 X568.51118 Y96.35407 F8000
G1 X519.01901 Y67.77977 F8000
G0 Z0
G1 X518.71882 Y67.89513 F8000
G1 Z1 F8000
G1 X518.71882 Y67.89513 F8000
G1 X568.0117 Y96.35439 F8000
G0 Z0
G1 X568.04773 Y96.62702 F8000
G1 Z1 F8000
G1 X568.04773 Y96.62702 F8000
G1 X560.8706 Y100.77073 F8000
G0 Z0
G1 X560.59054 Y100.64375 F8000
G1 Z1 F8000
G1 X560.59054 Y100.64375 F8000
G1 X567.54773 Y96.62702 F8000
G0 Z0
G1 X567.51222 Y96.35439 F8000
G1 Z1 F8000
G1 X567.51222 Y96.35439 F8000
G1 X518.43508 Y68.0197 F8000
G0 Z0
G1 X518.16597 Y68.15299 F8000
G1 Z1 F8000
G1 X518.16597 Y68.15299 F8000
G1 X567.01276 Y96.35471 F8000
G0 Z0
G1 X567.04773 Y96.62702 F8000
G1 Z1 F8000
G1 X567.04773 Y96.62702 F8000
G1 X560.30558 Y100.5196 F8000
G0 Z0
G1 X560.00632 Y100.4037 F8000
G1 Z1 F8000
G1 X560.00632 Y100.4037 F8000
G1 X566.54773 Y96.62702 F8000
G0 Z0
G1 X566.51328 Y96.35471 F8000
G1 Z1 F8000
G1 X566.51328 Y96.35471 F8000
G1 X517.91284 Y68.29521 F8000
G0 Z0
G1 X517.6721 Y68.44491 F8000
G1 Z1 F8000
G1 X517.6721 Y68.44491 F8000
G1 X566.01383 Y96.355 F8000
G0 Z0
G1 X566.04772 Y96.62702 F8000
G1 Z1 F8000
G1 X566.04772 Y96.62702 F8000
G1 X559.68873 Y100.29838 F8000
G0 Z0
G1 X559.34861 Y100.20608 F8000
G1 Z1 F8000
G1 X559.34861 Y100.20608 F8000
G1 X565.54772 Y96.62702 F8000
G0 Z0
G1 X565.51435 Y96.355 F8000
G1 Z1 F8000
G1 X565.51435 Y96.355 F8000
G1 X517.44262 Y68.60077 F8000
G0 Z0
G1 X517.22357 Y68.76299 F8000
G1 Z1 F8000
G1 X517.22357 Y68.76299 F8000
G1 X565.01486 Y96.35529 F8000
G0 Z0
G1 X565.04772 Y96.62702 F8000
G1 Z1 F8000
G1 X565.04772 Y96.62702 F8000
G1 X558.98499 Y100.12734 F8000
G0 Z0
G1 X559.0556 Y100.45377 F8000
G1 Z1 F8000
G1 X559.0556 Y100.45377 F8000
G1 X563.7156 Y108.52507 F8000
G0 Z0
G1 X563.60762 Y108.8381 F8000
G1 Z1 F8000
G1 X563.60762 Y108.8381 F8000
G1 X558.73328 Y100.39548 F8000
G0 Z0
G1 X558.42234 Y100.3569 F8000
G1 Z1 F8000
G1 X558.42234 Y100.3569 F8000
G1 X563.48965 Y109.13372 F8000
G0 Z0
G1 X563.36267 Y109.41381 F8000
G1 Z1 F8000
G1 X563.36267 Y109.41381 F8000
G1 X558.11966 Y100.33267 F8000
G0 Z0
G1 X557.82486 Y100.32206 F8000
G1 Z1 F8000
G1 X557.82486 Y100.32206 F8000
G1 X563.22832 Y109.68109 F8000
G0 Z0
G1 X563.08682 Y109.93602 F8000
G1 Z1 F8000
G1 X563.08682 Y109.93602 F8000
G1 X557.53914 Y100.32714 F8000
G0 Z0
G1 X557.25762 Y100.33955 F8000
G1 Z1 F8000
G1 X557.25762 Y100.33955 F8000
G1 X562.93818 Y110.17856 F8000
G0 Z0
G1 X562.78064 Y110.4057 F8000
G1 Z1 F8000
G1 X562.78064 Y110.4057 F8000
G1 X556.98282 Y100.36357 F8000
G0 Z0
G1 X556.71411 Y100.39818 F8000
G1 Z1 F8000
G1 X556.71411 Y100.39818 F8000
G1 X562.61398 Y110.61705 F8000
G0 Z0
G1 X562.44422 Y110.82303 F8000
G1 Z1 F8000
G1 X562.44422 Y110.82303 F8000
G1 X556.4486 Y100.43829 F8000
G0 Z0
G1 X556.56202 Y100.08287 F8000
G1 Z1 F8000
G1 X556.56202 Y100.08287 F8000
G1 X562.54772 Y96.62702 F8000
G0 Z0
G1 X562.52167 Y96.35685 F8000
G1 Z1 F8000
G1 X562.52167 Y96.35685 F8000
G1 X516.28216 Y69.66048 F8000
G0 Z0
G1 X516.12354 Y69.85757 F8000
G1 Z1 F8000
G1 X516.12354 Y69.85757 F8000
G1 X562.0234 Y96.35788 F8000
G0 Z0
G1 X562.04772 Y96.62702 F8000
G1 Z1 F8000
G1 X562.04772 Y96.62702 F8000
G1 X555.75953 Y100.25751 F8000
G0 Z0
G1 X555.0202 Y100.39568 F8000
G1 Z1 F8000
G1 X555.0202 Y100.39568 F8000
G1 X561.54772 Y96.62702 F8000
G0 Z0
G1 X561.52517 Y96.35788 F8000
G1 Z1 F8000
G1 X561.52517 Y96.35788 F8000
G1 X515.97403 Y70.05892 F8000
G0 Z0
G1 X515.83253 Y70.2659 F8000
G1 Z1 F8000
G1 X515.83253 Y70.2659 F8000
G1 X561.02693 Y96.35889 F8000
G0 Z0
G1 X561.04772 Y96.62702 F8000
G1 Z1 F8000
G1 X561.04772 Y96.62702 F8000
G1 X554.80067 Y100.23375 F8000
G0 Z0
G1 X554.60255 Y100.05946 F8000
G1 Z1 F8000
G1 X554.60255 Y100.05946 F8000
G1 X560.54772 Y96.62702 F8000
G0 Z0
G1 X560.52869 Y96.35889 F8000
G1 Z1 F8000
G1 X560.52869 Y96.35889 F8000
G1 X515.69899 Y70.47643 F8000
G0 Z0
G1 X516.45226 Y69.47102 F8000
G1 Z1 F8000
G1 X516.45226 Y69.47102 F8000
G1 X563.01991 Y96.35685 F8000
G0 Z0
G1 X563.04772 Y96.62702 F8000
G1 Z1 F8000
G1 X563.04772 Y96.62702 F8000
G1 X557.1806 Y100.0144 F8000
G0 Z0
G1 X557.7065 Y99.99945 F8000
G1 Z1 F8000
G1 X557.7065 Y99.99945 F8000
G1 X563.54772 Y96.62702 F8000
G0 Z0
G1 X563.51814 Y96.35585 F8000
G1 Z1 F8000
G1 X563.51814 Y96.35585 F8000
G1 X516.6307 Y69.28536 F8000
G0 Z0
G1 X516.81773 Y69.10571 F8000
G1 Z1 F8000
G1 X516.81773 Y69.10571 F8000
G1 X564.01638 Y96.35585 F8000
G0 Z0
G1 X564.04772 Y96.62702 F8000
G1 Z1 F8000
G1 X564.04772 Y96.62702 F8000
G1 X558.17186 Y100.01945 F8000
G0 Z0
G1 X558.59547 Y100.06355 F8000
G1 Z1 F8000
G1 X558.59547 Y100.06355 F8000
G1 X564.54772 Y96.62702 F8000
G0 Z0
G1 X564.51541 Y96.35529 F8000
G1 Z1 F8000
G1 X564.51541 Y96.35529 F8000
G1 X517.01437 Y68.93055 F8000
G0 Z0
G1 X514.38915 Y65.14288 F8000
G1 Z1 F8000
G1 X514.38915 Y65.14288 F8000
G1 X506.2472 Y57.00093 F8000
G0 Z0
G1 X506.40695 Y57.51422 F8000
G1 Z1 F8000
G1 X506.40695 Y57.51422 F8000
G1 X513.86368 Y64.97098 F8000
G0 Z0
G1 X513.30745 Y64.76828 F8000
G1 Z1 F8000
G1 X513.30745 Y64.76828 F8000
G1 X506.60981 Y58.07064 F8000
G0 Z0
G1 X506.87167 Y58.68606 F8000
G1 Z1 F8000
G1 X506.87167 Y58.68606 F8000
G1 X512.70205 Y64.51643 F8000
G0 Z0
G1 X511.99601 Y64.16395 F8000
G1 Z1 F8000
G1 X511.99601 Y64.16395 F8000
G1 X507.22303 Y59.39097 F8000
G0 Z0
G1 X507.73982 Y60.26129 F8000
G1 Z1 F8000
G1 X507.73982 Y60.26129 F8000
G1 X511.11577 Y63.63727 F8000
G0 Z0
G1 X509.31256 Y62.18761 F8000
G1 Z1 F8000
G1 X509.31256 Y62.18761 F8000
G1 X509.15841 Y62.03347 F8000
G0 Z0
G1 X508.27274 Y73.69295 F8000
G1 Z1 F8000
G1 X508.27274 Y73.69295 F8000
G1 X549.47352 Y97.48025 F8000
G0 Z0
G1 X549.79023 Y97.95176 F8000
G1 Z1 F8000
G1 X549.79023 Y97.95176 F8000
G1 X508.03253 Y73.84294 F8000
G0 Z0
G1 X507.79528 Y73.99465 F8000
G1 Z1 F8000
G1 X507.79528 Y73.99465 F8000
G1 X550.0637 Y98.39832 F8000
G0 Z0
G1 X550.8633 Y107.79045 F8000
G1 Z1 F8000
G1 X550.8633 Y107.79045 F8000
G1 X550.34639 Y108.77844 F8000
G1 X549.75445 Y109.66239 F8000
G1 X549.04091 Y110.50323 F8000
G1 X547.8941 Y111.65335 F8000
G1 X547.5677 Y112.10012 F8000
G1 X548.55531 Y114.6898 F8000
G1 X548.99765 Y116.5117 F8000
G1 X549.15338 Y118.60711 F8000
G1 X549.0744 Y120.3281 F8000
G1 X548.96423 Y120.93184 F8000
G1 X563.20072 Y120.93184 F8000
G1 X563.08899 Y118.56755 F8000
G1 X594.75878 Y118.56755 F8000
G1 X594.75878 Y111.28555 F8000
G1 X562.1325 Y111.23044 F8000
G1 X562.94148 Y110.17496 F8000
G1 X563.42763 Y109.27784 F8000
G1 X563.84747 Y108.07123 F8000
G1 X564.00695 Y106.99448 F8000
G1 X563.95492 Y105.79069 F8000
G1 X563.67961 Y104.61028 F8000
G1 X563.19393 Y103.50861 F8000
G1 X562.57496 Y102.6152 F8000
G1 X561.86077 Y101.89391 F8000
G1 X560.96567 Y101.23759 F8000
G1 X559.9867 Y100.74384 F8000
G1 X559.05073 Y100.45247 F8000
G1 X558.07037 Y100.32767 F8000
G1 X556.91867 Y100.36841 F8000
G1 X556.00401 Y100.53562 F8000
G1 X554.84002 Y100.91097 F8000
G1 X554.03713 Y99.92402 F8000
G1 X552.93228 Y98.98911 F8000
G1 X551.58372 Y98.17727 F8000
G1 X550.62548 Y97.85824 F8000
G1 X550.46038 Y97.90817 F8000
G1 X550.40974 Y98.09283 F8000
G1 X551.14276 Y99.86998 F8000
G1 X551.45487 Y100.83473 F8000
G1 X551.70029 Y102.01315 F8000
G1 X551.80499 Y103.2042 F8000
G1 X551.76914 Y104.39734 F8000
G1 X551.5929 Y105.582 F8000
G1 X551.27644 Y106.74765 F8000
G1 X550.8633 Y107.79045 F8000
G0 Z0
G1 X550.41398 Y97.98618 F8000
G1 Z1 F8000
G1 X550.41398 Y97.98618 F8000
G1 X563.15966 Y120.06231 F8000
G0 Z0
G1 X563.18532 Y120.60688 F8000
G1 Z1 F8000
G1 X563.18532 Y120.60688 F8000
G1 X550.96884 Y99.44732 F8000
G0 Z0
G1 X550.69312 Y99.62774 F8000
G1 Z1 F8000
G1 X550.69312 Y99.62774 F8000
G1 X507.1177 Y74.46947 F8000
G0 Z0
G1 X506.90371 Y74.6346 F8000
G1 Z1 F8000
G1 X506.90371 Y74.6346 F8000
G1 X550.84578 Y100.00456 F8000
G0 Z0
G1 X550.97593 Y100.36839 F8000
G1 Z1 F8000
G1 X550.97593 Y100.36839 F8000
G1 X506.69183 Y74.80094 F8000
G0 Z0
G1 X506.48871 Y74.97234 F8000
G1 Z1 F8000
G1 X506.48871 Y74.97234 F8000
G1 X551.08658 Y100.72094 F8000
G0 Z0
G1 X551.4294 Y100.74499 F8000
G1 Z1 F8000
G1 X551.4294 Y100.74499 F8000
G1 X563.08428 Y120.93184 F8000
G0 Z0
G1 X563.13391 Y119.51772 F8000
G1 Z1 F8000
G1 X563.13391 Y119.51772 F8000
G1 X550.63052 Y97.86122 F8000
G0 Z0
G1 X550.95151 Y97.91707 F8000
G1 Z1 F8000
G1 X550.95151 Y97.91707 F8000
G1 X563.10825 Y118.97316 F8000
G0 Z0
G1 X563.16275 Y118.56755 F8000
G1 Z1 F8000
G1 X563.16275 Y118.56755 F8000
G1 X551.32174 Y98.05833 F8000
G0 Z0
G1 X551.7183 Y98.24516 F8000
G1 Z1 F8000
G1 X551.7183 Y98.24516 F8000
G1 X563.45144 Y118.56755 F8000
G0 Z0
G1 X563.7401 Y118.56755 F8000
G1 Z1 F8000
G1 X563.7401 Y118.56755 F8000
G1 X552.14021 Y98.47595 F8000
G0 Z0
G1 X552.58918 Y98.75358 F8000
G1 Z1 F8000
G1 X552.58918 Y98.75358 F8000
G1 X564.02879 Y118.56755 F8000
G0 Z0
G1 X564.31745 Y118.56755 F8000
G1 Z1 F8000
G1 X564.31745 Y118.56755 F8000
G1 X553.07524 Y99.09547 F8000
G0 Z0
G1 X553.61981 Y99.53871 F8000
G1 Z1 F8000
G1 X553.61981 Y99.53871 F8000
G1 X564.60614 Y118.56755 F8000
G0 Z0
G1 X561.35218 Y120.93184 F8000
G1 Z1 F8000
G1 X561.35218 Y120.93184 F8000
G1 X551.77183 Y104.33817 F8000
G0 Z0
G1 X551.72812 Y104.76246 F8000
G1 Z1 F8000
G1 X551.72812 Y104.76246 F8000
G1 X561.06352 Y120.93184 F8000
G0 Z0
G1 X560.77484 Y120.93184 F8000
G1 Z1 F8000
G1 X560.77484 Y120.93184 F8000
G1 X551.66798 Y105.15827 F8000
G0 Z0
G1 X551.5989 Y105.53864 F8000
G1 Z1 F8000
G1 X551.5989 Y105.53864 F8000
G1 X560.48617 Y120.93184 F8000
G0 Z0
G1 X560.19749 Y120.93184 F8000
G1 Z1 F8000
G1 X560.19749 Y120.93184 F8000
G1 X551.51859 Y105.89956 F8000
G0 Z0
G1 X551.42742 Y106.24164 F8000
G1 Z1 F8000
G1 X551.42742 Y106.24164 F8000
G1 X559.90883 Y120.93184 F8000
G0 Z0
G1 X559.89057 Y121.21656 F8000
G1 Z1 F8000
G1 X559.89057 Y121.21656 F8000
G1 X570.388 Y131.71396 F8000
G0 Z0
G1 X570.74154 Y131.71396 F8000
G1 Z1 F8000
G1 X570.74154 Y131.71396 F8000
G1 X560.24413 Y121.21656 F8000
G0 Z0
G1 X560.5977 Y121.21656 F8000
G1 Z1 F8000
G1 X560.5977 Y121.21656 F8000
G1 X571.0951 Y131.71396 F8000
G0 Z0
G1 X571.44864 Y131.71396 F8000
G1 Z1 F8000
G1 X571.44864 Y131.71396 F8000
G1 X560.95123 Y121.21656 F8000
G0 Z0
G1 X561.3048 Y121.21656 F8000
G1 Z1 F8000
G1 X561.3048 Y121.21656 F8000
G1 X571.8022 Y131.71396 F8000
G0 Z0
G1 X570.03444 Y131.71396 F8000
G1 Z1 F8000
G1 X570.03444 Y131.71396 F8000
G1 X559.53703 Y121.21656 F8000
G0 Z0
G1 X559.62014 Y120.93184 F8000
G1 Z1 F8000
G1 X559.62014 Y120.93184 F8000
G1 X551.33204 Y106.57644 F8000
G0 Z0
G1 X551.2235 Y106.88841 F8000
G1 Z1 F8000
G1 X551.2235 Y106.88841 F8000
G1 X559.33145 Y120.93184 F8000
G0 Z0
G1 X559.04279 Y120.93184 F8000
G1 Z1 F8000
G1 X559.04279 Y120.93184 F8000
G1 X551.1127 Y107.19649 F8000
G0 Z0
G1 X550.9921 Y107.48767 F8000
G1 Z1 F8000
G1 X550.9921 Y107.48767 F8000
G1 X558.75411 Y120.93184 F8000
G0 Z0
G1 X558.46544 Y120.93184 F8000
G1 Z1 F8000
G1 X558.46544 Y120.93184 F8000
G1 X550.86867 Y107.77384 F8000
G0 Z0
G1 X550.73712 Y108.04602 F8000
G1 Z1 F8000
G1 X550.73712 Y108.04602 F8000
G1 X558.17676 Y120.93184 F8000
G0 Z0
G1 X557.8881 Y120.93184 F8000
G1 Z1 F8000
G1 X557.8881 Y120.93184 F8000
G1 X550.60356 Y108.31467 F8000
G0 Z0
G1 X550.46344 Y108.57198 F8000
G1 Z1 F8000
G1 X550.46344 Y108.57198 F8000
G1 X557.59941 Y120.93184 F8000
G0 Z0
G1 X557.31075 Y120.93184 F8000
G1 Z1 F8000
G1 X557.31075 Y120.93184 F8000
G1 X550.31839 Y108.82072 F8000
G0 Z0
G1 X550.16999 Y109.06368 F8000
G1 Z1 F8000
G1 X550.16999 Y109.06368 F8000
G1 X557.02206 Y120.93184 F8000
G0 Z0
G1 X557.06215 Y121.21656 F8000
G1 Z1 F8000
G1 X557.06215 Y121.21656 F8000
G1 X567.55955 Y131.71396 F8000
G0 Z0
G1 X567.20601 Y131.71396 F8000
G1 Z1 F8000
G1 X567.20601 Y131.71396 F8000
G1 X556.70861 Y121.21656 F8000
G0 Z0
G1 X556.73338 Y120.93184 F8000
G1 Z1 F8000
G1 X556.73338 Y120.93184 F8000
G1 X550.01539 Y109.29594 F8000
G0 Z0
G1 X549.85651 Y109.52073 F8000
G1 Z1 F8000
G1 X549.85651 Y109.52073 F8000
G1 X556.44472 Y120.93184 F8000
G0 Z0
G1 X556.15603 Y120.93184 F8000
G1 Z1 F8000
G1 X556.15603 Y120.93184 F8000
G1 X549.69466 Y109.74044 F8000
G0 Z0
G1 X549.52604 Y109.94837 F8000
G1 Z1 F8000
G1 X549.52604 Y109.94837 F8000
G1 X555.86737 Y120.93184 F8000
G0 Z0
G1 X555.57868 Y120.93184 F8000
G1 Z1 F8000
G1 X555.57868 Y120.93184 F8000
G1 X549.35528 Y110.15258 F8000
G0 Z0
G1 X546.82742 Y112.39603 F8000
G1 Z1 F8000
G1 X546.82742 Y112.39603 F8000
G1 X547.62924 Y113.19788 F8000
G0 Z0
G1 X549.14639 Y118.79094 F8000
G1 Z1 F8000
G1 X549.14639 Y118.79094 F8000
G1 X550.38245 Y120.93184 F8000
G0 Z0
G1 X555.64795 Y121.21656 F8000
G1 Z1 F8000
G1 X555.64795 Y121.21656 F8000
G1 X566.14535 Y131.71396 F8000
G0 Z0
G1 X566.49889 Y131.71396 F8000
G1 Z1 F8000
G1 X566.49889 Y131.71396 F8000
G1 X556.00148 Y121.21656 F8000
G0 Z0
G1 X556.35505 Y121.21656 F8000
G1 Z1 F8000
G1 X556.35505 Y121.21656 F8000
G1 X566.85245 Y131.71396 F8000
G0 Z0
G1 X567.91311 Y131.71396 F8000
G1 Z1 F8000
G1 X567.91311 Y131.71396 F8000
G1 X557.41571 Y121.21656 F8000
G0 Z0
G1 X557.76927 Y121.21656 F8000
G1 Z1 F8000
G1 X557.76927 Y121.21656 F8000
G1 X568.26668 Y131.71396 F8000
G0 Z0
G1 X568.62021 Y131.71396 F8000
G1 Z1 F8000
G1 X568.62021 Y131.71396 F8000
G1 X558.12281 Y121.21656 F8000
G0 Z0
G1 X558.47637 Y121.21656 F8000
G1 Z1 F8000
G1 X558.47637 Y121.21656 F8000
G1 X568.97377 Y131.71396 F8000
G0 Z0
G1 X569.32734 Y131.71396 F8000
G1 Z1 F8000
G1 X569.32734 Y131.71396 F8000
G1 X558.82994 Y121.21656 F8000
G0 Z0
G1 X559.18347 Y121.21656 F8000
G1 Z1 F8000
G1 X559.18347 Y121.21656 F8000
G1 X569.68087 Y131.71396 F8000
G0 Z0
G1 X559.07333 Y140.04681 F8000
G1 Z1 F8000
G1 X559.07333 Y140.04681 F8000
G1 X557.11289 Y136.65125 F8000
G0 Z0
G1 X556.44043 Y135.98648 F8000
G1 Z1 F8000
G1 X556.44043 Y135.98648 F8000
G1 X559.32849 Y140.98878 F8000
G0 Z0
G1 X559.40503 Y141.62132 F8000
G1 Z1 F8000
G1 X559.40503 Y141.62132 F8000
G1 X555.88483 Y135.52415 F8000
G0 Z0
G1 X555.39453 Y135.17495 F8000
G1 Z1 F8000
G1 X555.39453 Y135.17495 F8000
G1 X559.42834 Y142.1617 F8000
G0 Z0
G1 X559.43464 Y142.67259 F8000
G1 Z1 F8000
G1 X559.43464 Y142.67259 F8000
G1 X554.94492 Y134.89619 F8000
G0 Z0
G1 X554.52257 Y134.66468 F8000
G1 Z1 F8000
G1 X554.52257 Y134.66468 F8000
G1 X559.42617 Y143.15796 F8000
G0 Z0
G1 X559.41739 Y143.64273 F8000
G1 Z1 F8000
G1 X559.41739 Y143.64273 F8000
G1 X554.11953 Y134.46656 F8000
G0 Z0
G1 X553.7358 Y134.30196 F8000
G1 Z1 F8000
G1 X553.7358 Y134.30196 F8000
G1 X559.39572 Y144.1052 F8000
G0 Z0
G1 X559.3364 Y144.50247 F8000
G1 Z1 F8000
G1 X559.3364 Y144.50247 F8000
G1 X553.36848 Y134.1657 F8000
G0 Z0
G1 X563.81318 Y108.1941 F8000
G1 Z1 F8000
G1 X563.81318 Y108.1941 F8000
G1 X559.39739 Y100.54574 F8000
G0 Z0
G1 X559.75243 Y100.6607 F8000
G1 Z1 F8000
G1 X559.75243 Y100.6607 F8000
G1 X563.89732 Y107.83985 F8000
G0 Z0
G1 X563.96264 Y107.45301 F8000
G1 Z1 F8000
G1 X563.96264 Y107.45301 F8000
G1 X560.12415 Y100.8045 F8000
G0 Z0
G1 X560.51792 Y100.98656 F8000
G1 Z1 F8000
G1 X560.51792 Y100.98656 F8000
G1 X564.00474 Y107.02591 F8000
G0 Z0
G1 X564.01228 Y106.53895 F8000
G1 Z1 F8000
G1 X564.01228 Y106.53895 F8000
G1 X560.94472 Y101.2258 F8000
G0 Z0
G1 X561.41394 Y101.53848 F8000
G1 Z1 F8000
G1 X561.41394 Y101.53848 F8000
G1 X563.97659 Y105.97713 F8000
G0 Z0
G1 X563.8616 Y105.27797 F8000
G1 Z1 F8000
G1 X563.8616 Y105.27797 F8000
G1 X561.96469 Y101.99245 F8000
G0 Z0
G1 X562.71399 Y102.79025 F8000
G1 Z1 F8000
G1 X562.71399 Y102.79025 F8000
G1 X563.52314 Y104.19175 F8000
G0 Z0
G1 X566.17665 Y100.88271 F8000
G1 Z1 F8000
G1 X566.17665 Y100.88271 F8000
G1 X573.54773 Y96.62702 F8000
G0 Z0
G1 X573.50588 Y96.35161 F8000
G1 Z1 F8000
G1 X573.50588 Y96.35161 F8000
G1 X553.35753 Y84.71896 F8000
G0 Z0
G1 X553.46233 Y84.33275 F8000
G1 Z1 F8000
G1 X553.46233 Y84.33275 F8000
G1 X555.45198 Y83.18402 F8000
G0 Z0
G1 X553.85754 Y84.71896 F8000
G1 Z1 F8000
G1 X553.85754 Y84.71896 F8000
G1 X574.00533 Y96.35129 F8000
G0 Z0
G1 X574.04773 Y96.62702 F8000
G1 Z1 F8000
G1 X574.04773 Y96.62702 F8000
G1 X566.67665 Y100.88271 F8000
G0 Z0
G1 X551.25864 Y101.39762 F8000
G1 Z1 F8000
G1 X551.25864 Y101.39762 F8000
G1 X506.09384 Y75.32172 F8000
G0 Z0
G1 X506.28794 Y75.14511 F8000
G1 Z1 F8000
G1 X506.28794 Y75.14511 F8000
G1 X551.18017 Y101.06366 F8000
G0 Z0
G1 X550.514 Y99.23565 F8000
G1 Z1 F8000
G1 X550.514 Y99.23565 F8000
G1 X507.33911 Y74.30863 F8000
G0 Z0
G1 X507.56456 Y74.15012 F8000
G1 Z1 F8000
G1 X507.56456 Y74.15012 F8000
G1 X550.30434 Y98.82594 F8000
G0 Z0
G1 X553.7126 Y60.27409 F8000
G1 Z1 F8000
G1 X553.7126 Y60.27409 F8000
G1 X532.2453 Y38.8068 F8000
G0 Z0
G1 X532.61844 Y38.82638 F8000
G1 Z1 F8000
G1 X532.61844 Y38.82638 F8000
G1 X553.87053 Y60.07846 F8000
G0 Z0
G1 X554.02849 Y59.88285 F8000
G1 Z1 F8000
G1 X554.02849 Y59.88285 F8000
G1 X532.9946 Y38.84897 F8000
G0 Z0
G1 X533.38711 Y38.88794 F8000
G1 Z1 F8000
G1 X533.38711 Y38.88794 F8000
G1 X554.18488 Y59.68571 F8000
G0 Z0
G1 X554.33847 Y59.48574 F8000
G1 Z1 F8000
G1 X554.33847 Y59.48574 F8000
G1 X533.79722 Y38.94449 F8000
G0 Z0
G1 X534.2459 Y39.0396 F8000
G1 Z1 F8000
G1 X534.2459 Y39.0396 F8000
G1 X554.49206 Y59.28577 F8000
G0 Z0
G1 X554.63891 Y59.07905 F8000
G1 Z1 F8000
G1 X554.63891 Y59.07905 F8000
G1 X534.72448 Y39.16465 F8000
G0 Z0
G1 X535.22957 Y39.31617 F8000
G1 Z1 F8000
G1 X535.22957 Y39.31617 F8000
G1 X554.78287 Y58.86947 F8000
G0 Z0
G1 X554.92482 Y58.65786 F8000
G1 Z1 F8000
G1 X554.92482 Y58.65786 F8000
G1 X535.76889 Y39.50194 F8000
G0 Z0
G1 X536.35373 Y39.73321 F8000
G1 Z1 F8000
G1 X536.35373 Y39.73321 F8000
G1 X555.0579 Y58.43741 F8000
G0 Z0
G1 X555.19101 Y58.21696 F8000
G1 Z1 F8000
G1 X555.19101 Y58.21696 F8000
G1 X537.00137 Y40.02732 F8000
G0 Z0
G1 X537.7402 Y40.41258 F8000
G1 Z1 F8000
G1 X537.7402 Y40.41258 F8000
G1 X555.31471 Y57.98709 F8000
G0 Z0
G1 X555.43581 Y57.75462 F8000
G1 Z1 F8000
G1 X555.43581 Y57.75462 F8000
G1 X538.64621 Y40.96506 F8000
G0 Z0
G1 X540.26665 Y42.23196 F8000
G1 Z1 F8000
G1 X540.26665 Y42.23196 F8000
G1 X541.02156 Y42.98684 F8000
G0 Z0
G1 X542.21856 Y44.18385 F8000
G1 Z1 F8000
G1 X542.21856 Y44.18385 F8000
G1 X555.55077 Y57.51605 F8000
G0 Z0
G1 X555.6589 Y57.27065 F8000
G1 Z1 F8000
G1 X555.6589 Y57.27065 F8000
G1 X542.49016 Y44.10191 F8000
G0 Z0
G1 X542.75159 Y44.00975 F8000
G1 Z1 F8000
G1 X542.75159 Y44.00975 F8000
G1 X555.76384 Y57.02202 F8000
G0 Z0
G1 X555.85837 Y56.76299 F8000
G1 Z1 F8000
G1 X555.85837 Y56.76299 F8000
G1 X543.01411 Y43.91873 F8000
G0 Z0
G1 X543.27796 Y43.82904 F8000
G1 Z1 F8000
G1 X543.27796 Y43.82904 F8000
G1 X555.95219 Y56.50328 F8000
G0 Z0
G1 X556.03276 Y56.23028 F8000
G1 Z1 F8000
G1 X556.03276 Y56.23028 F8000
G1 X543.54939 Y43.74691 F8000
G0 Z0
G1 X543.8249 Y43.66889 F8000
G1 Z1 F8000
G1 X543.8249 Y43.66889 F8000
G1 X556.11332 Y55.95728 F8000
G0 Z0
G1 X556.18145 Y55.67188 F8000
G1 Z1 F8000
G1 X556.18145 Y55.67188 F8000
G1 X544.10687 Y43.59727 F8000
G0 Z0
G1 X544.39677 Y43.53361 F8000
G1 Z1 F8000
G1 X544.39677 Y43.53361 F8000
G1 X556.24813 Y55.38499 F8000
G0 Z0
G1 X556.30515 Y55.08847 F8000
G1 Z1 F8000
G1 X556.30515 Y55.08847 F8000
G1 X544.69229 Y43.47558 F8000
G0 Z0
G1 X544.99468 Y43.42441 F8000
G1 Z1 F8000
G1 X544.99468 Y43.42441 F8000
G1 X556.3564 Y54.78616 F8000
G0 Z0
G1 X556.39754 Y54.47374 F8000
G1 Z1 F8000
G1 X556.39754 Y54.47374 F8000
G1 X545.30774 Y43.38393 F8000
G0 Z0
G1 X545.62862 Y43.35128 F8000
G1 Z1 F8000
G1 X545.62862 Y43.35128 F8000
G1 X556.42887 Y54.15153 F8000
G0 Z0
G1 X556.45196 Y53.82106 F8000
G1 Z1 F8000
G1 X556.45196 Y53.82106 F8000
G1 X545.95832 Y43.32742 F8000
G0 Z0
G1 X546.29799 Y43.31353 F8000
G1 Z1 F8000
G1 X546.29799 Y43.31353 F8000
G1 X556.46485 Y53.48038 F8000
G0 Z0
G1 X556.46257 Y53.12457 F8000
G1 Z1 F8000
G1 X556.46257 Y53.12457 F8000
G1 X546.65148 Y43.31347 F8000
G0 Z0
G1 X547.01829 Y43.32673 F8000
G1 Z1 F8000
G1 X547.01829 Y43.32673 F8000
G1 X556.44792 Y52.75635 F8000
G0 Z0
G1 X556.41879 Y52.37366 F8000
G1 Z1 F8000
G1 X556.41879 Y52.37366 F8000
G1 X547.39988 Y43.35475 F8000
G0 Z0
G1 X547.79863 Y43.39994 F8000
G1 Z1 F8000
G1 X547.79863 Y43.39994 F8000
G1 X556.37264 Y51.97398 F8000
G0 Z0
G1 X556.30621 Y51.55395 F8000
G1 Z1 F8000
G1 X556.30621 Y51.55395 F8000
G1 X548.21768 Y43.46545 F8000
G0 Z0
G1 X548.66101 Y43.55525 F8000
G1 Z1 F8000
G1 X548.66101 Y43.55525 F8000
G1 X556.21519 Y51.1094 F8000
G0 Z0
G1 X556.09393 Y50.6346 F8000
G1 Z1 F8000
G1 X556.09393 Y50.6346 F8000
G1 X549.13385 Y43.67452 F8000
G0 Z0
G1 X549.64651 Y43.83362 F8000
G1 Z1 F8000
G1 X549.64651 Y43.83362 F8000
G1 X555.93465 Y50.12176 F8000
G0 Z0
G1 X555.72632 Y49.55987 F8000
G1 Z1 F8000
G1 X555.72632 Y49.55987 F8000
G1 X550.21417 Y44.04772 F8000
G0 Z0
G1 X550.85338 Y44.33336 F8000
G1 Z1 F8000
G1 X550.85338 Y44.33336 F8000
G1 X555.43451 Y48.91452 F8000
G0 Z0
G1 X555.00348 Y48.12992 F8000
G1 Z1 F8000
G1 X555.00348 Y48.12992 F8000
G1 X551.637 Y44.76344 F8000
G0 Z0
G1 X552.8961 Y45.66901 F8000
G1 Z1 F8000
G1 X552.8961 Y45.66901 F8000
G1 X554.10892 Y46.88183 F8000
G0 Z0
G1 X644.78699 Y79.77395 F8000
G1 Z1 F8000
G1 X644.78699 Y79.77395 F8000
G1 X664.45782 Y79.77395 F8000
G0 Z0
G1 X664.45782 Y80.02395 F8000
G1 Z1 F8000
G1 X664.45782 Y80.02395 F8000
G1 X644.78699 Y80.02395 F8000
G0 Z0
G1 X644.78699 Y80.27395 F8000
G1 Z1 F8000
G1 X644.78699 Y80.27395 F8000
G1 X664.45782 Y80.27395 F8000
G0 Z0
G1 X664.45782 Y80.52395 F8000
G1 Z1 F8000
G1 X664.45782 Y80.52395 F8000
G1 X644.78699 Y80.52395 F8000
G0 Z0
G1 X644.78699 Y80.77395 F8000
G1 Z1 F8000
G1 X644.78699 Y80.77395 F8000
G1 X664.45782 Y80.77395 F8000
G0 Z0
G1 X664.45782 Y81.02395 F8000
G1 Z1 F8000
G1 X664.45782 Y81.02395 F8000
G1 X644.78699 Y81.02395 F8000
G0 Z0
G1 X644.78699 Y81.27395 F8000
G1 Z1 F8000
G1 X644.78699 Y81.27395 F8000
G1 X656.51376 Y81.27395 F8000
G0 Z0
G1 X656.64539 Y81.31602 F8000
G1 Z1 F8000
G1 X656.64539 Y81.31602 F8000
G1 X656.64539 Y98.49757 F8000
G1 X662.48427 Y98.49757 F8000
G1 X662.48427 Y81.31602 F8000
G1 X656.64539 Y81.31602 F8000
G0 Z0
G1 X656.51376 Y81.52395 F8000
G1 Z1 F8000
G1 X656.51376 Y81.52395 F8000
G1 X644.78699 Y81.52395 F8000
G0 Z0
G1 X644.78699 Y81.77395 F8000
G1 Z1 F8000
G1 X644.78699 Y81.77395 F8000
G1 X656.51376 Y81.77395 F8000
G0 Z0
G1 X656.51376 Y82.02395 F8000
G1 Z1 F8000
G1 X656.51376 Y82.02395 F8000
G1 X644.78699 Y82.02395 F8000
G0 Z0
G1 X644.78699 Y82.27395 F8000
G1 Z1 F8000
G1 X644.78699 Y82.27395 F8000
G1 X656.51376 Y82.27395 F8000
G0 Z0
G1 X656.51376 Y82.52395 F8000
G1 Z1 F8000
G1 X656.51376 Y82.52395 F8000
G1 X644.78699 Y82.52395 F8000
G0 Z0
G1 X644.78699 Y82.77395 F8000
G1 Z1 F8000
G1 X644.78699 Y82.77395 F8000
G1 X656.51376 Y82.77395 F8000
G0 Z0
G1 X656.51376 Y83.02395 F8000
G1 Z1 F8000
G1 X656.51376 Y83.02395 F8000
G1 X644.78699 Y83.02395 F8000
G0 Z0
G1 X644.78699 Y83.27395 F8000
G1 Z1 F8000
G1 X644.78699 Y83.27395 F8000
G1 X656.51376 Y83.27395 F8000
G0 Z0
G1 X656.51376 Y83.52395 F8000
G1 Z1 F8000
G1 X656.51376 Y83.52395 F8000
G1 X644.78699 Y83.52395 F8000
G0 Z0
G1 X644.78699 Y83.77395 F8000
G1 Z1 F8000
G1 X644.78699 Y83.77395 F8000
G1 X656.51376 Y83.77395 F8000
G0 Z0
G1 X656.51376 Y84.02395 F8000
G1 Z1 F8000
G1 X656.51376 Y84.02395 F8000
G1 X644.78698 Y84.02395 F8000
G0 Z0
G1 X644.78698 Y84.27395 F8000
G1 Z1 F8000
G1 X644.78698 Y84.27395 F8000
G1 X656.51376 Y84.27395 F8000
G0 Z0
G1 X656.51376 Y84.52395 F8000
G1 Z1 F8000
G1 X656.51376 Y84.52395 F8000
G1 X644.78698 Y84.52395 F8000
G0 Z0
G1 X644.78698 Y84.77396 F8000
G1 Z1 F8000
G1 X644.78698 Y84.77396 F8000
G1 X656.51376 Y84.77396 F8000
G0 Z0
G1 X656.51376 Y85.02396 F8000
G1 Z1 F8000
G1 X656.51376 Y85.02396 F8000
G1 X644.78698 Y85.02396 F8000
G0 Z0
G1 X644.78698 Y85.27396 F8000
G1 Z1 F8000
G1 X644.78698 Y85.27396 F8000
G1 X656.51376 Y85.27396 F8000
G0 Z0
G1 X656.51376 Y85.52396 F8000
G1 Z1 F8000
G1 X656.51376 Y85.52396 F8000
G1 X644.78698 Y85.52396 F8000
G0 Z0
G1 X644.78698 Y85.77396 F8000
G1 Z1 F8000
G1 X644.78698 Y85.77396 F8000
G1 X656.51376 Y85.77396 F8000
G0 Z0
G1 X656.51376 Y86.02396 F8000
G1 Z1 F8000
G1 X656.51376 Y86.02396 F8000
G1 X644.78698 Y86.02396 F8000
G0 Z0
G1 X644.78698 Y86.27396 F8000
G1 Z1 F8000
G1 X644.78698 Y86.27396 F8000
G1 X656.51376 Y86.27396 F8000
G0 Z0
G1 X656.51376 Y86.52396 F8000
G1 Z1 F8000
G1 X656.51376 Y86.52396 F8000
G1 X644.78698 Y86.52396 F8000
G0 Z0
G1 X644.78698 Y86.77396 F8000
G1 Z1 F8000
G1 X644.78698 Y86.77396 F8000
G1 X656.51376 Y86.77396 F8000
G0 Z0
G1 X656.51376 Y87.02396 F8000
G1 Z1 F8000
G1 X656.51376 Y87.02396 F8000
G1 X644.78698 Y87.02396 F8000
G0 Z0
G1 X644.78698 Y87.27396 F8000
G1 Z1 F8000
G1 X644.78698 Y87.27396 F8000
G1 X656.51376 Y87.27396 F8000
G0 Z0
G1 X656.51376 Y87.52396 F8000
G1 Z1 F8000
G1 X656.51376 Y87.52396 F8000
G1 X644.78698 Y87.52396 F8000
G0 Z0
G1 X644.78698 Y87.77396 F8000
G1 Z1 F8000
G1 X644.78698 Y87.77396 F8000
G1 X656.51376 Y87.77396 F8000
G0 Z0
G1 X656.51376 Y88.02396 F8000
G1 Z1 F8000
G1 X656.51376 Y88.02396 F8000
G1 X644.78698 Y88.02396 F8000
G0 Z0
G1 X644.78698 Y88.27396 F8000
G1 Z1 F8000
G1 X644.78698 Y88.27396 F8000
G1 X656.51376 Y88.27396 F8000
G0 Z0
G1 X656.51376 Y88.52396 F8000
G1 Z1 F8000
G1 X656.51376 Y88.52396 F8000
G1 X644.78697 Y88.52396 F8000
G0 Z0
G1 X644.78697 Y88.77396 F8000
G1 Z1 F8000
G1 X644.78697 Y88.77396 F8000
G1 X656.51376 Y88.77396 F8000
G0 Z0
G1 X656.51376 Y89.02396 F8000
G1 Z1 F8000
G1 X656.51376 Y89.02396 F8000
G1 X644.78697 Y89.02396 F8000
G0 Z0
G1 X644.78697 Y89.27396 F8000
G1 Z1 F8000
G1 X644.78697 Y89.27396 F8000
G1 X656.51376 Y89.27396 F8000
G0 Z0
G1 X656.51376 Y89.52396 F8000
G1 Z1 F8000
G1 X656.51376 Y89.52396 F8000
G1 X644.78697 Y89.52396 F8000
G0 Z0
G1 X644.78697 Y89.77396 F8000
G1 Z1 F8000
G1 X644.78697 Y89.77396 F8000
G1 X656.51376 Y89.77396 F8000
G0 Z0
G1 X656.51376 Y90.02396 F8000
G1 Z1 F8000
G1 X656.51376 Y90.02396 F8000
G1 X644.78697 Y90.02396 F8000
G0 Z0
G1 X644.78697 Y90.27396 F8000
G1 Z1 F8000
G1 X644.78697 Y90.27396 F8000
G1 X656.51376 Y90.27396 F8000
G0 Z0
G1 X656.51376 Y90.52396 F8000
G1 Z1 F8000
G1 X656.51376 Y90.52396 F8000
G1 X644.78697 Y90.52396 F8000
G0 Z0
G1 X644.78697 Y90.77396 F8000
G1 Z1 F8000
G1 X644.78697 Y90.77396 F8000
G1 X656.51376 Y90.77396 F8000
G0 Z0
G1 X656.51376 Y91.02396 F8000
G1 Z1 F8000
G1 X656.51376 Y91.02396 F8000
G1 X644.78697 Y91.02396 F8000
G0 Z0
G1 X644.78697 Y91.27396 F8000
G1 Z1 F8000
G1 X644.78697 Y91.27396 F8000
G1 X656.51376 Y91.27396 F8000
G0 Z0
G1 X656.51376 Y91.52396 F8000
G1 Z1 F8000
G1 X656.51376 Y91.52396 F8000
G1 X644.78697 Y91.52396 F8000
G1 X644.78699 Y79.60425 F8000
G1 X664.45782 Y79.60425 F8000
G1 X664.48292 Y82.53701 F8000
G1 X664.54926 Y83.06147 F8000
G1 X664.68135 Y83.41076 F8000
G1 X664.90151 Y83.62032 F8000
G1 X665.23209 Y83.72556 F8000
G1 X666.97957 Y83.76538 F8000
G1 X667.33951 Y84.29256 F8000
G1 X667.89798 Y84.77058 F8000
G1 X668.0155 Y84.95848 F8000
G1 X668.00991 Y86.14564 F8000
G1 X667.42536 Y86.6773 F8000
G1 X667.07133 Y87.2487 F8000
G1 X665.1009 Y87.35431 F8000
G1 X664.5051 Y87.83586 F8000
G1 X664.46376 Y90.91164 F8000
G1 X664.52668 Y92.28035 F8000
G1 X664.62771 Y92.59479 F8000
G1 X664.7908 Y92.80749 F8000
G1 X665.22353 Y93.01204 F8000
G1 X667.0064 Y93.03336 F8000
G1 X667.24928 Y93.46115 F8000
G1 X667.91603 Y94.13695 F8000
G1 X668.02396 Y94.34579 F8000
G1 X668.04845 Y95.09505 F8000
G1 X667.98055 Y95.42452 F8000
G1 X667.35582 Y96.06298 F8000
G1 X667.10383 Y96.43729 F8000
G1 X666.80623 Y96.52131 F8000
G1 X665.28502 Y96.60817 F8000
G1 X664.96286 Y96.71795 F8000
G1 X664.72361 Y96.90149 F8000
G1 X664.51409 Y97.55854 F8000
G1 X664.45875 Y99.03285 F8000
G1 X664.49373 Y101.15434 F8000
G1 X664.66481 Y101.93992 F8000
G1 X664.87187 Y102.15867 F8000
G1 X665.28502 Y102.32022 F8000
G1 X666.80623 Y102.40709 F8000
G1 X667.10383 Y102.49111 F8000
G1 X668.00973 Y103.57083 F8000
G1 X668.04741 Y104.38762 F8000
G1 X667.96446 Y104.72628 F8000
G1 X667.32182 Y105.37552 F8000
G1 X667.06154 Y105.76037 F8000
G1 X666.76631 Y105.88079 F8000
G1 X656.8765 Y106.14137 F8000
G1 X656.54021 Y106.19697 F8000
G1 X656.47217 Y106.66736 F8000
G1 X656.41927 Y119.32418 F8000
G1 X664.43137 Y119.32418 F8000
G1 X664.57116 Y120.31748 F8000
G1 X664.94886 Y120.7703 F8000
G1 X665.45309 Y120.92192 F8000
G1 X667.05966 Y120.93189 F8000
G1 X667.28342 Y121.3794 F8000
G1 X667.91981 Y121.95165 F8000
G1 X668.02171 Y122.14862 F8000
G1 X667.9864 Y123.34275 F8000
G1 X667.51635 Y123.71313 F8000
G1 X666.97486 Y124.43101 F8000
G1 X665.58298 Y124.43851 F8000
G1 X665.0007 Y124.53363 F8000
G1 X664.66287 Y124.83425 F8000
G1 X664.51821 Y125.3586 F8000
G1 X664.5051 Y129.64828 F8000
G1 X665.17335 Y130.15245 F8000
G1 X666.97486 Y130.19986 F8000
G1 X667.51635 Y130.91775 F8000
G1 X667.98648 Y131.28813 F8000
G1 X668.04799 Y131.73205 F8000
G1 X667.99925 Y132.55867 F8000
G1 X667.35045 Y133.16738 F8000
G1 X667.05966 Y133.699 F8000
G1 X665.17678 Y133.74574 F8000
G1 X664.5051 Y134.25058 F8000
G1 X664.46959 Y137.42447 F8000
G1 X664.5413 Y138.79712 F8000
G1 X664.72525 Y139.17142 F8000
G1 X665.14423 Y139.39471 F8000
G1 X666.97957 Y139.46784 F8000
G1 X667.41792 Y140.08316 F8000
G1 X667.98847 Y140.58513 F8000
G1 X668.04696 Y141.39525 F8000
G1 X667.97551 Y141.88247 F8000
G1 X667.39986 Y142.3832 F8000
G1 X667.07842 Y142.95098 F8000
G1 X665.17922 Y143.03893 F8000
G1 X664.92335 Y143.13828 F8000
G1 X664.62833 Y143.43185 F8000
G1 X664.50549 Y143.97823 F8000
G1 X664.44121 Y146.56069 F8000
G1 X644.78699 Y146.56069 F8000
G1 X644.78699 Y123.20347 F8000
G1 X653.53484 Y123.15426 F8000
G1 X653.58299 Y103.43615 F8000
G1 X644.78697 Y103.43615 F8000
G1 X644.78697 Y91.52016 F8000
G0 Z0
G1 X644.78697 Y91.77396 F8000
G1 Z1 F8000
G1 X644.78697 Y91.77396 F8000
G1 X656.51376 Y91.77396 F8000
G0 Z0
G1 X656.51376 Y92.02396 F8000
G1 Z1 F8000
G1 X656.51376 Y92.02396 F8000
G1 X644.78697 Y92.02396 F8000
G0 Z0
G1 X644.78697 Y92.27396 F8000
G1 Z1 F8000
G1 X644.78697 Y92.27396 F8000
G1 X656.51376 Y92.27396 F8000
G0 Z0
G1 X656.51376 Y92.52396 F8000
G1 Z1 F8000
G1 X656.51376 Y92.52396 F8000
G1 X644.78697 Y92.52396 F8000
G0 Z0
G1 X644.78697 Y92.77396 F8000
G1 Z1 F8000
G1 X644.78697 Y92.77396 F8000
G1 X656.51376 Y92.77396 F8000
G0 Z0
G1 X656.51376 Y93.02396 F8000
G1 Z1 F8000
G1 X656.51376 Y93.02396 F8000
G1 X644.78697 Y93.02396 F8000
G0 Z0
G1 X644.78697 Y93.27396 F8000
G1 Z1 F8000
G1 X644.78697 Y93.27396 F8000
G1 X656.51376 Y93.27396 F8000
G0 Z0
G1 X656.51376 Y93.52396 F8000
G1 Z1 F8000
G1 X656.51376 Y93.52396 F8000
G1 X644.78697 Y93.52396 F8000
G0 Z0
G1 X644.78697 Y93.77396 F8000
G1 Z1 F8000
G1 X644.78697 Y93.77396 F8000
G1 X656.51376 Y93.77396 F8000
G0 Z0
G1 X656.51376 Y94.02396 F8000
G1 Z1 F8000
G1 X656.51376 Y94.02396 F8000
G1 X644.78697 Y94.02396 F8000
G0 Z0
G1 X644.78697 Y94.27396 F8000
G1 Z1 F8000
G1 X644.78697 Y94.27396 F8000
G1 X656.51376 Y94.27396 F8000
G0 Z0
G1 X656.51376 Y94.52396 F8000
G1 Z1 F8000
G1 X656.51376 Y94.52396 F8000
G1 X644.78697 Y94.52396 F8000
G0 Z0
G1 X644.78697 Y94.77396 F8000
G1 Z1 F8000
G1 X644.78697 Y94.77396 F8000
G1 X656.51376 Y94.77396 F8000
G0 Z0
G1 X656.51376 Y95.02396 F8000
G1 Z1 F8000
G1 X656.51376 Y95.02396 F8000
G1 X644.78697 Y95.02396 F8000
G0 Z0
G1 X644.78697 Y95.27396 F8000
G1 Z1 F8000
G1 X644.78697 Y95.27396 F8000
G1 X656.51376 Y95.27396 F8000
G0 Z0
G1 X656.51376 Y95.52396 F8000
G1 Z1 F8000
G1 X656.51376 Y95.52396 F8000
G1 X644.78697 Y95.52396 F8000
G0 Z0
G1 X644.78697 Y95.77396 F8000
G1 Z1 F8000
G1 X644.78697 Y95.77396 F8000
G1 X656.51376 Y95.77396 F8000
G0 Z0
G1 X656.51376 Y96.02396 F8000
G1 Z1 F8000
G1 X656.51376 Y96.02396 F8000
G1 X644.78697 Y96.02396 F8000
G0 Z0
G1 X644.78697 Y96.27396 F8000
G1 Z1 F8000
G1 X644.78697 Y96.27396 F8000
G1 X656.51376 Y96.27396 F8000
G0 Z0
G1 X656.51376 Y96.52396 F8000
G1 Z1 F8000
G1 X656.51376 Y96.52396 F8000
G1 X644.78697 Y96.52396 F8000
G0 Z0
G1 X644.78697 Y96.77396 F8000
G1 Z1 F8000
G1 X644.78697 Y96.77396 F8000
G1 X656.51376 Y96.77396 F8000
G0 Z0
G1 X656.51376 Y97.02396 F8000
G1 Z1 F8000
G1 X656.51376 Y97.02396 F8000
G1 X644.78697 Y97.02396 F8000
G0 Z0
G1 X644.78697 Y97.27396 F8000
G1 Z1 F8000
G1 X644.78697 Y97.27396 F8000
G1 X656.51376 Y97.27396 F8000
G0 Z0
G1 X656.51376 Y97.52396 F8000
G1 Z1 F8000
G1 X656.51376 Y97.52396 F8000
G1 X644.78697 Y97.52396 F8000
G0 Z0
G1 X644.78697 Y97.77396 F8000
G1 Z1 F8000
G1 X644.78697 Y97.77396 F8000
G1 X656.51376 Y97.77396 F8000
G0 Z0
G1 X656.51376 Y98.02396 F8000
G1 Z1 F8000
G1 X656.51376 Y98.02396 F8000
G1 X644.78697 Y98.02396 F8000
G0 Z0
G1 X644.78697 Y98.27396 F8000
G1 Z1 F8000
G1 X644.78697 Y98.27396 F8000
G1 X656.51376 Y98.27396 F8000
G0 Z0
G1 X656.51376 Y98.52396 F8000
G1 Z1 F8000
G1 X656.51376 Y98.52396 F8000
G1 X644.78697 Y98.52396 F8000
G0 Z0
G1 X644.78697 Y98.77396 F8000
G1 Z1 F8000
G1 X644.78697 Y98.77396 F8000
G1 X664.46111 Y98.77396 F8000
G0 Z0
G1 X664.45992 Y99.02396 F8000
G1 Z1 F8000
G1 X664.45992 Y99.02396 F8000
G1 X644.78697 Y99.02396 F8000
G0 Z0
G1 X644.78697 Y99.27396 F8000
G1 Z1 F8000
G1 X644.78697 Y99.27396 F8000
G1 X664.45873 Y99.27396 F8000
G0 Z0
G1 X664.45811 Y99.52396 F8000
G1 Z1 F8000
G1 X664.45811 Y99.52396 F8000
G1 X644.78697 Y99.52396 F8000
G0 Z0
G1 X644.78697 Y99.77396 F8000
G1 Z1 F8000
G1 X644.78697 Y99.77396 F8000
G1 X664.4593 Y99.77396 F8000
G0 Z0
G1 X664.46049 Y100.02396 F8000
G1 Z1 F8000
G1 X664.46049 Y100.02396 F8000
G1 X644.78697 Y100.02396 F8000
G0 Z0
G1 X644.78697 Y100.27396 F8000
G1 Z1 F8000
G1 X644.78697 Y100.27396 F8000
G1 X664.46249 Y100.27396 F8000
G0 Z0
G1 X664.46843 Y100.52396 F8000
G1 Z1 F8000
G1 X664.46843 Y100.52396 F8000
G1 X644.78697 Y100.52396 F8000
G0 Z0
G1 X644.78697 Y100.77396 F8000
G1 Z1 F8000
G1 X644.78697 Y100.77396 F8000
G1 X664.47437 Y100.77396 F8000
G0 Z0
G1 X664.48821 Y101.02396 F8000
G1 Z1 F8000
G1 X664.48821 Y101.02396 F8000
G1 X644.78697 Y101.02396 F8000
G0 Z0
G1 X644.78697 Y101.27396 F8000
G1 Z1 F8000
G1 X644.78697 Y101.27396 F8000
G1 X664.50453 Y101.27396 F8000
G0 Z0
G1 X664.54019 Y101.52396 F8000
G1 Z1 F8000
G1 X664.54019 Y101.52396 F8000
G1 X644.78697 Y101.52396 F8000
G0 Z0
G1 X644.78697 Y101.77396 F8000
G1 Z1 F8000
G1 X644.78697 Y101.77396 F8000
G1 X664.59436 Y101.77396 F8000
G0 Z0
G1 X664.72327 Y102.02396 F8000
G1 Z1 F8000
G1 X664.72327 Y102.02396 F8000
G1 X644.78697 Y102.02396 F8000
G0 Z0
G1 X644.78697 Y102.27396 F8000
G1 Z1 F8000
G1 X644.78697 Y102.27396 F8000
G1 X665.12202 Y102.27396 F8000
G0 Z0
G1 X667.12755 Y102.52396 F8000
G1 Z1 F8000
G1 X667.12755 Y102.52396 F8000
G1 X644.78697 Y102.52396 F8000
G0 Z0
G1 X644.78697 Y102.77396 F8000
G1 Z1 F8000
G1 X644.78697 Y102.77396 F8000
G1 X667.27968 Y102.77396 F8000
G0 Z0
G1 X667.51101 Y103.02396 F8000
G1 Z1 F8000
G1 X667.51101 Y103.02396 F8000
G1 X644.78697 Y103.02396 F8000
G0 Z0
G1 X644.78697 Y103.27397 F8000
G1 Z1 F8000
G1 X644.78697 Y103.27397 F8000
G1 X667.77899 Y103.27397 F8000
G0 Z0
G1 X667.98916 Y103.52397 F8000
G1 Z1 F8000
G1 X667.98916 Y103.52397 F8000
G1 X653.58278 Y103.52397 F8000
G0 Z0
G1 X653.58217 Y103.77397 F8000
G1 Z1 F8000
G1 X653.58217 Y103.77397 F8000
G1 X668.0444 Y103.77397 F8000
G0 Z0
G1 X668.04985 Y104.02397 F8000
G1 Z1 F8000
G1 X668.04985 Y104.02397 F8000
G1 X653.58156 Y104.02397 F8000
G0 Z0
G1 X653.58095 Y104.27397 F8000
G1 Z1 F8000
G1 X653.58095 Y104.27397 F8000
G1 X668.04773 Y104.27397 F8000
G0 Z0
G1 X668.03346 Y104.52397 F8000
G1 Z1 F8000
G1 X668.03346 Y104.52397 F8000
G1 X653.58034 Y104.52397 F8000
G0 Z0
G1 X653.57973 Y104.77397 F8000
G1 Z1 F8000
G1 X653.57973 Y104.77397 F8000
G1 X667.92786 Y104.77397 F8000
G0 Z0
G1 X668.22271 Y103.33574 F8000
G1 Z1 F8000
G1 X668.22271 Y103.33574 F8000
G1 X668.22271 Y104.87139 F8000
G1 X668.22271 Y103.33574 F8000
G0 Z0
G1 X668.22271 Y104.67157 F8000
G1 Z1 F8000
G1 X668.22271 Y104.67157 F8000
G1 X673.44062 Y103.3671 F8000
G0 Z0
G1 X672.90978 Y103.91235 F8000
G1 Z1 F8000
G1 X672.90978 Y103.91235 F8000
G1 X672.90978 Y100.55058 F8000
G0 Z0
G1 X672.65705 Y99.97463 F8000
G1 Z1 F8000
G1 X672.65705 Y99.97463 F8000
G1 X670.39624 Y99.97043 F8000
G1 X669.95534 Y99.70391 F8000
G1 X669.79386 Y99.43679 F8000
G1 X669.73759 Y99.12976 F8000
G1 X669.73759 Y94.47421 F8000
G1 X669.83678 Y94.07183 F8000
G1 X670.11158 Y93.76163 F8000
G1 X670.49908 Y93.61468 F8000
G1 X672.65705 Y93.62934 F8000
G0 Z0
G1 X673.24207 Y100.93989 F8000
G1 Z1 F8000
G1 X673.24207 Y100.93989 F8000
G1 X673.66316 Y101.22926 F8000
G1 X674.14478 Y101.39981 F8000
G1 X674.65413 Y101.4399 F8000
G1 X675.15649 Y101.34679 F8000
G1 X675.61764 Y101.12684 F8000
G1 X676.00615 Y100.79503 F8000
G1 X676.29553 Y100.37397 F8000
G1 X676.46608 Y99.89235 F8000
G1 X676.46608 Y93.71162 F8000
G1 X676.29553 Y93.23 F8000
G1 X675.93561 Y92.73462 F8000
G1 X675.53027 Y92.42358 F8000
G1 X674.95861 Y92.20416 F8000
G1 X674.24551 Y92.18548 F8000
G1 X673.48573 Y92.47713 F8000
G1 X672.91026 Y93.0526 F8000
G1 X672.63729 Y93.71162 F8000
G1 X672.60525 Y99.68999 F8000
G1 X672.80784 Y100.37397 F8000
G1 X673.24207 Y100.93989 F8000
G0 Z0
G1 X672.02626 Y93.60838 F8000
G1 Z1 F8000
G1 X672.02626 Y93.60838 F8000
G1 X672.17205 Y93.33891 F8000
G1 X672.19451 Y93.02503 F8000
G1 X671.94657 Y92.57095 F8000
G1 X671.56718 Y92.3977 F8000
G1 X670.44487 Y92.39746 F8000
G0 Z0
G1 X669.99056 Y93.61809 F8000
G1 Z1 F8000
G1 X669.99056 Y93.61809 F8000
G1 X670.1374 Y93.74605 F8000
G0 Z0
G1 X669.39789 Y91.85271 F8000
G1 Z1 F8000
G1 X669.39789 Y91.85271 F8000
G1 X669.1605 Y91.66671 F8000
G1 X668.87256 Y91.57699 F8000
G1 X668.57151 Y91.59519 F8000
G1 X668.21697 Y91.78128 F8000
G1 X668.03097 Y92.01869 F8000
G1 X667.94125 Y92.30663 F8000
G1 X667.95945 Y92.60768 F8000
G1 X668.14554 Y92.96222 F8000
G1 X668.38295 Y93.14822 F8000
G1 X668.67089 Y93.23794 F8000
G1 X669.06838 Y93.18968 F8000
G1 X669.32648 Y93.03366 F8000
G1 X669.51245 Y92.79625 F8000
G1 X669.6022 Y92.5083 F8000
G1 X669.58397 Y92.20726 F8000
G1 X669.39789 Y91.85271 F8000
G0 Z0
G1 X667.79847 Y94.02396 F8000
G1 Z1 F8000
G1 X667.79847 Y94.02396 F8000
G1 X662.64922 Y94.02396 F8000
G0 Z0
G1 X662.64991 Y94.27396 F8000
G1 Z1 F8000
G1 X662.64991 Y94.27396 F8000
G1 X668.00093 Y94.27396 F8000
G0 Z0
G1 X668.04487 Y94.52396 F8000
G1 Z1 F8000
G1 X668.04487 Y94.52396 F8000
G1 X662.6506 Y94.52396 F8000
G0 Z0
G1 X662.65129 Y94.77396 F8000
G1 Z1 F8000
G1 X662.65129 Y94.77396 F8000
G1 X668.05036 Y94.77396 F8000
G0 Z0
G1 X668.04725 Y95.02396 F8000
G1 Z1 F8000
G1 X668.04725 Y95.02396 F8000
G1 X662.65198 Y95.02396 F8000
G0 Z0
G1 X662.65267 Y95.27396 F8000
G1 Z1 F8000
G1 X662.65267 Y95.27396 F8000
G1 X668.03017 Y95.27396 F8000
G0 Z0
G1 X667.90918 Y95.52396 F8000
G1 Z1 F8000
G1 X667.90918 Y95.52396 F8000
G1 X662.65336 Y95.52396 F8000
G0 Z0
G1 X662.65405 Y95.77396 F8000
G1 Z1 F8000
G1 X662.65405 Y95.77396 F8000
G1 X667.64971 Y95.77396 F8000
G0 Z0
G1 X667.39411 Y96.02396 F8000
G1 Z1 F8000
G1 X667.39411 Y96.02396 F8000
G1 X662.65474 Y96.02396 F8000
G0 Z0
G1 X662.65543 Y96.27396 F8000
G1 Z1 F8000
G1 X662.65543 Y96.27396 F8000
G1 X667.19229 Y96.27396 F8000
G0 Z0
G1 X667.15192 Y96.75076 F8000
G1 Z1 F8000
G1 X667.15192 Y96.75076 F8000
G1 X665.18794 Y96.76188 F8000
G1 X664.77379 Y97.07191 F8000
G1 X664.65629 Y97.4721 F8000
G1 X664.65629 Y101.45199 F8000
G1 X664.72317 Y101.75949 F8000
G1 X664.9963 Y102.07468 F8000
G1 X665.29113 Y102.18465 F8000
G1 X667.15192 Y102.17332 F8000
G0 Z0
G1 X668.47507 Y100.90832 F8000
G1 Z1 F8000
G1 X668.47507 Y100.90832 F8000
G1 X668.14554 Y101.13576 F8000
G1 X667.98951 Y101.39386 F8000
G1 X667.93516 Y101.69051 F8000
G1 X667.98951 Y101.98716 F8000
G1 X668.14554 Y102.24526 F8000
G1 X668.38295 Y102.43126 F8000
G1 X668.67089 Y102.52098 F8000
G1 X669.06838 Y102.47272 F8000
G1 X669.32648 Y102.3167 F8000
G1 X669.51245 Y102.07929 F8000
G1 X669.6022 Y101.79134 F8000
G1 X669.55391 Y101.39386 F8000
G1 X669.39789 Y101.13576 F8000
G1 X669.1605 Y100.94978 F8000
G1 X668.77172 Y100.85395 F8000
G1 X668.47507 Y100.90832 F8000
G0 Z0
G1 X669.99056 Y102.90116 F8000
G1 Z1 F8000
G1 X669.99056 Y102.90116 F8000
G1 X670.44159 Y103.14606 F8000
G1 X671.56718 Y103.14606 F8000
G1 X671.94657 Y102.97281 F8000
G1 X672.17205 Y102.62195 F8000
G1 X672.13514 Y102.10593 F8000
G1 X671.76932 Y101.74012 F8000
G1 X671.46185 Y101.67323 F8000
G1 X670.44487 Y101.68053 F8000
G0 Z0
G1 X670.44487 Y99.97934 F8000
G1 Z1 F8000
G1 X670.44487 Y99.97934 F8000
G1 X670.41746 Y102.05762 F8000
G1 X670.25321 Y102.53358 F8000
G1 X669.95481 Y102.93913 F8000
G1 X669.36503 Y103.32045 F8000
G1 X668.77172 Y103.42917 F8000
G1 X668.17842 Y103.32045 F8000
G1 X667.58864 Y102.93913 F8000
G1 X667.246 Y102.44272 F8000
G1 X667.10165 Y101.85707 F8000
G1 X667.0986 Y97.16804 F8000
G1 X667.17436 Y96.67028 F8000
G1 X667.58864 Y95.98495 F8000
G1 X668.27396 Y95.57067 F8000
G1 X669.07332 Y95.5223 F8000
G1 X669.73759 Y95.80242 F8000
G0 Z0
G1 X669.73759 Y95.49526 F8000
G1 Z1 F8000
G1 X669.73759 Y95.49526 F8000
G1 X669.45028 Y95.63893 F8000
G0 Z0
G1 X668.22271 Y94.05267 F8000
G1 Z1 F8000
G1 X668.22271 Y94.05267 F8000
G1 X668.22271 Y95.58834 F8000
G1 X668.22271 Y94.05267 F8000
G0 Z0
G1 X666.73078 Y96.52396 F8000
G1 Z1 F8000
G1 X666.73078 Y96.52396 F8000
G1 X662.65612 Y96.52396 F8000
G0 Z0
G1 X662.65681 Y96.77396 F8000
G1 Z1 F8000
G1 X662.65681 Y96.77396 F8000
G1 X664.8672 Y96.77396 F8000
G0 Z0
G1 X664.64778 Y97.02396 F8000
G1 Z1 F8000
G1 X664.64778 Y97.02396 F8000
G1 X662.6575 Y97.02396 F8000
G0 Z0
G1 X662.65819 Y97.27396 F8000
G1 Z1 F8000
G1 X662.65819 Y97.27396 F8000
G1 X664.56207 Y97.27396 F8000
G0 Z0
G1 X664.52237 Y97.52396 F8000
G1 Z1 F8000
G1 X664.52237 Y97.52396 F8000
G1 X662.65888 Y97.52396 F8000
G0 Z0
G1 X662.65957 Y97.77396 F8000
G1 Z1 F8000
G1 X662.65957 Y97.77396 F8000
G1 X664.49673 Y97.77396 F8000
G0 Z0
G1 X664.48041 Y98.02396 F8000
G1 Z1 F8000
G1 X664.48041 Y98.02396 F8000
G1 X662.66026 Y98.02396 F8000
G0 Z0
G1 X662.66095 Y98.27396 F8000
G1 Z1 F8000
G1 X662.66095 Y98.27396 F8000
G1 X664.47153 Y98.27396 F8000
G0 Z0
G1 X664.46559 Y98.52396 F8000
G1 Z1 F8000
G1 X664.46559 Y98.52396 F8000
G1 X662.66164 Y98.52396 F8000
G0 Z0
G1 X662.64853 Y93.77396 F8000
G1 Z1 F8000
G1 X662.64853 Y93.77396 F8000
G1 X667.52723 Y93.77396 F8000
G0 Z0
G1 X667.30126 Y93.52396 F8000
G1 Z1 F8000
G1 X667.30126 Y93.52396 F8000
G1 X662.64784 Y93.52396 F8000
G0 Z0
G1 X662.64715 Y93.27396 F8000
G1 Z1 F8000
G1 X662.64715 Y93.27396 F8000
G1 X667.13083 Y93.27396 F8000
G0 Z0
G1 X667.15192 Y92.89025 F8000
G1 Z1 F8000
G1 X667.15192 Y92.89025 F8000
G1 X665.18794 Y92.87914 F8000
G1 X664.77379 Y92.56913 F8000
G1 X664.65629 Y92.16894 F8000
G1 X664.65629 Y88.18903 F8000
G1 X664.72317 Y87.88155 F8000
G1 X664.9963 Y87.56636 F8000
G1 X665.29113 Y87.45639 F8000
G1 X667.15192 Y87.46772 F8000
G0 Z0
G1 X667.19236 Y87.02396 F8000
G1 Z1 F8000
G1 X667.19236 Y87.02396 F8000
G1 X662.62987 Y87.02396 F8000
G0 Z0
G1 X662.63056 Y87.27396 F8000
G1 Z1 F8000
G1 X662.63056 Y87.27396 F8000
G1 X666.25351 Y87.27396 F8000
G0 Z0
G1 X667.34598 Y86.77396 F8000
G1 Z1 F8000
G1 X667.34598 Y86.77396 F8000
G1 X662.62917 Y86.77396 F8000
G0 Z0
G1 X662.62848 Y86.52396 F8000
G1 Z1 F8000
G1 X662.62848 Y86.52396 F8000
G1 X667.58037 Y86.52396 F8000
G0 Z0
G1 X667.92224 Y86.27396 F8000
G1 Z1 F8000
G1 X667.92224 Y86.27396 F8000
G1 X662.62779 Y86.27396 F8000
G0 Z0
G1 X662.62709 Y86.02396 F8000
G1 Z1 F8000
G1 X662.62709 Y86.02396 F8000
G1 X668.03511 Y86.02396 F8000
G0 Z0
G1 X668.04572 Y85.77396 F8000
G1 Z1 F8000
G1 X668.04572 Y85.77396 F8000
G1 X662.6264 Y85.77396 F8000
G0 Z0
G1 X662.62571 Y85.52396 F8000
G1 Z1 F8000
G1 X662.62571 Y85.52396 F8000
G1 X668.04776 Y85.52396 F8000
G0 Z0
G1 X668.04262 Y85.27396 F8000
G1 Z1 F8000
G1 X668.04262 Y85.27396 F8000
G1 X662.62501 Y85.27396 F8000
G0 Z0
G1 X662.62432 Y85.02396 F8000
G1 Z1 F8000
G1 X662.62432 Y85.02396 F8000
G1 X668.02785 Y85.02396 F8000
G0 Z0
G1 X667.89923 Y84.77396 F8000
G1 Z1 F8000
G1 X667.89923 Y84.77396 F8000
G1 X662.62363 Y84.77396 F8000
G0 Z0
G1 X662.62294 Y84.52395 F8000
G1 Z1 F8000
G1 X662.62294 Y84.52395 F8000
G1 X667.56606 Y84.52395 F8000
G0 Z0
G1 X667.32421 Y84.27395 F8000
G1 Z1 F8000
G1 X667.32421 Y84.27395 F8000
G1 X662.62224 Y84.27395 F8000
G0 Z0
G1 X662.62155 Y84.02395 F8000
G1 Z1 F8000
G1 X662.62155 Y84.02395 F8000
G1 X667.1471 Y84.02395 F8000
G0 Z0
G1 X666.98513 Y83.77395 F8000
G1 Z1 F8000
G1 X666.98513 Y83.77395 F8000
G1 X662.62086 Y83.77395 F8000
G0 Z0
G1 X662.62016 Y83.52395 F8000
G1 Z1 F8000
G1 X662.62016 Y83.52395 F8000
G1 X664.77288 Y83.52395 F8000
G0 Z0
G1 X664.61282 Y83.27395 F8000
G1 Z1 F8000
G1 X664.61282 Y83.27395 F8000
G1 X662.61947 Y83.27395 F8000
G0 Z0
G1 X662.61878 Y83.02395 F8000
G1 Z1 F8000
G1 X662.61878 Y83.02395 F8000
G1 X664.54373 Y83.02395 F8000
G0 Z0
G1 X664.50532 Y82.77395 F8000
G1 Z1 F8000
G1 X664.50532 Y82.77395 F8000
G1 X662.61809 Y82.77395 F8000
G0 Z0
G1 X662.61739 Y82.52395 F8000
G1 Z1 F8000
G1 X662.61739 Y82.52395 F8000
G1 X664.4858 Y82.52395 F8000
G0 Z0
G1 X664.4742 Y82.27395 F8000
G1 Z1 F8000
G1 X664.4742 Y82.27395 F8000
G1 X662.6167 Y82.27395 F8000
G0 Z0
G1 X662.61601 Y82.02395 F8000
G1 Z1 F8000
G1 X662.61601 Y82.02395 F8000
G1 X664.46349 Y82.02395 F8000
G0 Z0
G1 X664.46167 Y81.77395 F8000
G1 Z1 F8000
G1 X664.46167 Y81.77395 F8000
G1 X662.61531 Y81.77395 F8000
G0 Z0
G1 X662.61462 Y81.52395 F8000
G1 Z1 F8000
G1 X662.61462 Y81.52395 F8000
G1 X664.45985 Y81.52395 F8000
G0 Z0
G1 X664.45803 Y81.27395 F8000
G1 Z1 F8000
G1 X664.45803 Y81.27395 F8000
G1 X662.61393 Y81.27395 F8000
G0 Z0
G1 X664.65629 Y79.41499 F8000
G1 Z1 F8000
G1 X664.65629 Y79.41499 F8000
G1 X644.59559 Y79.41499 F8000
G1 X644.59559 Y103.55725 F8000
G0 Z0
G1 X644.47486 Y103.5577 F8000
G1 Z1 F8000
G1 X644.47486 Y103.5577 F8000
G1 X644.47486 Y123.00194 F8000
G0 Z0
G1 X644.59559 Y123.00297 F8000
G1 Z1 F8000
G1 X644.59559 Y123.00297 F8000
G1 X644.59559 Y146.7659 F8000
G1 X664.65629 Y146.7659 F8000
G0 Z0
G1 X664.44198 Y146.52399 F8000
G1 Z1 F8000
G1 X664.44198 Y146.52399 F8000
G1 X644.78699 Y146.52399 F8000
G0 Z0
G1 X644.78699 Y146.27399 F8000
G1 Z1 F8000
G1 X644.78699 Y146.27399 F8000
G1 X664.44727 Y146.27399 F8000
G0 Z0
G1 X664.45256 Y146.02399 F8000
G1 Z1 F8000
G1 X664.45256 Y146.02399 F8000
G1 X644.78699 Y146.02399 F8000
G0 Z0
G1 X644.78699 Y145.77399 F8000
G1 Z1 F8000
G1 X644.78699 Y145.77399 F8000
G1 X664.45785 Y145.77399 F8000
G0 Z0
G1 X664.46313 Y145.52399 F8000
G1 Z1 F8000
G1 X664.46313 Y145.52399 F8000
G1 X644.78699 Y145.52399 F8000
G0 Z0
G1 X644.78699 Y145.27399 F8000
G1 Z1 F8000
G1 X644.78699 Y145.27399 F8000
G1 X664.46842 Y145.27399 F8000
G0 Z0
G1 X664.47383 Y145.02399 F8000
G1 Z1 F8000
G1 X664.47383 Y145.02399 F8000
G1 X644.78699 Y145.02399 F8000
G0 Z0
G1 X644.78699 Y144.77399 F8000
G1 Z1 F8000
G1 X644.78699 Y144.77399 F8000
G1 X664.48029 Y144.77399 F8000
G0 Z0
G1 X664.48675 Y144.52399 F8000
G1 Z1 F8000
G1 X664.48675 Y144.52399 F8000
G1 X644.78699 Y144.52399 F8000
G0 Z0
G1 X644.78699 Y144.27399 F8000
G1 Z1 F8000
G1 X644.78699 Y144.27399 F8000
G1 X656.51394 Y144.27399 F8000
G0 Z0
G1 X656.51394 Y144.02399 F8000
G1 Z1 F8000
G1 X656.51394 Y144.02399 F8000
G1 X644.78699 Y144.02399 F8000
G0 Z0
G1 X644.78699 Y143.77399 F8000
G1 Z1 F8000
G1 X644.78699 Y143.77399 F8000
G1 X656.51394 Y143.77399 F8000
G0 Z0
G1 X656.51394 Y143.52399 F8000
G1 Z1 F8000
G1 X656.51394 Y143.52399 F8000
G1 X644.78699 Y143.52399 F8000
G0 Z0
G1 X644.78699 Y143.27399 F8000
G1 Z1 F8000
G1 X644.78699 Y143.27399 F8000
G1 X656.51394 Y143.27399 F8000
G0 Z0
G1 X656.51394 Y143.02399 F8000
G1 Z1 F8000
G1 X656.51394 Y143.02399 F8000
G1 X644.78699 Y143.02399 F8000
G0 Z0
G1 X644.78699 Y142.77399 F8000
G1 Z1 F8000
G1 X644.78699 Y142.77399 F8000
G1 X656.51394 Y142.77399 F8000
G0 Z0
G1 X656.51394 Y142.52399 F8000
G1 Z1 F8000
G1 X656.51394 Y142.52399 F8000
G1 X644.78699 Y142.52399 F8000
G0 Z0
G1 X644.78699 Y142.27399 F8000
G1 Z1 F8000
G1 X644.78699 Y142.27399 F8000
G1 X656.51394 Y142.27399 F8000
G0 Z0
G1 X656.51394 Y142.02399 F8000
G1 Z1 F8000
G1 X656.51394 Y142.02399 F8000
G1 X644.78699 Y142.02399 F8000
G0 Z0
G1 X644.78699 Y141.77399 F8000
G1 Z1 F8000
G1 X644.78699 Y141.77399 F8000
G1 X656.51394 Y141.77399 F8000
G0 Z0
G1 X656.51394 Y141.52399 F8000
G1 Z1 F8000
G1 X656.51394 Y141.52399 F8000
G1 X644.78699 Y141.52399 F8000
G0 Z0
G1 X644.78699 Y141.27399 F8000
G1 Z1 F8000
G1 X644.78699 Y141.27399 F8000
G1 X656.51394 Y141.27399 F8000
G0 Z0
G1 X656.51394 Y141.02399 F8000
G1 Z1 F8000
G1 X656.51394 Y141.02399 F8000
G1 X644.78699 Y141.02399 F8000
G0 Z0
G1 X644.78699 Y140.77399 F8000
G1 Z1 F8000
G1 X644.78699 Y140.77399 F8000
G1 X656.51394 Y140.77399 F8000
G0 Z0
G1 X656.51394 Y140.52399 F8000
G1 Z1 F8000
G1 X656.51394 Y140.52399 F8000
G1 X644.78699 Y140.52399 F8000
G0 Z0
G1 X644.78699 Y140.27399 F8000
G1 Z1 F8000
G1 X644.78699 Y140.27399 F8000
G1 X656.51394 Y140.27399 F8000
G0 Z0
G1 X656.51394 Y140.02398 F8000
G1 Z1 F8000
G1 X656.51394 Y140.02398 F8000
G1 X644.78699 Y140.02398 F8000
G0 Z0
G1 X644.78699 Y139.77398 F8000
G1 Z1 F8000
G1 X644.78699 Y139.77398 F8000
G1 X656.51394 Y139.77398 F8000
G0 Z0
G1 X656.51394 Y139.52398 F8000
G1 Z1 F8000
G1 X656.51394 Y139.52398 F8000
G1 X644.78699 Y139.52398 F8000
G0 Z0
G1 X644.78699 Y139.27398 F8000
G1 Z1 F8000
G1 X644.78699 Y139.27398 F8000
G1 X656.51394 Y139.27398 F8000
G0 Z0
G1 X656.51394 Y139.02398 F8000
G1 Z1 F8000
G1 X656.51394 Y139.02398 F8000
G1 X644.78699 Y139.02398 F8000
G0 Z0
G1 X644.78699 Y138.77398 F8000
G1 Z1 F8000
G1 X644.78699 Y138.77398 F8000
G1 X656.51394 Y138.77398 F8000
G0 Z0
G1 X656.51394 Y138.52398 F8000
G1 Z1 F8000
G1 X656.51394 Y138.52398 F8000
G1 X644.78699 Y138.52398 F8000
G0 Z0
G1 X644.78699 Y138.27398 F8000
G1 Z1 F8000
G1 X644.78699 Y138.27398 F8000
G1 X656.51394 Y138.27398 F8000
G0 Z0
G1 X656.51394 Y138.02398 F8000
G1 Z1 F8000
G1 X656.51394 Y138.02398 F8000
G1 X644.78699 Y138.02398 F8000
G0 Z0
G1 X644.78699 Y137.77398 F8000
G1 Z1 F8000
G1 X644.78699 Y137.77398 F8000
G1 X656.51394 Y137.77398 F8000
G0 Z0
G1 X656.51394 Y137.52398 F8000
G1 Z1 F8000
G1 X656.51394 Y137.52398 F8000
G1 X644.78699 Y137.52398 F8000
G0 Z0
G1 X644.78699 Y137.27398 F8000
G1 Z1 F8000
G1 X644.78699 Y137.27398 F8000
G1 X656.51394 Y137.27398 F8000
G0 Z0
G1 X656.51394 Y137.02398 F8000
G1 Z1 F8000
G1 X656.51394 Y137.02398 F8000
G1 X644.78699 Y137.02398 F8000
G0 Z0
G1 X644.78699 Y136.77398 F8000
G1 Z1 F8000
G1 X644.78699 Y136.77398 F8000
G1 X656.51394 Y136.77398 F8000
G0 Z0
G1 X656.51394 Y136.52398 F8000
G1 Z1 F8000
G1 X656.51394 Y136.52398 F8000
G1 X644.78699 Y136.52398 F8000
G0 Z0
G1 X644.78699 Y136.27398 F8000
G1 Z1 F8000
G1 X644.78699 Y136.27398 F8000
G1 X656.51394 Y136.27398 F8000
G0 Z0
G1 X656.51394 Y136.02398 F8000
G1 Z1 F8000
G1 X656.51394 Y136.02398 F8000
G1 X644.78699 Y136.02398 F8000
G0 Z0
G1 X644.78699 Y135.77398 F8000
G1 Z1 F8000
G1 X644.78699 Y135.77398 F8000
G1 X656.51394 Y135.77398 F8000
G0 Z0
G1 X656.51394 Y135.52398 F8000
G1 Z1 F8000
G1 X656.51394 Y135.52398 F8000
G1 X644.78699 Y135.52398 F8000
G0 Z0
G1 X644.78699 Y135.27398 F8000
G1 Z1 F8000
G1 X644.78699 Y135.27398 F8000
G1 X656.51394 Y135.27398 F8000
G0 Z0
G1 X656.51394 Y135.02398 F8000
G1 Z1 F8000
G1 X656.51394 Y135.02398 F8000
G1 X644.78699 Y135.02398 F8000
G0 Z0
G1 X644.78699 Y134.77398 F8000
G1 Z1 F8000
G1 X644.78699 Y134.77398 F8000
G1 X656.51394 Y134.77398 F8000
G0 Z0
G1 X656.51394 Y134.52398 F8000
G1 Z1 F8000
G1 X656.51394 Y134.52398 F8000
G1 X644.78699 Y134.52398 F8000
G0 Z0
G1 X644.78699 Y134.27398 F8000
G1 Z1 F8000
G1 X644.78699 Y134.27398 F8000
G1 X656.51394 Y134.27398 F8000
G0 Z0
G1 X656.51394 Y134.02398 F8000
G1 Z1 F8000
G1 X656.51394 Y134.02398 F8000
G1 X644.78699 Y134.02398 F8000
G0 Z0
G1 X644.78699 Y133.77398 F8000
G1 Z1 F8000
G1 X644.78699 Y133.77398 F8000
G1 X656.51394 Y133.77398 F8000
G0 Z0
G1 X656.51394 Y133.52398 F8000
G1 Z1 F8000
G1 X656.51394 Y133.52398 F8000
G1 X644.78699 Y133.52398 F8000
G0 Z0
G1 X644.78699 Y133.27398 F8000
G1 Z1 F8000
G1 X644.78699 Y133.27398 F8000
G1 X656.51394 Y133.27398 F8000
G0 Z0
G1 X656.51394 Y133.02398 F8000
G1 Z1 F8000
G1 X656.51394 Y133.02398 F8000
G1 X644.78699 Y133.02398 F8000
G0 Z0
G1 X644.78699 Y132.77398 F8000
G1 Z1 F8000
G1 X644.78699 Y132.77398 F8000
G1 X656.51394 Y132.77398 F8000
G0 Z0
G1 X656.51394 Y132.52398 F8000
G1 Z1 F8000
G1 X656.51394 Y132.52398 F8000
G1 X644.78699 Y132.52398 F8000
G0 Z0
G1 X644.78699 Y132.27398 F8000
G1 Z1 F8000
G1 X644.78699 Y132.27398 F8000
G1 X656.51394 Y132.27398 F8000
G0 Z0
G1 X656.51394 Y132.02398 F8000
G1 Z1 F8000
G1 X656.51394 Y132.02398 F8000
G1 X644.78699 Y132.02398 F8000
G0 Z0
G1 X644.78699 Y131.77398 F8000
G1 Z1 F8000
G1 X644.78699 Y131.77398 F8000
G1 X656.51394 Y131.77398 F8000
G0 Z0
G1 X656.51394 Y131.52398 F8000
G1 Z1 F8000
G1 X656.51394 Y131.52398 F8000
G1 X644.78699 Y131.52398 F8000
G0 Z0
G1 X644.78699 Y131.27398 F8000
G1 Z1 F8000
G1 X644.78699 Y131.27398 F8000
G1 X656.51394 Y131.27398 F8000
G0 Z0
G1 X656.51394 Y131.02398 F8000
G1 Z1 F8000
G1 X656.51394 Y131.02398 F8000
G1 X644.78699 Y131.02398 F8000
G0 Z0
G1 X644.78699 Y130.77398 F8000
G1 Z1 F8000
G1 X644.78699 Y130.77398 F8000
G1 X656.51394 Y130.77398 F8000
G0 Z0
G1 X656.51394 Y130.52398 F8000
G1 Z1 F8000
G1 X656.51394 Y130.52398 F8000
G1 X644.78699 Y130.52398 F8000
G0 Z0
G1 X644.78699 Y130.27398 F8000
G1 Z1 F8000
G1 X644.78699 Y130.27398 F8000
G1 X656.51394 Y130.27398 F8000
G0 Z0
G1 X656.51394 Y130.02398 F8000
G1 Z1 F8000
G1 X656.51394 Y130.02398 F8000
G1 X644.78699 Y130.02398 F8000
G0 Z0
G1 X644.78699 Y129.77398 F8000
G1 Z1 F8000
G1 X644.78699 Y129.77398 F8000
G1 X656.51394 Y129.77398 F8000
G0 Z0
G1 X656.51394 Y129.52398 F8000
G1 Z1 F8000
G1 X656.51394 Y129.52398 F8000
G1 X644.78699 Y129.52398 F8000
G0 Z0
G1 X644.78699 Y129.27398 F8000
G1 Z1 F8000
G1 X644.78699 Y129.27398 F8000
G1 X656.51394 Y129.27398 F8000
G0 Z0
G1 X656.51394 Y129.02398 F8000
G1 Z1 F8000
G1 X656.51394 Y129.02398 F8000
G1 X644.78699 Y129.02398 F8000
G0 Z0
G1 X644.78699 Y128.77398 F8000
G1 Z1 F8000
G1 X644.78699 Y128.77398 F8000
G1 X656.51394 Y128.77398 F8000
G0 Z0
G1 X656.51394 Y128.52398 F8000
G1 Z1 F8000
G1 X656.51394 Y128.52398 F8000
G1 X644.78699 Y128.52398 F8000
G0 Z0
G1 X644.78699 Y128.27398 F8000
G1 Z1 F8000
G1 X644.78699 Y128.27398 F8000
G1 X656.51394 Y128.27398 F8000
G0 Z0
G1 X656.51394 Y128.02398 F8000
G1 Z1 F8000
G1 X656.51394 Y128.02398 F8000
G1 X644.78699 Y128.02398 F8000
G0 Z0
G1 X644.78699 Y127.77398 F8000
G1 Z1 F8000
G1 X644.78699 Y127.77398 F8000
G1 X656.51394 Y127.77398 F8000
G0 Z0
G1 X656.51394 Y127.52398 F8000
G1 Z1 F8000
G1 X656.51394 Y127.52398 F8000
G1 X644.78699 Y127.52398 F8000
G0 Z0
G1 X644.78699 Y127.27398 F8000
G1 Z1 F8000
G1 X644.78699 Y127.27398 F8000
G1 X656.51394 Y127.27398 F8000
G0 Z0
G1 X656.51394 Y127.02398 F8000
G1 Z1 F8000
G1 X656.51394 Y127.02398 F8000
G1 X644.78699 Y127.02398 F8000
G0 Z0
G1 X644.78699 Y126.77398 F8000
G1 Z1 F8000
G1 X644.78699 Y126.77398 F8000
G1 X664.47075 Y126.77398 F8000
G0 Z0
G1 X664.47284 Y127.02398 F8000
G1 Z1 F8000
G1 X664.47284 Y127.02398 F8000
G1 X662.66109 Y127.02398 F8000
G0 Z0
G1 X662.66109 Y127.27398 F8000
G1 Z1 F8000
G1 X662.66109 Y127.27398 F8000
G1 X664.47492 Y127.27398 F8000
G0 Z0
G1 X664.47729 Y127.52398 F8000
G1 Z1 F8000
G1 X664.47729 Y127.52398 F8000
G1 X662.66109 Y127.52398 F8000
G0 Z0
G1 X662.66109 Y127.77398 F8000
G1 Z1 F8000
G1 X662.66109 Y127.77398 F8000
G1 X664.48056 Y127.77398 F8000
G0 Z0
G1 X664.48383 Y128.02398 F8000
G1 Z1 F8000
G1 X664.48383 Y128.02398 F8000
G1 X662.66109 Y128.02398 F8000
G0 Z0
G1 X662.66109 Y128.27398 F8000
G1 Z1 F8000
G1 X662.66109 Y128.27398 F8000
G1 X664.48711 Y128.27398 F8000
G0 Z0
G1 X664.49038 Y128.52398 F8000
G1 Z1 F8000
G1 X664.49038 Y128.52398 F8000
G1 X662.66109 Y128.52398 F8000
G0 Z0
G1 X662.66109 Y128.77398 F8000
G1 Z1 F8000
G1 X662.66109 Y128.77398 F8000
G1 X664.49366 Y128.77398 F8000
G0 Z0
G1 X664.49693 Y129.02398 F8000
G1 Z1 F8000
G1 X664.49693 Y129.02398 F8000
G1 X662.66109 Y129.02398 F8000
G0 Z0
G1 X662.66109 Y129.27398 F8000
G1 Z1 F8000
G1 X662.66109 Y129.27398 F8000
G1 X664.5002 Y129.27398 F8000
G0 Z0
G1 X664.50348 Y129.52398 F8000
G1 Z1 F8000
G1 X664.50348 Y129.52398 F8000
G1 X662.66109 Y129.52398 F8000
G0 Z0
G1 X662.66109 Y129.77398 F8000
G1 Z1 F8000
G1 X662.66109 Y129.77398 F8000
G1 X664.64588 Y129.77398 F8000
G0 Z0
G1 X664.93849 Y130.02398 F8000
G1 Z1 F8000
G1 X664.93849 Y130.02398 F8000
G1 X662.66109 Y130.02398 F8000
G0 Z0
G1 X662.66109 Y130.27398 F8000
G1 Z1 F8000
G1 X662.66109 Y130.27398 F8000
G1 X667.02711 Y130.27398 F8000
G0 Z0
G1 X667.15192 Y130.02248 F8000
G1 Z1 F8000
G1 X667.15192 Y130.02248 F8000
G1 X665.18794 Y130.01134 F8000
G1 X664.77379 Y129.70133 F8000
G1 X664.65629 Y129.30114 F8000
G1 X664.65629 Y125.32125 F8000
G1 X664.72317 Y125.01375 F8000
G1 X664.9963 Y124.69856 F8000
G1 X665.29113 Y124.5886 F8000
G1 X667.15192 Y124.59992 F8000
G0 Z0
G1 X667.08554 Y124.27398 F8000
G1 Z1 F8000
G1 X667.08554 Y124.27398 F8000
G1 X644.78699 Y124.27398 F8000
G0 Z0
G1 X644.78699 Y124.52398 F8000
G1 Z1 F8000
G1 X644.78699 Y124.52398 F8000
G1 X665.03428 Y124.52398 F8000
G0 Z0
G1 X664.70403 Y124.77398 F8000
G1 Z1 F8000
G1 X664.70403 Y124.77398 F8000
G1 X644.78699 Y124.77398 F8000
G0 Z0
G1 X644.78699 Y125.02398 F8000
G1 Z1 F8000
G1 X644.78699 Y125.02398 F8000
G1 X664.58798 Y125.02398 F8000
G0 Z0
G1 X664.53285 Y125.27398 F8000
G1 Z1 F8000
G1 X664.53285 Y125.27398 F8000
G1 X644.78699 Y125.27398 F8000
G0 Z0
G1 X644.78699 Y125.52398 F8000
G1 Z1 F8000
G1 X644.78699 Y125.52398 F8000
G1 X664.50161 Y125.52398 F8000
G0 Z0
G1 X664.48397 Y125.77398 F8000
G1 Z1 F8000
G1 X664.48397 Y125.77398 F8000
G1 X644.78699 Y125.77398 F8000
G0 Z0
G1 X644.78699 Y126.02398 F8000
G1 Z1 F8000
G1 X644.78699 Y126.02398 F8000
G1 X664.47845 Y126.02398 F8000
G0 Z0
G1 X664.47293 Y126.27398 F8000
G1 Z1 F8000
G1 X664.47293 Y126.27398 F8000
G1 X644.78699 Y126.27398 F8000
G0 Z0
G1 X644.78699 Y126.52398 F8000
G1 Z1 F8000
G1 X644.78699 Y126.52398 F8000
G1 X664.46866 Y126.52398 F8000
G0 Z0
G1 X667.26176 Y124.02398 F8000
G1 Z1 F8000
G1 X667.26176 Y124.02398 F8000
G1 X644.78699 Y124.02398 F8000
G0 Z0
G1 X644.78699 Y123.77398 F8000
G1 Z1 F8000
G1 X644.78699 Y123.77398 F8000
G1 X667.46272 Y123.77398 F8000
G0 Z0
G1 X667.72934 Y123.52398 F8000
G1 Z1 F8000
G1 X667.72934 Y123.52398 F8000
G1 X644.78699 Y123.52398 F8000
G0 Z0
G1 X644.78699 Y123.27398 F8000
G1 Z1 F8000
G1 X644.78699 Y123.27398 F8000
G1 X668.01579 Y123.27398 F8000
G0 Z0
G1 X668.04438 Y123.02398 F8000
G1 Z1 F8000
G1 X668.04438 Y123.02398 F8000
G1 X653.53516 Y123.02398 F8000
G0 Z0
G1 X653.53577 Y122.77398 F8000
G1 Z1 F8000
G1 X653.53577 Y122.77398 F8000
G1 X668.04706 Y122.77398 F8000
G0 Z0
G1 X668.04461 Y122.52398 F8000
G1 Z1 F8000
G1 X668.04461 Y122.52398 F8000
G1 X653.53638 Y122.52398 F8000
G0 Z0
G1 X653.53699 Y122.27398 F8000
G1 Z1 F8000
G1 X653.53699 Y122.27398 F8000
G1 X668.03734 Y122.27398 F8000
G0 Z0
G1 X667.97248 Y122.02398 F8000
G1 Z1 F8000
G1 X667.97248 Y122.02398 F8000
G1 X653.5376 Y122.02398 F8000
G0 Z0
G1 X653.53821 Y121.77398 F8000
G1 Z1 F8000
G1 X653.53821 Y121.77398 F8000
G1 X667.68863 Y121.77398 F8000
G0 Z0
G1 X667.40583 Y121.52397 F8000
G1 Z1 F8000
G1 X667.40583 Y121.52397 F8000
G1 X653.53882 Y121.52397 F8000
G0 Z0
G1 X653.53943 Y121.27397 F8000
G1 Z1 F8000
G1 X653.53943 Y121.27397 F8000
G1 X667.21833 Y121.27397 F8000
G0 Z0
G1 X667.10042 Y121.02397 F8000
G1 Z1 F8000
G1 X667.10042 Y121.02397 F8000
G1 X653.54004 Y121.02397 F8000
G0 Z0
G1 X653.54065 Y120.77397 F8000
G1 Z1 F8000
G1 X653.54065 Y120.77397 F8000
G1 X664.95604 Y120.77397 F8000
G0 Z0
G1 X664.68911 Y120.52397 F8000
G1 Z1 F8000
G1 X664.68911 Y120.52397 F8000
G1 X653.54126 Y120.52397 F8000
G0 Z0
G1 X653.54187 Y120.27397 F8000
G1 Z1 F8000
G1 X653.54187 Y120.27397 F8000
G1 X664.56241 Y120.27397 F8000
G0 Z0
G1 X664.50876 Y120.02397 F8000
G1 Z1 F8000
G1 X664.50876 Y120.02397 F8000
G1 X653.54248 Y120.02397 F8000
G0 Z0
G1 X653.54309 Y119.77397 F8000
G1 Z1 F8000
G1 X653.54309 Y119.77397 F8000
G1 X664.47741 Y119.77397 F8000
G0 Z0
G1 X664.45182 Y119.52397 F8000
G1 Z1 F8000
G1 X664.45182 Y119.52397 F8000
G1 X653.5437 Y119.52397 F8000
G0 Z0
G1 X653.54431 Y119.27397 F8000
G1 Z1 F8000
G1 X653.54431 Y119.27397 F8000
G1 X656.41927 Y119.27397 F8000
G0 Z0
G1 X656.41927 Y119.02397 F8000
G1 Z1 F8000
G1 X656.41927 Y119.02397 F8000
G1 X653.54493 Y119.02397 F8000
G0 Z0
G1 X653.54554 Y118.77397 F8000
G1 Z1 F8000
G1 X653.54554 Y118.77397 F8000
G1 X656.41927 Y118.77397 F8000
G0 Z0
G1 X656.41927 Y118.52397 F8000
G1 Z1 F8000
G1 X656.41927 Y118.52397 F8000
G1 X653.54615 Y118.52397 F8000
G0 Z0
G1 X653.54676 Y118.27397 F8000
G1 Z1 F8000
G1 X653.54676 Y118.27397 F8000
G1 X656.41927 Y118.27397 F8000
G0 Z0
G1 X656.41927 Y118.02397 F8000
G1 Z1 F8000
G1 X656.41927 Y118.02397 F8000
G1 X653.54737 Y118.02397 F8000
G0 Z0
G1 X653.54798 Y117.77397 F8000
G1 Z1 F8000
G1 X653.54798 Y117.77397 F8000
G1 X656.41927 Y117.77397 F8000
G0 Z0
G1 X656.41927 Y117.52397 F8000
G1 Z1 F8000
G1 X656.41927 Y117.52397 F8000
G1 X653.54859 Y117.52397 F8000
G0 Z0
G1 X653.5492 Y117.27397 F8000
G1 Z1 F8000
G1 X653.5492 Y117.27397 F8000
G1 X656.41927 Y117.27397 F8000
G0 Z0
G1 X656.41927 Y117.02397 F8000
G1 Z1 F8000
G1 X656.41927 Y117.02397 F8000
G1 X653.54981 Y117.02397 F8000
G0 Z0
G1 X653.55042 Y116.77397 F8000
G1 Z1 F8000
G1 X653.55042 Y116.77397 F8000
G1 X656.41927 Y116.77397 F8000
G0 Z0
G1 X656.41927 Y116.52397 F8000
G1 Z1 F8000
G1 X656.41927 Y116.52397 F8000
G1 X653.55103 Y116.52397 F8000
G0 Z0
G1 X653.55164 Y116.27397 F8000
G1 Z1 F8000
G1 X653.55164 Y116.27397 F8000
G1 X656.41927 Y116.27397 F8000
G0 Z0
G1 X656.41927 Y116.02397 F8000
G1 Z1 F8000
G1 X656.41927 Y116.02397 F8000
G1 X653.55225 Y116.02397 F8000
G0 Z0
G1 X653.55286 Y115.77397 F8000
G1 Z1 F8000
G1 X653.55286 Y115.77397 F8000
G1 X656.41927 Y115.77397 F8000
G0 Z0
G1 X656.41927 Y115.52397 F8000
G1 Z1 F8000
G1 X656.41927 Y115.52397 F8000
G1 X653.55347 Y115.52397 F8000
G0 Z0
G1 X653.55408 Y115.27397 F8000
G1 Z1 F8000
G1 X653.55408 Y115.27397 F8000
G1 X656.41927 Y115.27397 F8000
G0 Z0
G1 X656.41927 Y115.02397 F8000
G1 Z1 F8000
G1 X656.41927 Y115.02397 F8000
G1 X653.55469 Y115.02397 F8000
G0 Z0
G1 X653.5553 Y114.77397 F8000
G1 Z1 F8000
G1 X653.5553 Y114.77397 F8000
G1 X656.41927 Y114.77397 F8000
G0 Z0
G1 X656.41927 Y114.52397 F8000
G1 Z1 F8000
G1 X656.41927 Y114.52397 F8000
G1 X653.55591 Y114.52397 F8000
G0 Z0
G1 X653.55653 Y114.27397 F8000
G1 Z1 F8000
G1 X653.55653 Y114.27397 F8000
G1 X656.41927 Y114.27397 F8000
G0 Z0
G1 X656.41927 Y114.02397 F8000
G1 Z1 F8000
G1 X656.41927 Y114.02397 F8000
G1 X653.55714 Y114.02397 F8000
G0 Z0
G1 X653.55775 Y113.77397 F8000
G1 Z1 F8000
G1 X653.55775 Y113.77397 F8000
G1 X656.41927 Y113.77397 F8000
G0 Z0
G1 X656.41927 Y113.52397 F8000
G1 Z1 F8000
G1 X656.41927 Y113.52397 F8000
G1 X653.55836 Y113.52397 F8000
G0 Z0
G1 X653.55897 Y113.27397 F8000
G1 Z1 F8000
G1 X653.55897 Y113.27397 F8000
G1 X656.41927 Y113.27397 F8000
G0 Z0
G1 X656.41927 Y113.02397 F8000
G1 Z1 F8000
G1 X656.41927 Y113.02397 F8000
G1 X653.55958 Y113.02397 F8000
G0 Z0
G1 X653.56019 Y112.77397 F8000
G1 Z1 F8000
G1 X653.56019 Y112.77397 F8000
G1 X656.41933 Y112.77397 F8000
G0 Z0
G1 X656.6156 Y112.71417 F8000
G1 Z1 F8000
G1 X656.6156 Y112.71417 F8000
G1 X668.22274 Y112.71417 F8000
G1 X668.22274 Y114.15446 F8000
G1 X668.22271 Y112.61879 F8000
G1 X668.22271 Y112.71417 F8000
G0 Z0
G1 X668.05149 Y112.90579 F8000
G1 Z1 F8000
G1 X668.05149 Y112.90579 F8000
G1 X657.44022 Y119.03221 F8000
G0 Z0
G1 X656.94022 Y119.03221 F8000
G1 Z1 F8000
G1 X656.94022 Y119.03221 F8000
G1 X667.59752 Y112.87922 F8000
G0 Z0
G1 X667.473 Y112.50915 F8000
G1 Z1 F8000
G1 X667.473 Y112.50915 F8000
G1 X665.9114 Y111.60756 F8000
G0 Z0
G1 X666.41432 Y111.60925 F8000
G1 Z1 F8000
G1 X666.41432 Y111.60925 F8000
G1 X667.33086 Y112.13841 F8000
G0 Z0
G1 X666.99629 Y112.52259 F8000
G1 Z1 F8000
G1 X666.99629 Y112.52259 F8000
G1 X665.38598 Y111.59288 F8000
G0 Z0
G1 X664.61055 Y111.14519 F8000
G1 Z1 F8000
G1 X664.61055 Y111.14519 F8000
G1 X656.74992 Y106.60685 F8000
G0 Z0
G1 X656.88021 Y106.3934 F8000
G1 Z1 F8000
G1 X656.88021 Y106.3934 F8000
G1 X664.5493 Y110.82115 F8000
G0 Z0
G1 X664.52701 Y110.5196 F8000
G1 Z1 F8000
G1 X664.52701 Y110.5196 F8000
G1 X657.3802 Y106.39339 F8000
G0 Z0
G1 X657.88019 Y106.39339 F8000
G1 Z1 F8000
G1 X657.88019 Y106.39339 F8000
G1 X664.51893 Y110.22626 F8000
G0 Z0
G1 X664.51695 Y109.93645 F8000
G1 Z1 F8000
G1 X664.51695 Y109.93645 F8000
G1 X658.38018 Y106.39338 F8000
G0 Z0
G1 X658.88017 Y106.39337 F8000
G1 Z1 F8000
G1 X658.88017 Y106.39337 F8000
G1 X664.51791 Y109.64833 F8000
G0 Z0
G1 X664.51887 Y109.36021 F8000
G1 Z1 F8000
G1 X664.51887 Y109.36021 F8000
G1 X659.38016 Y106.39337 F8000
G0 Z0
G1 X659.88015 Y106.39336 F8000
G1 Z1 F8000
G1 X659.88015 Y106.39336 F8000
G1 X664.51984 Y109.07208 F8000
G0 Z0
G1 X664.5208 Y108.78396 F8000
G1 Z1 F8000
G1 X664.5208 Y108.78396 F8000
G1 X660.38013 Y106.39335 F8000
G0 Z0
G1 X660.88013 Y106.39335 F8000
G1 Z1 F8000
G1 X660.88013 Y106.39335 F8000
G1 X664.52263 Y108.49635 F8000
G0 Z0
G1 X664.52507 Y108.20908 F8000
G1 Z1 F8000
G1 X664.52507 Y108.20908 F8000
G1 X661.38012 Y106.39334 F8000
G0 Z0
G1 X661.88011 Y106.39334 F8000
G1 Z1 F8000
G1 X661.88011 Y106.39334 F8000
G1 X664.52751 Y107.92182 F8000
G0 Z0
G1 X664.52995 Y107.63455 F8000
G1 Z1 F8000
G1 X664.52995 Y107.63455 F8000
G1 X662.38011 Y106.39334 F8000
G0 Z0
G1 X662.08319 Y106.02397 F8000
G1 Z1 F8000
G1 X662.08319 Y106.02397 F8000
G1 X653.57667 Y106.02397 F8000
G0 Z0
G1 X653.57606 Y106.27397 F8000
G1 Z1 F8000
G1 X653.57606 Y106.27397 F8000
G1 X656.51274 Y106.27397 F8000
G0 Z0
G1 X656.4818 Y106.52397 F8000
G1 Z1 F8000
G1 X656.4818 Y106.52397 F8000
G1 X653.57545 Y106.52397 F8000
G0 Z0
G1 X653.57484 Y106.77397 F8000
G1 Z1 F8000
G1 X653.57484 Y106.77397 F8000
G1 X656.46843 Y106.77397 F8000
G0 Z0
G1 X656.45768 Y107.02397 F8000
G1 Z1 F8000
G1 X656.45768 Y107.02397 F8000
G1 X653.57423 Y107.02397 F8000
G0 Z0
G1 X653.57362 Y107.27397 F8000
G1 Z1 F8000
G1 X653.57362 Y107.27397 F8000
G1 X656.45104 Y107.27397 F8000
G0 Z0
G1 X656.44439 Y107.52397 F8000
G1 Z1 F8000
G1 X656.44439 Y107.52397 F8000
G1 X653.57301 Y107.52397 F8000
G0 Z0
G1 X653.5724 Y107.77397 F8000
G1 Z1 F8000
G1 X653.5724 Y107.77397 F8000
G1 X656.44161 Y107.77397 F8000
G0 Z0
G1 X656.43921 Y108.02397 F8000
G1 Z1 F8000
G1 X656.43921 Y108.02397 F8000
G1 X653.57179 Y108.02397 F8000
G0 Z0
G1 X653.57118 Y108.27397 F8000
G1 Z1 F8000
G1 X653.57118 Y108.27397 F8000
G1 X656.43682 Y108.27397 F8000
G0 Z0
G1 X656.43442 Y108.52397 F8000
G1 Z1 F8000
G1 X656.43442 Y108.52397 F8000
G1 X653.57057 Y108.52397 F8000
G0 Z0
G1 X653.56996 Y108.77397 F8000
G1 Z1 F8000
G1 X653.56996 Y108.77397 F8000
G1 X656.43202 Y108.77397 F8000
G0 Z0
G1 X656.42962 Y109.02397 F8000
G1 Z1 F8000
G1 X656.42962 Y109.02397 F8000
G1 X653.56935 Y109.02397 F8000
G0 Z0
G1 X653.56874 Y109.27397 F8000
G1 Z1 F8000
G1 X653.56874 Y109.27397 F8000
G1 X656.42723 Y109.27397 F8000
G0 Z0
G1 X656.42483 Y109.52397 F8000
G1 Z1 F8000
G1 X656.42483 Y109.52397 F8000
G1 X653.56813 Y109.52397 F8000
G0 Z0
G1 X653.56752 Y109.77397 F8000
G1 Z1 F8000
G1 X653.56752 Y109.77397 F8000
G1 X656.42419 Y109.77397 F8000
G0 Z0
G1 X656.42379 Y110.02397 F8000
G1 Z1 F8000
G1 X656.42379 Y110.02397 F8000
G1 X653.5669 Y110.02397 F8000
G0 Z0
G1 X653.56629 Y110.27397 F8000
G1 Z1 F8000
G1 X653.56629 Y110.27397 F8000
G1 X656.42338 Y110.27397 F8000
G0 Z0
G1 X656.42298 Y110.52397 F8000
G1 Z1 F8000
G1 X656.42298 Y110.52397 F8000
G1 X653.56568 Y110.52397 F8000
G0 Z0
G1 X653.56507 Y110.77397 F8000
G1 Z1 F8000
G1 X653.56507 Y110.77397 F8000
G1 X656.42257 Y110.77397 F8000
G0 Z0
G1 X656.42217 Y111.02397 F8000
G1 Z1 F8000
G1 X656.42217 Y111.02397 F8000
G1 X653.56446 Y111.02397 F8000
G0 Z0
G1 X653.56385 Y111.27397 F8000
G1 Z1 F8000
G1 X653.56385 Y111.27397 F8000
G1 X656.42176 Y111.27397 F8000
G0 Z0
G1 X656.42136 Y111.52397 F8000
G1 Z1 F8000
G1 X656.42136 Y111.52397 F8000
G1 X653.56324 Y111.52397 F8000
G0 Z0
G1 X653.56263 Y111.77397 F8000
G1 Z1 F8000
G1 X653.56263 Y111.77397 F8000
G1 X656.42095 Y111.77397 F8000
G0 Z0
G1 X656.42055 Y112.02397 F8000
G1 Z1 F8000
G1 X656.42055 Y112.02397 F8000
G1 X653.56202 Y112.02397 F8000
G0 Z0
G1 X653.56141 Y112.27397 F8000
G1 Z1 F8000
G1 X653.56141 Y112.27397 F8000
G1 X656.42014 Y112.27397 F8000
G0 Z0
G1 X656.41974 Y112.52397 F8000
G1 Z1 F8000
G1 X656.41974 Y112.52397 F8000
G1 X653.5608 Y112.52397 F8000
G0 Z0
G1 X656.74985 Y112.38031 F8000
G1 Z1 F8000
G1 X656.74985 Y112.38031 F8000
G1 X657.03618 Y112.54563 F8000
G0 Z0
G1 X657.09751 Y112.87922 F8000
G1 Z1 F8000
G1 X657.09751 Y112.87922 F8000
G1 X656.75022 Y113.07973 F8000
G0 Z0
G1 X656.75018 Y113.36842 F8000
G1 Z1 F8000
G1 X656.75018 Y113.36842 F8000
G1 X657.59751 Y112.87922 F8000
G0 Z0
G1 X657.53618 Y112.54563 F8000
G1 Z1 F8000
G1 X657.53618 Y112.54563 F8000
G1 X656.74985 Y112.09164 F8000
G0 Z0
G1 X656.74985 Y111.80296 F8000
G1 Z1 F8000
G1 X656.74985 Y111.80296 F8000
G1 X658.03618 Y112.54563 F8000
G0 Z0
G1 X658.09751 Y112.87922 F8000
G1 Z1 F8000
G1 X658.09751 Y112.87922 F8000
G1 X656.75014 Y113.65712 F8000
G0 Z0
G1 X656.7501 Y113.94582 F8000
G1 Z1 F8000
G1 X656.7501 Y113.94582 F8000
G1 X658.59751 Y112.87922 F8000
G0 Z0
G1 X658.53618 Y112.54563 F8000
G1 Z1 F8000
G1 X658.53618 Y112.54563 F8000
G1 X656.74985 Y111.51429 F8000
G0 Z0
G1 X656.74985 Y111.22561 F8000
G1 Z1 F8000
G1 X656.74985 Y111.22561 F8000
G1 X659.03618 Y112.54563 F8000
G0 Z0
G1 X659.09751 Y112.87922 F8000
G1 Z1 F8000
G1 X659.09751 Y112.87922 F8000
G1 X656.75007 Y114.23451 F8000
G0 Z0
G1 X656.75003 Y114.52321 F8000
G1 Z1 F8000
G1 X656.75003 Y114.52321 F8000
G1 X659.59751 Y112.87922 F8000
G0 Z0
G1 X659.53618 Y112.54563 F8000
G1 Z1 F8000
G1 X659.53618 Y112.54563 F8000
G1 X656.74985 Y110.93694 F8000
G0 Z0
G1 X656.74985 Y110.64826 F8000
G1 Z1 F8000
G1 X656.74985 Y110.64826 F8000
G1 X660.03618 Y112.54563 F8000
G0 Z0
G1 X660.09751 Y112.87922 F8000
G1 Z1 F8000
G1 X660.09751 Y112.87922 F8000
G1 X656.74999 Y114.81191 F8000
G0 Z0
G1 X656.74996 Y115.1006 F8000
G1 Z1 F8000
G1 X656.74996 Y115.1006 F8000
G1 X660.59751 Y112.87922 F8000
G0 Z0
G1 X660.53618 Y112.54563 F8000
G1 Z1 F8000
G1 X660.53618 Y112.54563 F8000
G1 X656.74985 Y110.35959 F8000
G0 Z0
G1 X656.74985 Y110.07091 F8000
G1 Z1 F8000
G1 X656.74985 Y110.07091 F8000
G1 X661.03618 Y112.54563 F8000
G0 Z0
G1 X661.09751 Y112.87922 F8000
G1 Z1 F8000
G1 X661.09751 Y112.87922 F8000
G1 X656.74992 Y115.3893 F8000
G0 Z0
G1 X656.74988 Y115.678 F8000
G1 Z1 F8000
G1 X656.74988 Y115.678 F8000
G1 X661.59751 Y112.87922 F8000
G0 Z0
G1 X661.53618 Y112.54563 F8000
G1 Z1 F8000
G1 X661.53618 Y112.54563 F8000
G1 X656.74985 Y109.78223 F8000
G0 Z0
G1 X656.74985 Y109.4695 F8000
G1 Z1 F8000
G1 X656.74985 Y109.4695 F8000
G1 X656.74985 Y112.54563 F8000
G1 X667.58311 Y112.50509 F8000
G1 X667.02666 Y111.6094 F8000
G1 X665.22693 Y111.58067 F8000
G1 X664.88591 Y111.45238 F8000
G1 X664.64336 Y111.22136 F8000
G1 X664.51783 Y110.23971 F8000
G1 X664.54051 Y106.39332 F8000
G1 X656.74992 Y106.3934 F8000
G1 X656.74985 Y109.49356 F8000
G1 X662.03618 Y112.54563 F8000
G0 Z0
G1 X662.09751 Y112.87922 F8000
G1 Z1 F8000
G1 X662.09751 Y112.87922 F8000
G1 X656.74985 Y115.96669 F8000
G1 X656.75024 Y112.87922 F8000
G1 X668.05161 Y112.87922 F8000
G1 X668.04632 Y114.04947 F8000
G1 X667.51192 Y114.43257 F8000
G1 X667.01468 Y115.14908 F8000
G1 X665.23809 Y115.18209 F8000
G1 X664.93995 Y115.28843 F8000
G1 X664.66669 Y115.53757 F8000
G1 X664.52529 Y116.24482 F8000
G1 X664.50698 Y119.03221 F8000
G1 X656.74985 Y119.03221 F8000
G1 X656.74985 Y115.95608 F8000
G0 Z0
G1 X656.74985 Y116.25537 F8000
G1 Z1 F8000
G1 X656.74985 Y116.25537 F8000
G1 X662.59751 Y112.87922 F8000
G0 Z0
G1 X662.5342 Y112.54448 F8000
G1 Z1 F8000
G1 X662.5342 Y112.54448 F8000
G1 X656.74985 Y109.20489 F8000
G0 Z0
G1 X656.74986 Y108.91622 F8000
G1 Z1 F8000
G1 X656.74986 Y108.91622 F8000
G1 X663.03152 Y112.54294 F8000
G0 Z0
G1 X663.09751 Y112.87922 F8000
G1 Z1 F8000
G1 X663.09751 Y112.87922 F8000
G1 X656.74985 Y116.54404 F8000
G0 Z0
G1 X656.74985 Y116.83272 F8000
G1 Z1 F8000
G1 X656.74985 Y116.83272 F8000
G1 X663.59751 Y112.87922 F8000
G0 Z0
G1 X663.52884 Y112.54139 F8000
G1 Z1 F8000
G1 X663.52884 Y112.54139 F8000
G1 X656.74987 Y108.62755 F8000
G0 Z0
G1 X656.74987 Y108.33888 F8000
G1 Z1 F8000
G1 X656.74987 Y108.33888 F8000
G1 X664.02616 Y112.53984 F8000
G0 Z0
G1 X664.09751 Y112.87922 F8000
G1 Z1 F8000
G1 X664.09751 Y112.87922 F8000
G1 X656.74985 Y117.12139 F8000
G0 Z0
G1 X656.74985 Y117.41007 F8000
G1 Z1 F8000
G1 X656.74985 Y117.41007 F8000
G1 X664.59751 Y112.87922 F8000
G0 Z0
G1 X664.52347 Y112.53829 F8000
G1 Z1 F8000
G1 X664.52347 Y112.53829 F8000
G1 X656.74988 Y108.0502 F8000
G0 Z0
G1 X656.74989 Y107.76153 F8000
G1 Z1 F8000
G1 X656.74989 Y107.76153 F8000
G1 X665.02079 Y112.53674 F8000
G0 Z0
G1 X665.09751 Y112.87922 F8000
G1 Z1 F8000
G1 X665.09751 Y112.87922 F8000
G1 X656.74985 Y117.69874 F8000
G0 Z0
G1 X656.74985 Y117.98742 F8000
G1 Z1 F8000
G1 X656.74985 Y117.98742 F8000
G1 X665.59751 Y112.87922 F8000
G0 Z0
G1 X665.51811 Y112.53519 F8000
G1 Z1 F8000
G1 X665.51811 Y112.53519 F8000
G1 X656.7499 Y107.47286 F8000
G0 Z0
G1 X656.7499 Y107.18419 F8000
G1 Z1 F8000
G1 X656.7499 Y107.18419 F8000
G1 X666.01511 Y112.53346 F8000
G0 Z0
G1 X666.09751 Y112.87922 F8000
G1 Z1 F8000
G1 X666.09751 Y112.87922 F8000
G1 X656.74985 Y118.2761 F8000
G0 Z0
G1 X656.74985 Y118.56477 F8000
G1 Z1 F8000
G1 X656.74985 Y118.56477 F8000
G1 X666.59751 Y112.87922 F8000
G0 Z0
G1 X666.5057 Y112.52803 F8000
G1 Z1 F8000
G1 X666.5057 Y112.52803 F8000
G1 X656.74991 Y106.89552 F8000
G0 Z0
G1 X653.57728 Y105.77397 F8000
G1 Z1 F8000
G1 X653.57728 Y105.77397 F8000
G1 X667.04717 Y105.77397 F8000
G0 Z0
G1 X667.15192 Y106.03381 F8000
G1 Z1 F8000
G1 X667.15192 Y106.03381 F8000
G1 X665.18794 Y106.04495 F8000
G1 X664.77379 Y106.35496 F8000
G1 X664.65629 Y106.75514 F8000
G1 X664.65629 Y110.73503 F8000
G1 X664.72317 Y111.04253 F8000
G1 X664.9963 Y111.35773 F8000
G1 X665.29113 Y111.46769 F8000
G1 X667.15192 Y111.45637 F8000
G0 Z0
G1 X667.06666 Y111.6972 F8000
G1 Z1 F8000
G1 X667.06666 Y111.6972 F8000
G1 X666.91454 Y111.60937 F8000
G0 Z0
G1 X667.09751 Y112.87922 F8000
G1 Z1 F8000
G1 X667.09751 Y112.87922 F8000
G1 X656.74985 Y118.85345 F8000
G0 Z0
G1 X657.94022 Y119.03221 F8000
G1 Z1 F8000
G1 X657.94022 Y119.03221 F8000
G1 X668.05018 Y113.19522 F8000
G0 Z0
G1 X668.22271 Y113.09043 F8000
G1 Z1 F8000
G1 X668.22271 Y113.09043 F8000
G1 X703.08418 Y113.09043 F8000
G0 Z0
G1 X702.23741 Y111.57585 F8000
G1 Z1 F8000
G1 X702.23741 Y111.57585 F8000
G1 X698.65249 Y111.61096 F8000
G1 X698.24471 Y111.5549 F8000
G1 X697.78087 Y111.33431 F8000
G1 X697.4177 Y110.97115 F8000
G1 X697.22831 Y110.60568 F8000
G1 X697.14105 Y110.0995 F8000
G1 X697.14105 Y101.97266 F8000
G1 X697.31052 Y101.27728 F8000
G1 X697.78087 Y100.73785 F8000
G1 X698.44669 Y100.47528 F8000
G1 X702.23741 Y100.49631 F8000
G0 Z0
G1 X702.1297 Y110.82163 F8000
G1 Z1 F8000
G1 X702.1297 Y110.82163 F8000
G1 X702.20145 Y111.42411 F8000
G1 X702.37864 Y112.0044 F8000
G1 X702.95665 Y112.95073 F8000
G1 X703.80729 Y113.66212 F8000
G1 X704.35505 Y113.92308 F8000
G1 X704.94034 Y114.08299 F8000
G1 X705.54467 Y114.13686 F8000
G1 X706.14904 Y114.08299 F8000
G1 X707.19414 Y113.71231 F8000
G1 X707.69738 Y113.37338 F8000
G1 X708.13272 Y112.95073 F8000
G1 X708.48642 Y112.45776 F8000
G1 X708.74738 Y111.90999 F8000
G1 X708.95968 Y110.82163 F8000
G1 X708.92372 Y100.84736 F8000
G1 X708.67126 Y99.97453 F8000
G1 X708.19768 Y99.19909 F8000
G1 X707.53643 Y98.57594 F8000
G1 X706.73432 Y98.14909 F8000
G1 X706.0491 Y97.97274 F8000
G1 X705.34229 Y97.94128 F8000
G1 X704.74219 Y98.03087 F8000
G1 X704.07536 Y98.26738 F8000
G1 X703.55294 Y98.57594 F8000
G1 X703.02388 Y99.04571 F8000
G1 X702.60293 Y99.6144 F8000
G1 X702.342 Y100.16217 F8000
G1 X702.1297 Y101.25053 F8000
G1 X702.1297 Y110.82163 F8000
G0 Z0
G1 X699.99715 Y100.4612 F8000
G1 Z1 F8000
G1 X699.99715 Y100.4612 F8000
G1 X699.99715 Y92.6552 F8000
G0 Z0
G1 X702.23741 Y92.62011 F8000
G1 Z1 F8000
G1 X702.23741 Y92.62011 F8000
G1 X698.65249 Y92.6552 F8000
G1 X698.24471 Y92.59916 F8000
G1 X697.78087 Y92.37855 F8000
G1 X697.4177 Y92.01538 F8000
G1 X697.22831 Y91.64991 F8000
G1 X697.14105 Y91.14376 F8000
G1 X697.14105 Y83.0169 F8000
G1 X697.31052 Y82.32152 F8000
G1 X697.78087 Y81.78208 F8000
G1 X698.44669 Y81.51954 F8000
G1 X702.23741 Y81.54055 F8000
G0 Z0
G1 X708.93719 Y81.99195 F8000
G1 Z1 F8000
G1 X708.93719 Y81.99195 F8000
G1 X708.62908 Y80.92671 F8000
G1 X707.99604 Y80.01625 F8000
G1 X707.53643 Y79.62017 F8000
G1 X707.01399 Y79.31162 F8000
G1 X705.94875 Y79.00351 F8000
G1 X704.84096 Y79.0528 F8000
G1 X704.26068 Y79.22999 F8000
G1 X703.72087 Y79.50706 F8000
G1 X703.23859 Y79.87523 F8000
G1 X702.82907 Y80.32291 F8000
G1 X702.30813 Y81.30184 F8000
G1 X702.12819 Y82.39602 F8000
G1 X702.16563 Y92.26906 F8000
G1 X702.46027 Y93.23395 F8000
G1 X702.95665 Y93.99499 F8000
G1 X703.63607 Y94.59827 F8000
G1 X704.45049 Y95.00115 F8000
G1 X705.1406 Y95.15712 F8000
G1 X705.74708 Y95.17512 F8000
G1 X706.34716 Y95.08553 F8000
G1 X707.01399 Y94.84902 F8000
G1 X707.61782 Y94.48024 F8000
G1 X708.13272 Y93.99499 F8000
G1 X708.48642 Y93.50202 F8000
G1 X708.78122 Y92.85882 F8000
G1 X708.96116 Y91.76461 F8000
G1 X708.93719 Y81.99195 F8000
G0 Z0
G1 X699.99715 Y81.50546 F8000
G1 Z1 F8000
G1 X699.99715 Y81.50546 F8000
G1 X699.99715 Y73.69943 F8000
G0 Z0
G1 X702.23741 Y73.66435 F8000
G1 Z1 F8000
G1 X702.23741 Y73.66435 F8000
G1 X698.65249 Y73.69943 F8000
G1 X698.24471 Y73.64339 F8000
G1 X697.78087 Y73.42281 F8000
G1 X697.4177 Y73.05961 F8000
G1 X697.22831 Y72.69415 F8000
G1 X697.14105 Y72.188 F8000
G1 X697.14105 Y64.06113 F8000
G1 X697.31052 Y63.36578 F8000
G1 X697.78087 Y62.82632 F8000
G1 X698.44669 Y62.56377 F8000
G1 X702.23741 Y62.58478 F8000
G0 Z0
G1 X701.93406 Y62.55033 F8000
G1 Z1 F8000
G1 X701.93406 Y62.55033 F8000
G1 X702.34541 Y62.2418 F8000
G0 Z0
G1 X702.13419 Y63.23788 F8000
G1 Z1 F8000
G1 X702.13419 Y63.23788 F8000
G1 X702.1297 Y72.9101 F8000
G1 X702.342 Y73.99849 F8000
G1 X702.60293 Y74.54626 F8000
G1 X703.02388 Y75.11493 F8000
G1 X703.55294 Y75.58472 F8000
G1 X704.07536 Y75.89328 F8000
G1 X704.74219 Y76.12976 F8000
G1 X705.34229 Y76.21935 F8000
G1 X706.0491 Y76.18792 F8000
G1 X706.73432 Y76.01155 F8000
G1 X707.53643 Y75.58472 F8000
G1 X708.19768 Y74.96155 F8000
G1 X708.67126 Y74.18613 F8000
G1 X708.92372 Y73.3133 F8000
G1 X708.95968 Y63.33903 F8000
G1 X708.74738 Y62.25064 F8000
G1 X708.48642 Y61.70287 F8000
G1 X708.13272 Y61.2099 F8000
G1 X707.28206 Y60.49851 F8000
G1 X706.73432 Y60.23758 F8000
G1 X706.14904 Y60.07764 F8000
G1 X705.04025 Y60.06121 F8000
G1 X703.98461 Y60.40075 F8000
G1 X703.47156 Y60.72465 F8000
G1 X703.02388 Y61.1342 F8000
G1 X702.65571 Y61.61646 F8000
G1 X702.37864 Y62.15626 F8000
G1 X702.13419 Y63.23788 F8000
G0 Z0
G1 X699.99715 Y62.5497 F8000
G1 Z1 F8000
G1 X699.99715 Y62.5497 F8000
G1 X699.99715 Y54.74369 F8000
G0 Z0
G1 X702.23741 Y54.70858 F8000
G1 Z1 F8000
G1 X702.23741 Y54.70858 F8000
G1 X698.65249 Y54.74369 F8000
G1 X698.24471 Y54.68763 F8000
G1 X697.78087 Y54.46704 F8000
G1 X697.4177 Y54.10385 F8000
G1 X697.22831 Y53.73838 F8000
G1 X697.14105 Y53.23223 F8000
G1 X697.14105 Y45.10536 F8000
G1 X697.31052 Y44.41001 F8000
G1 X697.78087 Y43.87058 F8000
G1 X698.44669 Y43.60801 F8000
G1 X702.23741 Y43.62902 F8000
G0 Z0
G1 X707.92444 Y42.03315 F8000
G1 Z1 F8000
G1 X707.92444 Y42.03315 F8000
G1 X707.19414 Y41.49256 F8000
G1 X706.34716 Y41.1636 F8000
G1 X705.44344 Y41.06951 F8000
G1 X704.54688 Y41.21697 F8000
G1 X703.72087 Y41.59553 F8000
G1 X703.02388 Y42.17844 F8000
G1 X702.50517 Y42.92443 F8000
G1 X702.20145 Y43.78078 F8000
G1 X702.12819 Y44.48452 F8000
G1 X702.12819 Y53.8531 F8000
G1 X702.20145 Y54.55682 F8000
G1 X702.55274 Y55.50257 F8000
G1 X703.09331 Y56.23287 F8000
G1 X703.89523 Y56.84504 F8000
G1 X704.84096 Y57.19633 F8000
G1 X705.54467 Y57.26959 F8000
G1 X706.14904 Y57.21572 F8000
G1 X706.8287 Y57.01914 F8000
G1 X707.4533 Y56.68677 F8000
G1 X707.99604 Y56.23287 F8000
G1 X708.37834 Y55.7617 F8000
G1 X708.71071 Y55.1371 F8000
G1 X708.88792 Y54.55682 F8000
G1 X708.96116 Y53.8531 F8000
G1 X708.94767 Y44.18115 F8000
G1 X708.84035 Y43.58396 F8000
G1 X708.62908 Y43.01521 F8000
G1 X708.32053 Y42.49276 F8000
G1 X707.92444 Y42.03315 F8000
G0 Z0
G1 X705.95348 Y46.24627 F8000
G1 Z1 F8000
G1 X705.95348 Y46.24627 F8000
G1 X706.51506 Y45.99354 F8000
G1 X707.00655 Y45.47142 F8000
G1 X707.22494 Y44.8956 F8000
G1 X707.20327 Y44.17887 F8000
G1 X706.88937 Y43.53416 F8000
G1 X706.42841 Y43.12578 F8000
G1 X705.75057 Y42.89189 F8000
G1 X705.13584 Y42.92906 F8000
G1 X704.49116 Y43.24296 F8000
G1 X704.08277 Y43.70395 F8000
G1 X703.86438 Y44.27976 F8000
G1 X703.88605 Y44.99649 F8000
G1 X704.19996 Y45.64117 F8000
G1 X704.66091 Y46.04956 F8000
G1 X705.33875 Y46.28348 F8000
G1 X705.95348 Y46.24627 F8000
G0 Z0
G1 X708.96116 Y44.70669 F8000
G1 Z1 F8000
G1 X708.96116 Y44.70669 F8000
G1 X711.14099 Y44.7177 F8000
G1 X711.82316 Y44.50119 F8000
G1 X712.21027 Y44.16363 F8000
G1 X712.46202 Y43.71593 F8000
G1 X712.54928 Y43.20978 F8000
G1 X712.46202 Y42.70363 F8000
G1 X712.27264 Y42.33817 F8000
G1 X711.9917 Y42.03733 F8000
G1 X711.63999 Y41.82347 F8000
G1 X711.24364 Y41.71243 F8000
G1 X708.96378 Y41.71243 F8000
G1 X708.47422 Y41.86779 F8000
G1 X708.0651 Y42.17801 F8000
G0 Z0
G1 X708.96116 Y53.69851 F8000
G1 Z1 F8000
G1 X708.96116 Y53.69851 F8000
G1 X711.14099 Y53.68753 F8000
G1 X711.82316 Y53.90404 F8000
G1 X712.21027 Y54.24159 F8000
G1 X712.46202 Y54.68929 F8000
G1 X712.54928 Y55.19544 F8000
G1 X712.46202 Y55.70159 F8000
G1 X712.27264 Y56.06706 F8000
G1 X711.9917 Y56.36786 F8000
G1 X711.63999 Y56.58175 F8000
G1 X711.24364 Y56.6928 F8000
G1 X708.96378 Y56.6928 F8000
G1 X708.47422 Y56.53741 F8000
G1 X708.03446 Y56.19207 F8000
G0 Z0
G1 X709.72533 Y56.70687 F8000
G1 Z1 F8000
G1 X709.72533 Y56.70687 F8000
G1 X705.28959 Y60.03369 F8000
G0 Z0
G1 X708.0651 Y61.13378 F8000
G1 Z1 F8000
G1 X708.0651 Y61.13378 F8000
G1 X708.47422 Y60.82355 F8000
G1 X708.96378 Y60.66816 F8000
G1 X711.24364 Y60.66816 F8000
G1 X711.63999 Y60.77924 F8000
G1 X711.9917 Y60.9931 F8000
G1 X712.27264 Y61.29393 F8000
G1 X712.46202 Y61.6594 F8000
G1 X712.54928 Y62.16555 F8000
G1 X712.46202 Y62.6717 F8000
G1 X712.21027 Y63.1194 F8000
G1 X711.82316 Y63.45695 F8000
G1 X711.14099 Y63.67346 F8000
G1 X708.96116 Y63.66246 F8000
G0 Z0
G1 X704.08277 Y62.65968 F8000
G1 Z1 F8000
G1 X704.08277 Y62.65968 F8000
G1 X703.86438 Y63.23552 F8000
G1 X703.88605 Y63.95225 F8000
G1 X704.19996 Y64.59694 F8000
G1 X704.66091 Y65.00532 F8000
G1 X705.23675 Y65.22371 F8000
G1 X705.95348 Y65.20204 F8000
G1 X706.59817 Y64.88814 F8000
G1 X707.00655 Y64.42718 F8000
G1 X707.22494 Y63.85134 F8000
G1 X707.20327 Y63.13461 F8000
G1 X706.88937 Y62.48993 F8000
G1 X706.42841 Y62.08154 F8000
G1 X705.85257 Y61.86316 F8000
G1 X705.13584 Y61.88483 F8000
G1 X704.49116 Y62.19873 F8000
G1 X704.08277 Y62.65968 F8000
G0 Z0
G1 X708.96116 Y72.65427 F8000
G1 Z1 F8000
G1 X708.96116 Y72.65427 F8000
G1 X711.14099 Y72.64327 F8000
G1 X711.82316 Y72.85977 F8000
G1 X712.21027 Y73.19733 F8000
G1 X712.46202 Y73.64503 F8000
G1 X712.54928 Y74.15118 F8000
G1 X712.46202 Y74.65735 F8000
G1 X712.27264 Y75.02282 F8000
G1 X711.9917 Y75.32363 F8000
G1 X711.63999 Y75.53749 F8000
G1 X711.24364 Y75.64856 F8000
G1 X708.96378 Y75.64856 F8000
G1 X708.47422 Y75.49317 F8000
G1 X708.03446 Y75.14784 F8000
G0 Z0
G1 X709.40286 Y75.66264 F8000
G1 Z1 F8000
G1 X709.40286 Y75.66264 F8000
G1 X693.39931 Y83.66441 F8000
G0 Z0
G1 X694.1579 Y84.25017 F8000
G1 Z1 F8000
G1 X694.1579 Y84.25017 F8000
G1 X694.56491 Y83.9613 F8000
G1 X694.95959 Y83.86134 F8000
G1 X696.69264 Y83.86134 F8000
G1 X697.14105 Y83.98757 F8000
G0 Z0
G1 X697.14105 Y86.20028 F8000
G1 Z1 F8000
G1 X697.14105 Y86.20028 F8000
G1 X696.69264 Y86.32652 F8000
G1 X694.89119 Y86.31797 F8000
G0 Z0
G1 X693.39669 Y85.71075 F8000
G1 Z1 F8000
G1 X693.39669 Y85.71075 F8000
G1 X693.04625 Y85.19675 F8000
G1 X692.60617 Y84.92023 F8000
G1 X692.09547 Y84.8236 F8000
G1 X691.5848 Y84.92023 F8000
G1 X691.14469 Y85.19675 F8000
G1 X690.79425 Y85.71075 F8000
G1 X690.69763 Y86.22145 F8000
G1 X690.79425 Y86.73215 F8000
G1 X691.07079 Y87.17223 F8000
G1 X691.48897 Y87.48087 F8000
G1 X692.09547 Y87.6193 F8000
G1 X692.60617 Y87.52267 F8000
G1 X693.12018 Y87.17223 F8000
G1 X693.39669 Y86.73215 F8000
G1 X693.49332 Y86.22145 F8000
G1 X693.39669 Y85.71075 F8000
G0 Z0
G1 X690.46879 Y83.86332 F8000
G1 Z1 F8000
G1 X690.46879 Y83.86332 F8000
G1 X690.01333 Y84.27142 F8000
G1 X689.65752 Y84.76876 F8000
G1 X689.44953 Y85.23434 F8000
G1 X689.31658 Y85.83127 F8000
G1 X689.3296 Y94.21034 F8000
G1 X689.44953 Y94.70596 F8000
G1 X689.70911 Y95.25968 F8000
G1 X690.38685 Y96.01607 F8000
G1 X690.90884 Y96.33463 F8000
G1 X691.38837 Y96.50806 F8000
G1 X691.9934 Y96.59712 F8000
G1 X692.50256 Y96.56918 F8000
G1 X693.28216 Y96.33463 F8000
G1 X693.9611 Y95.88544 F8000
G1 X694.48188 Y95.25968 F8000
G1 X694.82431 Y94.41116 F8000
G1 X694.89119 Y93.80328 F8000
G1 X694.8614 Y85.72996 F8000
G1 X694.66849 Y85.04363 F8000
G1 X694.30826 Y84.42837 F8000
G1 X693.80415 Y83.92426 F8000
G1 X693.18889 Y83.56403 F8000
G1 X692.50256 Y83.37112 F8000
G1 X691.78972 Y83.3581 F8000
G1 X691.09678 Y83.5258 F8000
G1 X690.46879 Y83.86332 F8000
G0 Z0
G1 X689.38884 Y85.4376 F8000
G1 Z1 F8000
G1 X689.38884 Y85.4376 F8000
G1 X686.15205 Y85.44612 F8000
G1 X685.7792 Y85.60966 F8000
G1 X685.47967 Y85.88543 F8000
G1 X685.28589 Y86.24349 F8000
G1 X685.21887 Y86.64508 F8000
G1 X685.21887 Y93.29522 F8000
G1 X685.36794 Y93.88389 F8000
G1 X685.7792 Y94.33064 F8000
G1 X686.25209 Y94.51516 F8000
G1 X689.38884 Y94.5027 F8000
G0 Z0
G1 X688.48102 Y94.53205 F8000
G1 Z1 F8000
G1 X688.48102 Y94.53205 F8000
G1 X688.48102 Y100.91965 F8000
G0 Z0
G1 X689.38884 Y100.94896 F8000
G1 Z1 F8000
G1 X689.38884 Y100.94896 F8000
G1 X686.15205 Y100.95748 F8000
G1 X685.7792 Y101.12102 F8000
G1 X685.47967 Y101.39677 F8000
G1 X685.28589 Y101.75486 F8000
G1 X685.21887 Y102.15644 F8000
G1 X685.21887 Y108.80659 F8000
G1 X685.36794 Y109.39523 F8000
G1 X685.7792 Y109.84201 F8000
G1 X686.25209 Y110.02653 F8000
G1 X689.38884 Y110.01407 F8000
G0 Z0
G1 X688.48102 Y110.04338 F8000
G1 Z1 F8000
G1 X688.48102 Y110.04338 F8000
G1 X688.48102 Y116.43098 F8000
G0 Z0
G1 X689.38884 Y116.46033 F8000
G1 Z1 F8000
G1 X689.38884 Y116.46033 F8000
G1 X686.15205 Y116.46885 F8000
G1 X685.7792 Y116.63239 F8000
G1 X685.47967 Y116.90813 F8000
G1 X685.28589 Y117.26622 F8000
G1 X685.21887 Y117.66781 F8000
G1 X685.21887 Y124.31795 F8000
G1 X685.36794 Y124.9066 F8000
G1 X685.7792 Y125.35337 F8000
G1 X686.25209 Y125.53789 F8000
G1 X689.38884 Y125.52543 F8000
G0 Z0
G1 X688.48102 Y125.55475 F8000
G1 Z1 F8000
G1 X688.48102 Y125.55475 F8000
G1 X688.48102 Y131.94235 F8000
G0 Z0
G1 X689.38884 Y131.97169 F8000
G1 Z1 F8000
G1 X689.38884 Y131.97169 F8000
G1 X686.15205 Y131.98021 F8000
G1 X685.7792 Y132.14375 F8000
G1 X685.47967 Y132.4195 F8000
G1 X685.28589 Y132.77756 F8000
G1 X685.21887 Y133.17917 F8000
G1 X685.21887 Y139.82932 F8000
G1 X685.36794 Y140.41796 F8000
G1 X685.7792 Y140.86471 F8000
G1 X686.25209 Y141.04926 F8000
G1 X689.38884 Y141.0368 F8000
G0 Z0
G1 X688.48102 Y141.06611 F8000
G1 Z1 F8000
G1 X688.48102 Y141.06611 F8000
G1 X688.48102 Y147.45371 F8000
G0 Z0
G1 X689.38884 Y147.48303 F8000
G1 Z1 F8000
G1 X689.38884 Y147.48303 F8000
G1 X686.15205 Y147.49155 F8000
G1 X685.7792 Y147.65512 F8000
G1 X685.47967 Y147.93086 F8000
G1 X685.28589 Y148.28893 F8000
G1 X685.21887 Y148.69051 F8000
G1 X685.21887 Y155.34068 F8000
G1 X685.36794 Y155.92933 F8000
G1 X685.7792 Y156.37608 F8000
G1 X686.25209 Y156.5606 F8000
G1 X689.38884 Y156.54814 F8000
G0 Z0
G1 X688.48102 Y156.57748 F8000
G1 Z1 F8000
G1 X688.48102 Y156.57748 F8000
G1 X688.48102 Y162.96508 F8000
G0 Z0
G1 X689.38884 Y162.9944 F8000
G1 Z1 F8000
G1 X689.38884 Y162.9944 F8000
G1 X686.15205 Y163.00291 F8000
G1 X685.7792 Y163.16648 F8000
G1 X685.47967 Y163.44223 F8000
G1 X685.28589 Y163.80029 F8000
G1 X685.21887 Y164.20187 F8000
G1 X685.21887 Y170.85202 F8000
G1 X685.36794 Y171.44069 F8000
G1 X685.7792 Y171.88744 F8000
G1 X686.25209 Y172.07196 F8000
G1 X689.38884 Y172.0595 F8000
G0 Z0
G1 X692.60617 Y172.55181 F8000
G1 Z1 F8000
G1 X692.60617 Y172.55181 F8000
G1 X693.04625 Y172.2753 F8000
G1 X693.39669 Y171.76129 F8000
G1 X693.49332 Y171.25059 F8000
G1 X693.39669 Y170.73992 F8000
G1 X693.12018 Y170.29981 F8000
G1 X692.60617 Y169.94937 F8000
G1 X692.09547 Y169.85274 F8000
G1 X691.5848 Y169.94937 F8000
G1 X691.14469 Y170.22591 F8000
G1 X690.83606 Y170.64409 F8000
G1 X690.69763 Y171.25059 F8000
G1 X690.79425 Y171.76129 F8000
G1 X691.07079 Y172.20137 F8000
G1 X691.48897 Y172.51001 F8000
G1 X692.09547 Y172.64844 F8000
G1 X692.60617 Y172.55181 F8000
G0 Z0
G1 X694.1329 Y173.27386 F8000
G1 Z1 F8000
G1 X694.1329 Y173.27386 F8000
G1 X694.47307 Y173.54625 F8000
G1 X694.85817 Y173.67843 F8000
G1 X696.69264 Y173.69108 F8000
G1 X696.99209 Y173.6283 F8000
G1 X697.35015 Y173.43452 F8000
G1 X697.6259 Y173.13498 F8000
G1 X697.76028 Y172.8601 F8000
G1 X697.8273 Y172.45849 F8000
G1 X697.72314 Y171.96168 F8000
G1 X697.50044 Y171.62085 F8000
G1 X697.17915 Y171.37076 F8000
G1 X696.69264 Y171.22593 F8000
G1 X694.89119 Y171.23445 F8000
G0 Z0
G1 X697.92729 Y176.47048 F8000
G1 Z1 F8000
G1 X697.92729 Y176.47048 F8000
G1 X695.15214 Y173.69532 F8000
G1 X697.92729 Y176.47048 F8000
G0 Z0
G1 X699.99715 Y176.28424 F8000
G1 Z1 F8000
G1 X699.99715 Y176.28424 F8000
G1 X699.99715 Y168.47823 F8000
G0 Z0
G1 X702.23741 Y168.44315 F8000
G1 Z1 F8000
G1 X702.23741 Y168.44315 F8000
G1 X698.65249 Y168.47823 F8000
G1 X698.24471 Y168.42219 F8000
G1 X697.78087 Y168.20158 F8000
G1 X697.4177 Y167.83842 F8000
G1 X697.22831 Y167.47295 F8000
G1 X697.14105 Y166.9668 F8000
G1 X697.14105 Y158.83993 F8000
G1 X697.31052 Y158.14455 F8000
G1 X697.78087 Y157.60512 F8000
G1 X698.44669 Y157.34257 F8000
G1 X702.23741 Y157.36358 F8000
G0 Z0
G1 X702.82907 Y156.14594 F8000
G1 Z1 F8000
G1 X702.82907 Y156.14594 F8000
G1 X702.342 Y157.02944 F8000
G1 X702.13419 Y158.01668 F8000
G1 X702.12819 Y167.58764 F8000
G1 X702.22375 Y168.39013 F8000
G1 X702.46027 Y169.05696 F8000
G1 X702.76882 Y169.5794 F8000
G1 X703.23859 Y170.10846 F8000
G1 X703.80729 Y170.52942 F8000
G1 X704.35505 Y170.79035 F8000
G1 X705.04025 Y170.96669 F8000
G1 X705.74708 Y170.99815 F8000
G1 X706.34716 Y170.90856 F8000
G1 X707.28206 Y170.52942 F8000
G1 X708.06549 Y169.89373 F8000
G1 X708.58418 Y169.14773 F8000
G1 X708.90729 Y168.19201 F8000
G1 X708.96116 Y167.58764 F8000
G1 X708.96116 Y158.21906 F8000
G1 X708.86559 Y157.41658 F8000
G1 X708.53661 Y156.56959 F8000
G1 X707.92444 Y155.76769 F8000
G1 X707.19414 Y155.22712 F8000
G1 X706.24841 Y154.87584 F8000
G1 X705.2413 Y154.81607 F8000
G1 X704.35505 Y155.01638 F8000
G1 X703.55294 Y155.44321 F8000
G1 X702.82907 Y156.14594 F8000
G0 Z0
G1 X699.99715 Y157.32847 F8000
G1 Z1 F8000
G1 X699.99715 Y157.32847 F8000
G1 X699.99715 Y149.52247 F8000
G0 Z0
G1 X702.23741 Y149.48738 F8000
G1 Z1 F8000
G1 X702.23741 Y149.48738 F8000
G1 X698.65249 Y149.52247 F8000
G1 X698.24471 Y149.46643 F8000
G1 X697.78087 Y149.24584 F8000
G1 X697.4177 Y148.88265 F8000
G1 X697.22831 Y148.51718 F8000
G1 X697.14105 Y148.01103 F8000
G1 X697.14105 Y139.88417 F8000
G1 X697.31052 Y139.18881 F8000
G1 X697.78087 Y138.64936 F8000
G1 X698.44669 Y138.38681 F8000
G1 X702.23741 Y138.40782 F8000
G0 Z0
G1 X706.73432 Y136.06062 F8000
G1 Z1 F8000
G1 X706.73432 Y136.06062 F8000
G1 X705.94875 Y135.87078 F8000
G1 X705.1406 Y135.87078 F8000
G1 X704.35505 Y136.06062 F8000
G1 X703.72087 Y136.37433 F8000
G1 X703.09331 Y136.88355 F8000
G1 X702.60293 Y137.52591 F8000
G1 X702.30813 Y138.16911 F8000
G1 X702.14168 Y138.95992 F8000
G1 X702.12819 Y148.6319 F8000
G1 X702.22375 Y149.43439 F8000
G1 X702.60293 Y150.36929 F8000
G1 X703.31431 Y151.21993 F8000
G1 X704.26068 Y151.79794 F8000
G1 X705.2413 Y152.0349 F8000
G1 X705.94875 Y152.02442 F8000
G1 X706.5425 Y151.89943 F8000
G1 X707.19414 Y151.62384 F8000
G1 X707.69738 Y151.28488 F8000
G1 X708.19768 Y150.78458 F8000
G1 X708.58418 Y150.19197 F8000
G1 X708.81223 Y149.6297 F8000
G1 X708.94767 Y148.93528 F8000
G1 X708.96116 Y139.26329 F8000
G1 X708.90729 Y138.65896 F8000
G1 X708.62908 Y137.79398 F8000
G1 X708.13272 Y137.03294 F8000
G1 X707.53643 Y136.48744 F8000
G1 X706.73432 Y136.06062 F8000
G0 Z0
G1 X699.99715 Y138.37273 F8000
G1 Z1 F8000
G1 X699.99715 Y138.37273 F8000
G1 X699.99715 Y130.56673 F8000
G0 Z0
G1 X702.23741 Y130.53162 F8000
G1 Z1 F8000
G1 X702.23741 Y130.53162 F8000
G1 X698.65249 Y130.56673 F8000
G1 X698.24471 Y130.51066 F8000
G1 X697.78087 Y130.29008 F8000
G1 X697.4177 Y129.92688 F8000
G1 X697.22831 Y129.56142 F8000
G1 X697.14105 Y129.05527 F8000
G1 X697.14105 Y120.9284 F8000
G1 X697.31052 Y120.23305 F8000
G1 X697.78087 Y119.69362 F8000
G1 X698.44669 Y119.43104 F8000
G1 X702.23741 Y119.45205 F8000
G0 Z0
G1 X702.14168 Y129.97951 F8000
G1 Z1 F8000
G1 X702.14168 Y129.97951 F8000
G1 X702.249 Y130.57668 F8000
G1 X702.46027 Y131.14545 F8000
G1 X703.09331 Y132.05591 F8000
G1 X703.55294 Y132.45199 F8000
G1 X704.07536 Y132.76055 F8000
G1 X705.1406 Y133.06865 F8000
G1 X705.74708 Y133.08662 F8000
G1 X706.34716 Y132.99706 F8000
G1 X707.36847 Y132.5651 F8000
G1 X707.85076 Y132.19693 F8000
G1 X708.26031 Y131.74926 F8000
G1 X708.78122 Y130.77032 F8000
G1 X708.96116 Y129.67614 F8000
G1 X708.92372 Y119.80313 F8000
G1 X708.67126 Y118.93027 F8000
G1 X708.19768 Y118.15485 F8000
G1 X707.53643 Y117.53168 F8000
G1 X706.63889 Y117.07101 F8000
G1 X705.94875 Y116.91504 F8000
G1 X705.34229 Y116.89705 F8000
G1 X704.74219 Y116.98664 F8000
G1 X704.07536 Y117.22315 F8000
G1 X703.55294 Y117.53168 F8000
G1 X703.02388 Y118.00147 F8000
G1 X702.60293 Y118.57014 F8000
G1 X702.30813 Y119.21334 F8000
G1 X702.1297 Y120.2063 F8000
G1 X702.14168 Y129.97951 F8000
G0 Z0
G1 X699.99715 Y119.41697 F8000
G1 Z1 F8000
G1 X699.99715 Y119.41697 F8000
G1 X699.99715 Y111.61096 F8000
G0 Z0
G1 X697.57605 Y111.15934 F8000
G1 Z1 F8000
G1 X697.57605 Y111.15934 F8000
G1 X697.17915 Y111.50079 F8000
G1 X696.59051 Y111.64986 F8000
G1 X694.85817 Y111.633 F8000
G1 X694.47307 Y111.50079 F8000
G1 X694.1329 Y111.2284 F8000
G0 Z0
G1 X691.39655 Y110.41573 F8000
G1 Z1 F8000
G1 X691.39655 Y110.41573 F8000
G1 X691.88714 Y110.58739 F8000
G1 X692.50751 Y110.54091 F8000
G1 X692.96701 Y110.29805 F8000
G1 X693.30605 Y109.90408 F8000
G1 X693.47771 Y109.41349 F8000
G1 X693.45829 Y108.89411 F8000
G1 X693.18836 Y108.33362 F8000
G1 X692.7944 Y107.99458 F8000
G1 X692.30381 Y107.82292 F8000
G1 X691.68346 Y107.86941 F8000
G1 X691.22393 Y108.11227 F8000
G1 X690.8849 Y108.50623 F8000
G1 X690.71324 Y108.99682 F8000
G1 X690.75972 Y109.61717 F8000
G1 X691.00258 Y110.07669 F8000
G1 X691.39655 Y110.41573 F8000
G0 Z0
G1 X694.89119 Y109.18902 F8000
G1 Z1 F8000
G1 X694.89119 Y109.18902 F8000
G1 X696.69264 Y109.18047 F8000
G1 X697.14105 Y109.3067 F8000
G0 Z0
G1 X694.1579 Y115.27288 F8000
G1 Z1 F8000
G1 X694.1579 Y115.27288 F8000
G1 X694.47307 Y115.0289 F8000
G1 X694.85817 Y114.89672 F8000
G1 X696.69264 Y114.88407 F8000
G1 X696.99209 Y114.94686 F8000
G1 X697.35015 Y115.14064 F8000
G1 X697.6259 Y115.44017 F8000
G1 X697.76028 Y115.71505 F8000
G1 X697.8273 Y116.11666 F8000
G1 X697.72314 Y116.61347 F8000
G1 X697.50044 Y116.9543 F8000
G1 X697.17915 Y117.20439 F8000
G1 X696.69264 Y117.34922 F8000
G1 X694.89119 Y117.3407 F8000
G0 Z0
G1 X691.99102 Y115.85022 F8000
G1 Z1 F8000
G1 X691.99102 Y115.85022 F8000
G1 X691.39655 Y116.03361 F8000
G1 X691.00258 Y116.37262 F8000
G1 X690.75972 Y116.83215 F8000
G1 X690.70154 Y117.34864 F8000
G1 X690.83606 Y117.85066 F8000
G1 X691.14469 Y118.26886 F8000
G1 X691.68346 Y118.5799 F8000
G1 X692.19993 Y118.63811 F8000
G1 X692.7944 Y118.45473 F8000
G1 X693.18836 Y118.11572 F8000
G1 X693.43122 Y117.65619 F8000
G1 X693.4894 Y117.1397 F8000
G1 X693.35489 Y116.63768 F8000
G1 X693.04625 Y116.21948 F8000
G1 X692.50751 Y115.90843 F8000
G1 X691.99102 Y115.85022 F8000
G0 Z0
G1 X689.48427 Y116.16106 F8000
G1 Z1 F8000
G1 X689.48427 Y116.16106 F8000
G1 X689.2998 Y117.15975 F8000
G1 X689.2998 Y124.82601 F8000
G1 X689.41834 Y125.63142 F8000
G1 X689.60916 Y126.10431 F8000
G1 X689.94658 Y126.61433 F8000
G1 X690.72723 Y127.26398 F8000
G1 X691.29005 Y127.50317 F8000
G1 X691.78972 Y127.60493 F8000
G1 X692.29957 Y127.61424 F8000
G1 X692.90092 Y127.50317 F8000
G1 X693.55187 Y127.21239 F8000
G1 X694.17764 Y126.69161 F8000
G1 X694.62685 Y126.01266 F8000
G1 X694.84468 Y125.33379 F8000
G1 X694.89119 Y117.15975 F8000
G1 X694.77266 Y116.35431 F8000
G1 X694.3692 Y115.53304 F8000
G1 X693.80415 Y114.94696 F8000
G1 X692.99818 Y114.51379 F8000
G1 X692.1976 Y114.36594 F8000
G1 X691.29005 Y114.48259 F8000
G1 X690.55292 Y114.82814 F8000
G1 X689.94658 Y115.37143 F8000
G1 X689.48427 Y116.16106 F8000
G0 Z0
G1 X686.73128 Y116.43098 F8000
G1 Z1 F8000
G1 X686.73128 Y116.43098 F8000
G1 X687.18605 Y116.11531 F8000
G1 X687.41287 Y115.56765 F8000
G1 X687.34009 Y115.07682 F8000
G1 X686.96401 Y114.61861 F8000
G1 X686.49683 Y114.45145 F8000
G1 X685.03461 Y114.45145 F8000
G1 X684.65337 Y114.5671 F8000
G1 X684.38927 Y114.77144 F8000
G0 Z0
G1 X684.99389 Y116.47766 F8000
G1 Z1 F8000
G1 X684.99389 Y116.47766 F8000
G1 X686.08564 Y116.48861 F8000
G0 Z0
G1 X683.56991 Y115.65663 F8000
G1 Z1 F8000
G1 X683.56991 Y115.65663 F8000
G1 X683.17359 Y115.35252 F8000
G1 X682.78647 Y115.2488 F8000
G1 X682.2912 Y115.31399 F8000
G1 X681.94412 Y115.51439 F8000
G1 X681.64001 Y115.91068 F8000
G1 X681.53629 Y116.29782 F8000
G1 X681.60148 Y116.79309 F8000
G1 X681.80188 Y117.14017 F8000
G1 X682.1982 Y117.44426 F8000
G1 X682.58531 Y117.548 F8000
G1 X683.08058 Y117.48278 F8000
G1 X683.42767 Y117.28241 F8000
G1 X683.73175 Y116.88609 F8000
G1 X683.83549 Y116.49898 F8000
G1 X683.80057 Y116.09973 F8000
G1 X683.56991 Y115.65663 F8000
G0 Z0
G1 X681.0539 Y114.69672 F8000
G1 Z1 F8000
G1 X681.0539 Y114.69672 F8000
G1 X680.59416 Y115.35331 F8000
G1 X680.3867 Y116.12756 F8000
G1 X680.37792 Y122.65756 F8000
G1 X680.43263 Y123.15712 F8000
G1 X680.7953 Y123.98138 F8000
G1 X681.44583 Y124.6041 F8000
G1 X682.28511 Y124.93049 F8000
G1 X683.18544 Y124.91086 F8000
G1 X683.83989 Y124.65636 F8000
G1 X684.38752 Y124.21683 F8000
G1 X684.73312 Y123.72328 F8000
G1 X684.95881 Y123.05835 F8000
G1 X684.99389 Y116.3287 F8000
G1 X684.93918 Y115.82916 F8000
G1 X684.73312 Y115.26298 F8000
G1 X684.38752 Y114.76945 F8000
G1 X683.92598 Y114.38216 F8000
G1 X683.37993 Y114.12755 F8000
G1 X682.78658 Y114.0229 F8000
G1 X682.18637 Y114.07542 F8000
G1 X681.62019 Y114.28148 F8000
G1 X681.0539 Y114.69672 F8000
G0 Z0
G1 X680.45168 Y115.75124 F8000
G1 Z1 F8000
G1 X680.45168 Y115.75124 F8000
G1 X677.73356 Y115.77103 F8000
G1 X677.3822 Y115.95884 F8000
G1 X677.18098 Y116.18085 F8000
G1 X677.0089 Y116.74811 F8000
G1 X677.0089 Y122.23814 F8000
G1 X677.12947 Y122.71947 F8000
G1 X677.3822 Y123.02742 F8000
G1 X677.83075 Y123.23956 F8000
G1 X680.45168 Y123.23501 F8000
G0 Z0
G1 X679.9798 Y123.2592 F8000
G1 Z1 F8000
G1 X679.9798 Y123.2592 F8000
G1 X679.9798 Y128.53248 F8000
G0 Z0
G1 X680.45168 Y128.55666 F8000
G1 Z1 F8000
G1 X680.45168 Y128.55666 F8000
G1 X677.73356 Y128.57645 F8000
G1 X677.24067 Y128.90578 F8000
G1 X677.05287 Y129.25712 F8000
G1 X677.0089 Y129.55353 F8000
G1 X677.0089 Y135.04356 F8000
G1 X677.12947 Y135.52486 F8000
G1 X677.3822 Y135.83284 F8000
G1 X677.83075 Y136.04498 F8000
G1 X680.44872 Y136.04117 F8000
G0 Z0
G1 X679.9798 Y136.06459 F8000
G1 Z1 F8000
G1 X679.9798 Y136.06459 F8000
G1 X679.9798 Y141.33789 F8000
G0 Z0
G1 X680.45168 Y141.36205 F8000
G1 Z1 F8000
G1 X680.45168 Y141.36205 F8000
G1 X677.73356 Y141.38184 F8000
G1 X677.3822 Y141.56964 F8000
G1 X677.18098 Y141.79165 F8000
G1 X677.0089 Y142.35892 F8000
G1 X677.0089 Y147.84895 F8000
G1 X677.12947 Y148.33028 F8000
G1 X677.3822 Y148.63823 F8000
G1 X677.83075 Y148.85037 F8000
G1 X680.45168 Y148.84582 F8000
G0 Z0
G1 X679.9798 Y148.87 F8000
G1 Z1 F8000
G1 X679.9798 Y148.87 F8000
G1 X679.9798 Y154.14328 F8000
G0 Z0
G1 X680.45168 Y154.16747 F8000
G1 Z1 F8000
G1 X680.45168 Y154.16747 F8000
G1 X677.73356 Y154.18726 F8000
G1 X677.24067 Y154.51659 F8000
G1 X677.05287 Y154.86793 F8000
G1 X677.0089 Y155.16434 F8000
G1 X677.0089 Y160.65437 F8000
G1 X677.12947 Y161.13567 F8000
G1 X677.3822 Y161.44365 F8000
G1 X677.83075 Y161.65579 F8000
G1 X680.45168 Y161.65124 F8000
G0 Z0
G1 X683.68526 Y160.4064 F8000
G1 Z1 F8000
G1 X683.68526 Y160.4064 F8000
G1 X683.42767 Y160.09938 F8000
G1 X682.98457 Y159.86871 F8000
G1 X682.58531 Y159.83379 F8000
G1 X682.1089 Y159.98402 F8000
G1 X681.80188 Y160.24162 F8000
G1 X681.57122 Y160.68471 F8000
G1 X681.53629 Y161.08397 F8000
G1 X681.68649 Y161.56038 F8000
G1 X681.94412 Y161.8674 F8000
G1 X682.38722 Y162.09807 F8000
G1 X682.88627 Y162.11987 F8000
G1 X683.26288 Y161.98279 F8000
G1 X683.63118 Y161.64531 F8000
G1 X683.80057 Y161.28206 F8000
G1 X683.83549 Y160.88281 F8000
G1 X683.68526 Y160.4064 F8000
G0 Z0
G1 X685.27927 Y163.82244 F8000
G1 Z1 F8000
G1 X685.27927 Y163.82244 F8000
G1 X684.23827 Y162.78143 F8000
G1 X685.27927 Y163.82244 F8000
G0 Z0
G1 X684.36807 Y162.65335 F8000
G1 Z1 F8000
G1 X684.36807 Y162.65335 F8000
G1 X684.65337 Y162.88107 F8000
G1 X684.93547 Y162.98201 F8000
G1 X686.15825 Y163.00162 F8000
G0 Z0
G1 X686.66352 Y162.96508 F8000
G1 Z1 F8000
G1 X686.66352 Y162.96508 F8000
G1 X687.11874 Y162.70256 F8000
G1 X687.37382 Y162.27698 F8000
G1 X687.39819 Y161.78139 F8000
G1 X687.18605 Y161.33284 F8000
G1 X686.87807 Y161.08011 F8000
G1 X686.59595 Y160.97917 F8000
G1 X684.99389 Y160.97049 F8000
G0 Z0
G1 X694.24439 Y173.14842 F8000
G1 Z1 F8000
G1 X694.24439 Y173.14842 F8000
G1 X694.70673 Y172.3588 F8000
G1 X694.88373 Y171.56415 F8000
G1 X694.89119 Y163.69382 F8000
G1 X694.82431 Y163.08597 F8000
G1 X694.62685 Y162.50719 F8000
G1 X694.3692 Y162.06714 F8000
G1 X693.9611 Y161.61168 F8000
G1 X693.55187 Y161.30744 F8000
G1 X692.60329 Y160.94464 F8000
G1 X691.9934 Y160.90001 F8000
G1 X691.48762 Y160.96501 F8000
G1 X690.72723 Y161.25584 F8000
G1 X690.08287 Y161.75342 F8000
G1 X689.60916 Y162.41551 F8000
G1 X689.34629 Y163.18603 F8000
G1 X689.2998 Y171.36008 F8000
G1 X689.36669 Y171.96796 F8000
G1 X689.65752 Y172.72834 F8000
G1 X690.15507 Y173.37271 F8000
G1 X690.81719 Y173.84642 F8000
G1 X691.48762 Y174.08888 F8000
G1 X692.1976 Y174.15392 F8000
G1 X692.99818 Y174.00604 F8000
G1 X693.63807 Y173.69169 F8000
G1 X694.24439 Y173.14842 F8000
G0 Z0
G1 X691.22393 Y162.68536 F8000
G1 Z1 F8000
G1 X691.22393 Y162.68536 F8000
G1 X690.8849 Y163.07933 F8000
G1 X690.71324 Y163.56992 F8000
G1 X690.75972 Y164.19029 F8000
G1 X691.00258 Y164.64979 F8000
G1 X691.39655 Y164.98883 F8000
G1 X691.88714 Y165.16049 F8000
G1 X692.50751 Y165.114 F8000
G1 X692.96701 Y164.87114 F8000
G1 X693.30605 Y164.47717 F8000
G1 X693.47771 Y163.98658 F8000
G1 X693.45829 Y163.46721 F8000
G1 X693.18836 Y162.90671 F8000
G1 X692.7944 Y162.56768 F8000
G1 X692.30381 Y162.39601 F8000
G1 X691.68346 Y162.4425 F8000
G1 X691.22393 Y162.68536 F8000
G0 Z0
G1 X694.89119 Y163.87477 F8000
G1 Z1 F8000
G1 X694.89119 Y163.87477 F8000
G1 X696.69264 Y163.88332 F8000
G1 X697.14105 Y163.75708 F8000
G0 Z0
G1 X697.14105 Y161.54437 F8000
G1 Z1 F8000
G1 X697.14105 Y161.54437 F8000
G1 X696.69264 Y161.41817 F8000
G1 X694.95959 Y161.41817 F8000
G1 X694.56491 Y161.5181 F8000
G1 X694.1579 Y161.80697 F8000
G0 Z0
G1 X697.14105 Y160.03577 F8000
G1 Z1 F8000
G1 X697.14105 Y160.03577 F8000
G1 X694.47336 Y158.03502 F8000
G0 Z0
G1 X694.1879 Y157.82092 F8000
G1 Z1 F8000
G1 X694.1879 Y157.82092 F8000
G1 X694.12348 Y157.7726 F8000
G1 X694.47307 Y158.03488 F8000
G1 X694.85817 Y158.16707 F8000
G1 X696.79408 Y158.16707 F8000
G1 X697.08732 Y158.07978 F8000
G1 X697.42818 Y157.85708 F8000
G1 X697.76028 Y157.34874 F8000
G1 X697.8273 Y156.94713 F8000
G1 X697.72314 Y156.45032 F8000
G1 X697.50044 Y156.10948 F8000
G1 X697.17915 Y155.8594 F8000
G1 X696.69264 Y155.71457 F8000
G1 X694.89119 Y155.72309 F8000
G0 Z0
G1 X691.99102 Y154.34529 F8000
G1 Z1 F8000
G1 X691.99102 Y154.34529 F8000
G1 X691.39655 Y154.52865 F8000
G1 X691.00258 Y154.86769 F8000
G1 X690.75972 Y155.32722 F8000
G1 X690.70154 Y155.84368 F8000
G1 X690.83606 Y156.34573 F8000
G1 X691.14469 Y156.76393 F8000
G1 X691.68346 Y157.07498 F8000
G1 X692.19993 Y157.13318 F8000
G1 X692.7944 Y156.9498 F8000
G1 X693.18836 Y156.61079 F8000
G1 X693.43122 Y156.15126 F8000
G1 X693.4894 Y155.63477 F8000
G1 X693.35489 Y155.13272 F8000
G1 X693.04625 Y154.71455 F8000
G1 X692.60617 Y154.438 F8000
G1 X691.99102 Y154.34529 F8000
G0 Z0
G1 X685.21887 Y154.90481 F8000
G1 Z1 F8000
G1 X685.21887 Y154.90481 F8000
G1 X684.99389 Y154.89385 F8000
G0 Z0
G1 X684.38927 Y153.18764 F8000
G1 Z1 F8000
G1 X684.38927 Y153.18764 F8000
G1 X684.74394 Y152.94046 F8000
G1 X685.21887 Y152.86273 F8000
G0 Z0
G1 X685.21887 Y151.09414 F8000
G1 Z1 F8000
G1 X685.21887 Y151.09414 F8000
G1 X683.98975 Y150.17231 F8000
G0 Z0
G1 X684.36807 Y149.84793 F8000
G1 Z1 F8000
G1 X684.36807 Y149.84793 F8000
G1 X684.74394 Y150.11849 F8000
G1 X685.21887 Y150.19623 F8000
G0 Z0
G1 X684.99389 Y148.1651 F8000
G1 Z1 F8000
G1 X684.99389 Y148.1651 F8000
G1 X685.34238 Y148.15415 F8000
G0 Z0
G1 X682.48551 Y149.31445 F8000
G1 Z1 F8000
G1 X682.48551 Y149.31445 F8000
G1 X682.88627 Y149.31445 F8000
G1 X683.34779 Y149.12329 F8000
G1 X683.63118 Y148.83989 F8000
G1 X683.82234 Y148.37838 F8000
G1 X683.80057 Y147.87932 F8000
G1 X683.63118 Y147.51608 F8000
G1 X683.26288 Y147.1786 F8000
G1 X682.88627 Y147.04152 F8000
G1 X682.48551 Y147.04152 F8000
G1 X682.024 Y147.23271 F8000
G1 X681.7406 Y147.51608 F8000
G1 X681.54944 Y147.97759 F8000
G1 X681.57122 Y148.47667 F8000
G1 X681.7406 Y148.83989 F8000
G1 X682.024 Y149.12329 F8000
G1 X682.48551 Y149.31445 F8000
G0 Z0
G1 X677.28806 Y148.54898 F8000
G1 Z1 F8000
G1 X677.28806 Y148.54898 F8000
G1 X676.50886 Y148.53991 F8000
G0 Z0
G1 X675.99602 Y147.09311 F8000
G1 Z1 F8000
G1 X675.99602 Y147.09311 F8000
G1 X676.42104 Y146.84245 F8000
G1 X677.0089 Y146.81729 F8000
G0 Z0
G1 X677.0089 Y144.93668 F8000
G1 Z1 F8000
G1 X677.0089 Y144.93668 F8000
G1 X676.48309 Y144.54229 F8000
G0 Z0
G1 X677.0089 Y144.5561 F8000
G1 Z1 F8000
G1 X677.0089 Y144.5561 F8000
G1 X676.42104 Y144.53094 F8000
G1 X675.97752 Y144.26104 F8000
G0 Z0
G1 X674.06239 Y143.6921 F8000
G1 Z1 F8000
G1 X674.06239 Y143.6921 F8000
G1 X674.4494 Y143.81786 F8000
G1 X674.75515 Y143.80183 F8000
G1 X675.12686 Y143.63633 F8000
G1 X675.39914 Y143.33394 F8000
G1 X675.5249 Y142.94693 F8000
G1 X675.48236 Y142.54222 F8000
G1 X675.27892 Y142.18983 F8000
G1 X675.04098 Y141.99716 F8000
G1 X674.75515 Y141.88743 F8000
G1 X674.34822 Y141.88743 F8000
G1 X673.97648 Y142.05296 F8000
G1 X673.7042 Y142.35535 F8000
G1 X673.59447 Y142.64118 F8000
G1 X673.59447 Y143.04811 F8000
G1 X673.76 Y143.41982 F8000
G1 X674.06239 Y143.6921 F8000
G0 Z0
G1 X672.90978 Y143.98645 F8000
G1 Z1 F8000
G1 X672.90978 Y143.98645 F8000
G1 X672.90978 Y147.3482 F8000
G0 Z0
G1 X672.65705 Y147.92417 F8000
G1 Z1 F8000
G1 X672.65705 Y147.92417 F8000
G1 X670.39624 Y147.92835 F8000
G1 X670.11158 Y148.05646 F8000
G1 X669.89086 Y148.27718 F8000
G1 X669.73759 Y148.76904 F8000
G1 X669.73759 Y153.4246 F8000
G1 X669.83678 Y153.82695 F8000
G1 X670.11158 Y154.13715 F8000
G1 X670.49908 Y154.28412 F8000
G1 X672.65705 Y154.26946 F8000
G0 Z0
G1 X675.12686 Y154.49529 F8000
G1 Z1 F8000
G1 X675.12686 Y154.49529 F8000
G1 X675.39914 Y154.19289 F8000
G1 X675.5249 Y153.80589 F8000
G1 X675.50887 Y153.50013 F8000
G1 X675.34337 Y153.12839 F8000
G1 X675.04098 Y152.85611 F8000
G1 X674.65397 Y152.73038 F8000
G1 X674.34822 Y152.74642 F8000
G1 X673.97648 Y152.91191 F8000
G1 X673.7042 Y153.21431 F8000
G1 X673.59447 Y153.50013 F8000
G1 X673.59447 Y153.90706 F8000
G1 X673.76 Y154.2788 F8000
G1 X674.06239 Y154.55109 F8000
G1 X674.34822 Y154.66081 F8000
G1 X674.75515 Y154.66081 F8000
G1 X675.12686 Y154.49529 F8000
G0 Z0
G1 X675.97752 Y155.12002 F8000
G1 Z1 F8000
G1 X675.97752 Y155.12002 F8000
G1 X676.42104 Y155.3899 F8000
G1 X677.0089 Y155.41506 F8000
G0 Z0
G1 X677.0089 Y155.55209 F8000
G1 Z1 F8000
G1 X677.0089 Y155.55209 F8000
G1 X676.8719 Y155.41506 F8000
G1 X677.0089 Y155.55209 F8000
G0 Z0
G1 X676.50886 Y153.69243 F8000
G1 Z1 F8000
G1 X676.50886 Y153.69243 F8000
G1 X677.9057 Y153.70855 F8000
G1 X678.19034 Y153.83663 F8000
G1 X678.46299 Y154.14328 F8000
G0 Z0
G1 X680.85486 Y153.3399 F8000
G1 Z1 F8000
G1 X680.85486 Y153.3399 F8000
G1 X680.51711 Y153.95554 F8000
G1 X680.38011 Y154.64425 F8000
G1 X680.37792 Y161.07378 F8000
G1 X680.43263 Y161.57332 F8000
G1 X680.7953 Y162.39757 F8000
G1 X681.44583 Y163.02032 F8000
G1 X682.28511 Y163.34671 F8000
G1 X683.18544 Y163.32706 F8000
G1 X683.83989 Y163.07255 F8000
G1 X684.38752 Y162.63303 F8000
G1 X684.73312 Y162.1395 F8000
G1 X684.95881 Y161.47455 F8000
G1 X684.99389 Y154.74492 F8000
G1 X684.93918 Y154.24536 F8000
G1 X684.73312 Y153.6792 F8000
G1 X684.31788 Y153.11292 F8000
G1 X683.83989 Y152.74612 F8000
G1 X683.18544 Y152.49162 F8000
G1 X682.58523 Y152.43913 F8000
G1 X681.89652 Y152.5761 F8000
G1 X681.36209 Y152.85431 F8000
G1 X680.85486 Y153.3399 F8000
G0 Z0
G1 X682.78647 Y153.665 F8000
G1 Z1 F8000
G1 X682.78647 Y153.665 F8000
G1 X682.38722 Y153.69992 F8000
G1 X681.94412 Y153.93059 F8000
G1 X681.64001 Y154.32691 F8000
G1 X681.53629 Y154.71402 F8000
G1 X681.60148 Y155.20929 F8000
G1 X681.80188 Y155.55637 F8000
G1 X682.1982 Y155.86048 F8000
G1 X682.58531 Y155.9642 F8000
G1 X683.08058 Y155.89901 F8000
G1 X683.42767 Y155.69861 F8000
G1 X683.73175 Y155.30229 F8000
G1 X683.83549 Y154.91518 F8000
G1 X683.80057 Y154.51592 F8000
G1 X683.56991 Y154.07283 F8000
G1 X683.17359 Y153.76874 F8000
G1 X682.78647 Y153.665 F8000
G0 Z0
G1 X694.58182 Y157.12702 F8000
G1 Z1 F8000
G1 X694.58182 Y157.12702 F8000
G1 X694.80028 Y156.55584 F8000
G1 X694.88932 Y155.95081 F8000
G1 X694.89119 Y148.18248 F8000
G1 X694.80028 Y147.47536 F8000
G1 X694.62685 Y146.99583 F8000
G1 X694.30826 Y146.47383 F8000
G1 X693.88382 Y146.03356 F8000
G1 X693.46377 Y145.74448 F8000
G1 X692.99818 Y145.53652 F8000
G1 X692.40125 Y145.40354 F8000
G1 X691.38837 Y145.47767 F8000
G1 X690.6391 Y145.7961 F8000
G1 X690.01333 Y146.31685 F8000
G1 X689.60916 Y146.90417 F8000
G1 X689.34629 Y147.67467 F8000
G1 X689.2998 Y155.84871 F8000
G1 X689.39072 Y156.55584 F8000
G1 X689.76388 Y157.39128 F8000
G1 X690.30715 Y157.99763 F8000
G1 X691.00208 Y158.42173 F8000
G1 X691.78972 Y158.62763 F8000
G1 X692.60329 Y158.59792 F8000
G1 X693.46377 Y158.28671 F8000
G1 X694.10813 Y157.78914 F8000
G1 X694.58182 Y157.12702 F8000
G0 Z0
G1 X693.30605 Y148.96581 F8000
G1 Z1 F8000
G1 X693.30605 Y148.96581 F8000
G1 X693.47771 Y148.47522 F8000
G1 X693.45829 Y147.95584 F8000
G1 X693.18836 Y147.39535 F8000
G1 X692.7944 Y147.05631 F8000
G1 X692.30381 Y146.88465 F8000
G1 X691.68346 Y146.93114 F8000
G1 X691.22393 Y147.174 F8000
G1 X690.8849 Y147.56796 F8000
G1 X690.71324 Y148.05855 F8000
G1 X690.75972 Y148.67892 F8000
G1 X691.00258 Y149.13842 F8000
G1 X691.39655 Y149.47746 F8000
G1 X691.88714 Y149.64912 F8000
G1 X692.50751 Y149.60263 F8000
G1 X692.96701 Y149.35977 F8000
G1 X693.30605 Y148.96581 F8000
G0 Z0
G1 X694.89119 Y148.36343 F8000
G1 Z1 F8000
G1 X694.89119 Y148.36343 F8000
G1 X696.69264 Y148.37195 F8000
G1 X697.15862 Y148.23715 F8000
G0 Z0
G1 X697.14105 Y146.03301 F8000
G1 Z1 F8000
G1 X697.14105 Y146.03301 F8000
G1 X696.69264 Y145.9068 F8000
G1 X694.95959 Y145.9068 F8000
G1 X694.56491 Y146.00673 F8000
G1 X694.1579 Y146.29561 F8000
G0 Z0
G1 X697.14105 Y144.38732 F8000
G1 Z1 F8000
G1 X697.14105 Y144.38732 F8000
G1 X693.66593 Y142.64978 F8000
G0 Z0
G1 X694.1329 Y142.25113 F8000
G1 Z1 F8000
G1 X694.1329 Y142.25113 F8000
G1 X694.47307 Y142.52352 F8000
G1 X694.95959 Y142.66835 F8000
G1 X696.69264 Y142.66835 F8000
G1 X697.14105 Y142.54215 F8000
G0 Z0
G1 X697.14105 Y140.32941 F8000
G1 Z1 F8000
G1 X697.14105 Y140.32941 F8000
G1 X696.69264 Y140.2032 F8000
G1 X694.89119 Y140.21172 F8000
G0 Z0
G1 X693.18836 Y141.09942 F8000
G1 Z1 F8000
G1 X693.18836 Y141.09942 F8000
G1 X693.45829 Y140.53893 F8000
G1 X693.47771 Y140.01953 F8000
G1 X693.30605 Y139.52896 F8000
G1 X692.96701 Y139.135 F8000
G1 X692.50751 Y138.89214 F8000
G1 X691.99102 Y138.83393 F8000
G1 X691.39655 Y139.01731 F8000
G1 X691.00258 Y139.35632 F8000
G1 X690.75972 Y139.81585 F8000
G1 X690.71324 Y140.43622 F8000
G1 X690.8849 Y140.92681 F8000
G1 X691.22393 Y141.32075 F8000
G1 X691.68346 Y141.56361 F8000
G1 X692.19993 Y141.62182 F8000
G1 X692.70198 Y141.4873 F8000
G1 X693.18836 Y141.09942 F8000
G0 Z0
G1 X687.41719 Y141.06611 F8000
G1 Z1 F8000
G1 X687.41719 Y141.06611 F8000
G1 X687.24571 Y141.64563 F8000
G1 X686.7875 Y142.02168 F8000
G1 X686.39677 Y142.09942 F8000
G1 X684.99389 Y142.08846 F8000
G0 Z0
G1 X684.38927 Y140.38224 F8000
G1 Z1 F8000
G1 X684.38927 Y140.38224 F8000
G1 X684.74394 Y140.13504 F8000
G1 X685.24086 Y140.05734 F8000
G0 Z0
G1 X685.21887 Y138.42623 F8000
G1 Z1 F8000
G1 X685.21887 Y138.42623 F8000
G1 X683.56226 Y137.59795 F8000
G0 Z0
G1 X684.36807 Y137.04254 F8000
G1 Z1 F8000
G1 X684.36807 Y137.04254 F8000
G1 X684.74394 Y137.3131 F8000
G1 X685.21887 Y137.39081 F8000
G0 Z0
G1 X685.21887 Y135.34873 F8000
G1 Z1 F8000
G1 X685.21887 Y135.34873 F8000
G1 X684.99389 Y135.35968 F8000
G0 Z0
G1 X683.56991 Y136.11435 F8000
G1 Z1 F8000
G1 X683.56991 Y136.11435 F8000
G1 X683.80057 Y135.67126 F8000
G1 X683.83549 Y135.272 F8000
G1 X683.73175 Y134.88489 F8000
G1 X683.42767 Y134.48857 F8000
G1 X683.08058 Y134.2882 F8000
G1 X682.58531 Y134.22298 F8000
G1 X682.1982 Y134.32672 F8000
G1 X681.80188 Y134.63081 F8000
G1 X681.60148 Y134.97789 F8000
G1 X681.53629 Y135.47316 F8000
G1 X681.68649 Y135.9496 F8000
G1 X681.94412 Y136.25659 F8000
G1 X682.2912 Y136.45699 F8000
G1 X682.78647 Y136.52218 F8000
G1 X683.17359 Y136.41847 F8000
G1 X683.56991 Y136.11435 F8000
G0 Z0
G1 X678.11261 Y136.06459 F8000
G1 Z1 F8000
G1 X678.11261 Y136.06459 F8000
G1 X678.41106 Y136.33232 F8000
G1 X678.55801 Y136.7198 F8000
G1 X678.53917 Y137.03137 F8000
G1 X678.34658 Y137.39833 F8000
G1 X678.10086 Y137.59084 F8000
G1 X677.80286 Y137.6837 F8000
G1 X676.50886 Y137.68095 F8000
G0 Z0
G1 X675.99602 Y136.23413 F8000
G1 Z1 F8000
G1 X675.99602 Y136.23413 F8000
G1 X676.22586 Y136.0575 F8000
G1 X676.52389 Y135.96465 F8000
G1 X677.57884 Y135.95833 F8000
G0 Z0
G1 X677.0089 Y134.32125 F8000
G1 Z1 F8000
G1 X677.0089 Y134.32125 F8000
G1 X675.68344 Y133.65852 F8000
G0 Z0
G1 X675.97752 Y133.40208 F8000
G1 Z1 F8000
G1 X675.97752 Y133.40208 F8000
G1 X676.42104 Y133.67196 F8000
G1 X677.0089 Y133.69712 F8000
G0 Z0
G1 X677.0089 Y131.96545 F8000
G1 Z1 F8000
G1 X677.0089 Y131.96545 F8000
G1 X676.50886 Y131.97452 F8000
G0 Z0
G1 X673.97648 Y131.19398 F8000
G1 Z1 F8000
G1 X673.97648 Y131.19398 F8000
G1 X673.7042 Y131.49637 F8000
G1 X673.59447 Y131.78222 F8000
G1 X673.59447 Y132.18913 F8000
G1 X673.76 Y132.56087 F8000
G1 X674.06239 Y132.83315 F8000
G1 X674.4494 Y132.95891 F8000
G1 X674.75515 Y132.94287 F8000
G1 X675.12686 Y132.77737 F8000
G1 X675.39914 Y132.47496 F8000
G1 X675.5249 Y132.08795 F8000
G1 X675.48236 Y131.68327 F8000
G1 X675.34337 Y131.41048 F8000
G1 X675.04098 Y131.1382 F8000
G1 X674.65397 Y131.01244 F8000
G1 X674.34822 Y131.02848 F8000
G1 X673.97648 Y131.19398 F8000
G0 Z0
G1 X672.90978 Y133.1275 F8000
G1 Z1 F8000
G1 X672.90978 Y133.1275 F8000
G1 X672.90978 Y136.48924 F8000
G0 Z0
G1 X672.65705 Y137.06519 F8000
G1 Z1 F8000
G1 X672.65705 Y137.06519 F8000
G1 X670.39624 Y137.0694 F8000
G1 X669.95534 Y137.33591 F8000
G1 X669.79386 Y137.60303 F8000
G1 X669.73759 Y137.91008 F8000
G1 X669.73759 Y142.56561 F8000
G1 X669.83678 Y142.96799 F8000
G1 X670.11158 Y143.27819 F8000
G1 X670.49908 Y143.42514 F8000
G1 X672.65705 Y143.41051 F8000
G0 Z0
G1 X672.03044 Y143.43146 F8000
G1 Z1 F8000
G1 X672.03044 Y143.43146 F8000
G1 X671.56718 Y143.69168 F8000
G1 X670.44487 Y143.69192 F8000
G0 Z0
G1 X670.43556 Y143.4135 F8000
G1 Z1 F8000
G1 X670.43556 Y143.4135 F8000
G1 X670.44487 Y147.91946 F8000
G0 Z0
G1 X669.73759 Y149.53691 F8000
G1 Z1 F8000
G1 X669.73759 Y149.53691 F8000
G1 X669.36503 Y149.73569 F8000
G1 X668.87274 Y149.84137 F8000
G1 X668.47015 Y149.81703 F8000
G1 X667.99419 Y149.65277 F8000
G1 X667.58864 Y149.35438 F8000
G1 X667.3399 Y149.03688 F8000
G1 X667.14721 Y148.57171 F8000
G1 X667.0986 Y148.17129 F8000
G1 X667.0986 Y143.58328 F8000
G1 X667.246 Y142.89661 F8000
G1 X667.66225 Y142.33093 F8000
G1 X668.37133 Y141.95879 F8000
G1 X669.07332 Y141.93757 F8000
G1 X669.73759 Y142.21769 F8000
G0 Z0
G1 X668.22273 Y142.00361 F8000
G1 Z1 F8000
G1 X668.22273 Y142.00361 F8000
G1 X668.22274 Y140.46794 F8000
G1 X668.22273 Y142.00361 F8000
G0 Z0
G1 X668.01796 Y141.77399 F8000
G1 Z1 F8000
G1 X668.01796 Y141.77399 F8000
G1 X662.66109 Y141.77399 F8000
G0 Z0
G1 X662.66109 Y141.52399 F8000
G1 Z1 F8000
G1 X662.66109 Y141.52399 F8000
G1 X668.04328 Y141.52399 F8000
G0 Z0
G1 X668.0461 Y141.27399 F8000
G1 Z1 F8000
G1 X668.0461 Y141.27399 F8000
G1 X662.66109 Y141.27399 F8000
G0 Z0
G1 X662.66109 Y141.02399 F8000
G1 Z1 F8000
G1 X662.66109 Y141.02399 F8000
G1 X668.04286 Y141.02399 F8000
G0 Z0
G1 X668.03242 Y140.77399 F8000
G1 Z1 F8000
G1 X668.03242 Y140.77399 F8000
G1 X662.66109 Y140.77399 F8000
G0 Z0
G1 X662.66109 Y140.52399 F8000
G1 Z1 F8000
G1 X662.66109 Y140.52399 F8000
G1 X667.9461 Y140.52399 F8000
G0 Z0
G1 X667.61984 Y140.27399 F8000
G1 Z1 F8000
G1 X667.61984 Y140.27399 F8000
G1 X662.66109 Y140.27399 F8000
G0 Z0
G1 X662.66109 Y140.02398 F8000
G1 Z1 F8000
G1 X662.66109 Y140.02398 F8000
G1 X667.36703 Y140.02398 F8000
G0 Z0
G1 X667.17792 Y139.77398 F8000
G1 Z1 F8000
G1 X667.17792 Y139.77398 F8000
G1 X662.66109 Y139.77398 F8000
G0 Z0
G1 X662.66109 Y139.52398 F8000
G1 Z1 F8000
G1 X662.66109 Y139.52398 F8000
G1 X667.01594 Y139.52398 F8000
G0 Z0
G1 X667.15192 Y139.30552 F8000
G1 Z1 F8000
G1 X667.15192 Y139.30552 F8000
G1 X665.18794 Y139.29441 F8000
G1 X664.77379 Y138.98437 F8000
G1 X664.65629 Y138.58419 F8000
G1 X664.65629 Y134.6043 F8000
G1 X664.72317 Y134.2968 F8000
G1 X664.9963 Y133.9816 F8000
G1 X665.29113 Y133.87164 F8000
G1 X667.15192 Y133.88296 F8000
G0 Z0
G1 X667.13712 Y133.52398 F8000
G1 Z1 F8000
G1 X667.13712 Y133.52398 F8000
G1 X662.66109 Y133.52398 F8000
G0 Z0
G1 X662.66109 Y133.27398 F8000
G1 Z1 F8000
G1 X662.66109 Y133.27398 F8000
G1 X667.26737 Y133.27398 F8000
G0 Z0
G1 X667.48906 Y133.02398 F8000
G1 Z1 F8000
G1 X667.48906 Y133.02398 F8000
G1 X662.66109 Y133.02398 F8000
G0 Z0
G1 X662.66109 Y132.77398 F8000
G1 Z1 F8000
G1 X662.66109 Y132.77398 F8000
G1 X667.80045 Y132.77398 F8000
G0 Z0
G1 X668.00869 Y132.52398 F8000
G1 Z1 F8000
G1 X668.00869 Y132.52398 F8000
G1 X662.66109 Y132.52398 F8000
G0 Z0
G1 X662.66109 Y132.27398 F8000
G1 Z1 F8000
G1 X662.66109 Y132.27398 F8000
G1 X668.04129 Y132.27398 F8000
G0 Z0
G1 X668.04629 Y132.02398 F8000
G1 Z1 F8000
G1 X668.04629 Y132.02398 F8000
G1 X662.66109 Y132.02398 F8000
G0 Z0
G1 X662.66109 Y131.77398 F8000
G1 Z1 F8000
G1 X662.66109 Y131.77398 F8000
G1 X668.0462 Y131.77398 F8000
G0 Z0
G1 X668.04031 Y131.52398 F8000
G1 Z1 F8000
G1 X668.04031 Y131.52398 F8000
G1 X662.66109 Y131.52398 F8000
G0 Z0
G1 X662.66109 Y131.27398 F8000
G1 Z1 F8000
G1 X662.66109 Y131.27398 F8000
G1 X667.97455 Y131.27398 F8000
G0 Z0
G1 X667.62875 Y131.02398 F8000
G1 Z1 F8000
G1 X667.62875 Y131.02398 F8000
G1 X662.66109 Y131.02398 F8000
G0 Z0
G1 X662.66109 Y130.77398 F8000
G1 Z1 F8000
G1 X662.66109 Y130.77398 F8000
G1 X667.39022 Y130.77398 F8000
G0 Z0
G1 X667.20332 Y130.52398 F8000
G1 Z1 F8000
G1 X667.20332 Y130.52398 F8000
G1 X662.66109 Y130.52398 F8000
G0 Z0
G1 X662.66109 Y133.77398 F8000
G1 Z1 F8000
G1 X662.66109 Y133.77398 F8000
G1 X665.09546 Y133.77398 F8000
G0 Z0
G1 X664.75887 Y134.02398 F8000
G1 Z1 F8000
G1 X664.75887 Y134.02398 F8000
G1 X662.66109 Y134.02398 F8000
G0 Z0
G1 X662.66109 Y134.27398 F8000
G1 Z1 F8000
G1 X662.66109 Y134.27398 F8000
G1 X664.50477 Y134.27398 F8000
G0 Z0
G1 X664.5012 Y134.52398 F8000
G1 Z1 F8000
G1 X664.5012 Y134.52398 F8000
G1 X662.66109 Y134.52398 F8000
G0 Z0
G1 X662.66109 Y134.77398 F8000
G1 Z1 F8000
G1 X662.66109 Y134.77398 F8000
G1 X664.49763 Y134.77398 F8000
G0 Z0
G1 X664.49406 Y135.02398 F8000
G1 Z1 F8000
G1 X664.49406 Y135.02398 F8000
G1 X662.66109 Y135.02398 F8000
G0 Z0
G1 X662.66109 Y135.27398 F8000
G1 Z1 F8000
G1 X662.66109 Y135.27398 F8000
G1 X664.49049 Y135.27398 F8000
G0 Z0
G1 X664.48692 Y135.52398 F8000
G1 Z1 F8000
G1 X664.48692 Y135.52398 F8000
G1 X662.66109 Y135.54309 F8000
G1 X662.66109 Y126.79525 F8000
G1 X656.51394 Y126.79525 F8000
G1 X656.51394 Y144.29094 F8000
G1 X662.66109 Y144.29094 F8000
G1 X662.66109 Y135.54309 F8000
G0 Z0
G1 X662.66109 Y135.77398 F8000
G1 Z1 F8000
G1 X662.66109 Y135.77398 F8000
G1 X664.48335 Y135.77398 F8000
G0 Z0
G1 X664.47978 Y136.02398 F8000
G1 Z1 F8000
G1 X664.47978 Y136.02398 F8000
G1 X662.66109 Y136.02398 F8000
G0 Z0
G1 X662.66109 Y136.27398 F8000
G1 Z1 F8000
G1 X662.66109 Y136.27398 F8000
G1 X664.47621 Y136.27398 F8000
G0 Z0
G1 X664.4739 Y136.52398 F8000
G1 Z1 F8000
G1 X664.4739 Y136.52398 F8000
G1 X662.66109 Y136.52398 F8000
G0 Z0
G1 X662.66109 Y136.77398 F8000
G1 Z1 F8000
G1 X662.66109 Y136.77398 F8000
G1 X664.47228 Y136.77398 F8000
G0 Z0
G1 X664.47066 Y137.02398 F8000
G1 Z1 F8000
G1 X664.47066 Y137.02398 F8000
G1 X662.66109 Y137.02398 F8000
G0 Z0
G1 X662.66109 Y137.27398 F8000
G1 Z1 F8000
G1 X662.66109 Y137.27398 F8000
G1 X664.46904 Y137.27398 F8000
G0 Z0
G1 X664.47241 Y137.52398 F8000
G1 Z1 F8000
G1 X664.47241 Y137.52398 F8000
G1 X662.66109 Y137.52398 F8000
G0 Z0
G1 X662.66109 Y137.77398 F8000
G1 Z1 F8000
G1 X662.66109 Y137.77398 F8000
G1 X664.47609 Y137.77398 F8000
G0 Z0
G1 X664.47994 Y138.02398 F8000
G1 Z1 F8000
G1 X664.47994 Y138.02398 F8000
G1 X662.66109 Y138.02398 F8000
G0 Z0
G1 X662.66109 Y138.27398 F8000
G1 Z1 F8000
G1 X662.66109 Y138.27398 F8000
G1 X664.49296 Y138.27398 F8000
G0 Z0
G1 X664.50597 Y138.52398 F8000
G1 Z1 F8000
G1 X664.50597 Y138.52398 F8000
G1 X662.66109 Y138.52398 F8000
G0 Z0
G1 X662.66109 Y138.77398 F8000
G1 Z1 F8000
G1 X662.66109 Y138.77398 F8000
G1 X664.53841 Y138.77398 F8000
G0 Z0
G1 X664.62775 Y139.02398 F8000
G1 Z1 F8000
G1 X664.62775 Y139.02398 F8000
G1 X662.66109 Y139.02398 F8000
G0 Z0
G1 X662.66109 Y139.27398 F8000
G1 Z1 F8000
G1 X662.66109 Y139.27398 F8000
G1 X664.85224 Y139.27398 F8000
G0 Z0
G1 X662.66109 Y142.02399 F8000
G1 Z1 F8000
G1 X662.66109 Y142.02399 F8000
G1 X667.81675 Y142.02399 F8000
G0 Z0
G1 X667.50458 Y142.27399 F8000
G1 Z1 F8000
G1 X667.50458 Y142.27399 F8000
G1 X662.66109 Y142.27399 F8000
G0 Z0
G1 X662.66109 Y142.52399 F8000
G1 Z1 F8000
G1 X662.66109 Y142.52399 F8000
G1 X667.29575 Y142.52399 F8000
G0 Z0
G1 X667.16283 Y142.77399 F8000
G1 Z1 F8000
G1 X667.16283 Y142.77399 F8000
G1 X662.66109 Y142.77399 F8000
G0 Z0
G1 X662.66109 Y143.02399 F8000
G1 Z1 F8000
G1 X662.66109 Y143.02399 F8000
G1 X665.279 Y143.02399 F8000
G0 Z0
G1 X664.76953 Y143.27399 F8000
G1 Z1 F8000
G1 X664.76953 Y143.27399 F8000
G1 X662.66109 Y143.27399 F8000
G0 Z0
G1 X662.66109 Y143.52399 F8000
G1 Z1 F8000
G1 X662.66109 Y143.52399 F8000
G1 X664.58202 Y143.52399 F8000
G0 Z0
G1 X664.52519 Y143.77399 F8000
G1 Z1 F8000
G1 X664.52519 Y143.77399 F8000
G1 X662.66109 Y143.77399 F8000
G0 Z0
G1 X662.66109 Y144.02399 F8000
G1 Z1 F8000
G1 X662.66109 Y144.02399 F8000
G1 X664.50413 Y144.02399 F8000
G0 Z0
G1 X664.49321 Y144.27399 F8000
G1 Z1 F8000
G1 X664.49321 Y144.27399 F8000
G1 X662.66109 Y144.27399 F8000
G0 Z0
G1 X667.15192 Y143.16603 F8000
G1 Z1 F8000
G1 X667.15192 Y143.16603 F8000
G1 X665.18794 Y143.17715 F8000
G1 X664.77379 Y143.48716 F8000
G1 X664.65629 Y143.88734 F8000
G1 X664.65629 Y147.86726 F8000
G1 X664.72317 Y148.17473 F8000
G1 X664.9963 Y148.48993 F8000
G1 X665.29113 Y148.59989 F8000
G1 X667.15192 Y148.58857 F8000
G0 Z0
G1 X669.55391 Y148.40243 F8000
G1 Z1 F8000
G1 X669.55391 Y148.40243 F8000
G1 X669.6022 Y148.00495 F8000
G1 X669.51245 Y147.717 F8000
G1 X669.32648 Y147.47959 F8000
G1 X669.06838 Y147.32357 F8000
G1 X668.67089 Y147.27531 F8000
G1 X668.38295 Y147.36503 F8000
G1 X668.14554 Y147.55103 F8000
G1 X667.98951 Y147.80913 F8000
G1 X667.93516 Y148.10578 F8000
G1 X667.98951 Y148.40243 F8000
G1 X668.14554 Y148.66053 F8000
G1 X668.47507 Y148.88797 F8000
G1 X668.77172 Y148.94234 F8000
G1 X669.1605 Y148.84651 F8000
G1 X669.39789 Y148.66053 F8000
G1 X669.55391 Y148.40243 F8000
G0 Z0
G1 X674.04514 Y155.67072 F8000
G1 Z1 F8000
G1 X674.04514 Y155.67072 F8000
G1 X674.85786 Y155.71332 F8000
G1 X675.34774 Y155.56823 F8000
G1 X675.70209 Y155.36362 F8000
G1 X676.24663 Y154.75884 F8000
G1 X676.41305 Y154.38506 F8000
G1 X676.50616 Y153.88267 F8000
G1 X676.50886 Y148.41339 F8000
G1 X676.44216 Y147.90681 F8000
G1 X676.19311 Y147.34743 F8000
G1 X675.78337 Y146.89237 F8000
G1 X675.25307 Y146.5862 F8000
G1 X674.65413 Y146.45888 F8000
G1 X673.9469 Y146.55199 F8000
G1 X673.24207 Y146.95892 F8000
G1 X672.80784 Y147.52483 F8000
G1 X672.59721 Y148.31094 F8000
G1 X672.63729 Y154.18718 F8000
G1 X672.80784 Y154.66877 F8000
G1 X673.09721 Y155.08986 F8000
G1 X673.48573 Y155.42167 F8000
G1 X674.04514 Y155.67072 F8000
G0 Z0
G1 X674.9497 Y149.36644 F8000
G1 Z1 F8000
G1 X674.9497 Y149.36644 F8000
G1 X675.27892 Y149.12728 F8000
G1 X675.44566 Y148.87051 F8000
G1 X675.53027 Y148.47247 F8000
G1 X675.44566 Y148.07445 F8000
G1 X675.27892 Y147.81768 F8000
G1 X674.9497 Y147.57849 F8000
G1 X674.55168 Y147.49388 F8000
G1 X674.15364 Y147.57849 F8000
G1 X673.82445 Y147.81768 F8000
G1 X673.62098 Y148.17007 F8000
G1 X673.57309 Y148.47247 F8000
G1 X673.65771 Y148.87051 F8000
G1 X673.89687 Y149.1997 F8000
G1 X674.24929 Y149.40317 F8000
G1 X674.55168 Y149.45106 F8000
G1 X674.9497 Y149.36644 F8000
G0 Z0
G1 X676.50886 Y142.83348 F8000
G1 Z1 F8000
G1 X676.50886 Y142.83348 F8000
G1 X677.0089 Y142.8244 F8000
G0 Z0
G1 X683.37993 Y139.73835 F8000
G1 Z1 F8000
G1 X683.37993 Y139.73835 F8000
G1 X682.88707 Y139.6403 F8000
G1 X682.38465 Y139.65128 F8000
G1 X681.89652 Y139.77071 F8000
G1 X681.44583 Y139.99296 F8000
G1 X681.0539 Y140.30753 F8000
G1 X680.73936 Y140.69943 F8000
G1 X680.48473 Y141.24547 F8000
G1 X680.3867 Y141.73834 F8000
G1 X680.37792 Y148.26837 F8000
G1 X680.43263 Y148.76793 F8000
G1 X680.68714 Y149.42237 F8000
G1 X681.12666 Y149.97001 F8000
G1 X681.80267 Y150.40067 F8000
G1 X682.48474 Y150.56757 F8000
G1 X683.37993 Y150.46954 F8000
G1 X684.16945 Y150.03639 F8000
G1 X684.73312 Y149.33408 F8000
G1 X684.98511 Y148.46953 F8000
G1 X684.95881 Y141.53874 F8000
G1 X684.77765 Y140.96412 F8000
G1 X684.45393 Y140.45596 F8000
G1 X683.92598 Y139.99296 F8000
G1 X683.37993 Y139.73835 F8000
G0 Z0
G1 X683.73175 Y142.4969 F8000
G1 Z1 F8000
G1 X683.73175 Y142.4969 F8000
G1 X683.83989 Y142.0092 F8000
G1 X683.77027 Y141.61452 F8000
G1 X683.50188 Y141.19319 F8000
G1 X683.17359 Y140.96332 F8000
G1 X682.68588 Y140.85521 F8000
G1 X682.2912 Y140.9248 F8000
G1 X681.8699 Y141.19319 F8000
G1 X681.64001 Y141.52149 F8000
G1 X681.5319 Y142.0092 F8000
G1 X681.60148 Y142.40387 F8000
G1 X681.80188 Y142.75098 F8000
G1 X682.1982 Y143.05507 F8000
G1 X682.68588 Y143.1632 F8000
G1 X683.08058 Y143.09359 F8000
G1 X683.50188 Y142.8252 F8000
G1 X683.73175 Y142.4969 F8000
G0 Z0
G1 X674.15364 Y138.50749 F8000
G1 Z1 F8000
G1 X674.15364 Y138.50749 F8000
G1 X674.55168 Y138.5921 F8000
G1 X674.9497 Y138.50749 F8000
G1 X675.27892 Y138.2683 F8000
G1 X675.44566 Y138.01152 F8000
G1 X675.53027 Y137.61351 F8000
G1 X675.44566 Y137.21547 F8000
G1 X675.27892 Y136.95869 F8000
G1 X674.9497 Y136.71954 F8000
G1 X674.55168 Y136.63492 F8000
G1 X674.24929 Y136.68281 F8000
G1 X673.89687 Y136.88628 F8000
G1 X673.65771 Y137.21547 F8000
G1 X673.57309 Y137.61351 F8000
G1 X673.62098 Y137.9159 F8000
G1 X673.82445 Y138.2683 F8000
G1 X674.15364 Y138.50749 F8000
G0 Z0
G1 X672.66121 Y143.42784 F8000
G1 Z1 F8000
G1 X672.66121 Y143.42784 F8000
G1 X672.91026 Y143.98722 F8000
G1 X673.31999 Y144.44228 F8000
G1 X673.8503 Y144.74845 F8000
G1 X674.44926 Y144.87577 F8000
G1 X675.15649 Y144.78266 F8000
G1 X675.70209 Y144.50467 F8000
G1 X676.13506 Y144.07168 F8000
G1 X676.41305 Y143.52608 F8000
G1 X676.50886 Y142.92129 F8000
G1 X676.48476 Y137.24825 F8000
G1 X676.33966 Y136.75835 F8000
G1 X676.07269 Y136.32271 F8000
G1 X675.61764 Y135.91298 F8000
G1 X675.15649 Y135.69303 F8000
G1 X674.44926 Y135.59992 F8000
G1 X673.66316 Y135.81056 F8000
G1 X673.03067 Y136.32271 F8000
G1 X672.69031 Y136.94962 F8000
G1 X672.59451 Y137.5544 F8000
G1 X672.59451 Y142.92129 F8000
G1 X672.66121 Y143.42784 F8000
G0 Z0
G1 X670.44487 Y137.06048 F8000
G1 Z1 F8000
G1 X670.44487 Y137.06048 F8000
G1 X670.4418 Y134.19922 F8000
G1 X670.20357 Y133.43468 F8000
G1 X669.80357 Y132.98317 F8000
G1 X669.17215 Y132.67572 F8000
G1 X668.47015 Y132.6545 F8000
G1 X667.90617 Y132.86842 F8000
G1 X667.39478 Y133.3498 F8000
G1 X667.1108 Y134.09857 F8000
G1 X667.14721 Y139.28864 F8000
G1 X667.51937 Y139.99773 F8000
G1 X668.17842 Y140.45265 F8000
G1 X668.97342 Y140.54917 F8000
G1 X669.36503 Y140.45265 F8000
G1 X669.73759 Y140.25387 F8000
G0 Z0
G1 X668.21697 Y138.19655 F8000
G1 Z1 F8000
G1 X668.21697 Y138.19655 F8000
G1 X668.03097 Y138.43396 F8000
G1 X667.94125 Y138.72188 F8000
G1 X667.95945 Y139.02292 F8000
G1 X668.14554 Y139.37746 F8000
G1 X668.38295 Y139.56346 F8000
G1 X668.77172 Y139.6593 F8000
G1 X669.06838 Y139.60492 F8000
G1 X669.32648 Y139.4489 F8000
G1 X669.51245 Y139.21149 F8000
G1 X669.6022 Y138.92357 F8000
G1 X669.55391 Y138.52606 F8000
G1 X669.39789 Y138.26798 F8000
G1 X669.1605 Y138.08198 F8000
G1 X668.77172 Y137.98615 F8000
G1 X668.47507 Y138.04052 F8000
G1 X668.21697 Y138.19655 F8000
G0 Z0
G1 X669.32648 Y133.72458 F8000
G1 Z1 F8000
G1 X669.32648 Y133.72458 F8000
G1 X669.06838 Y133.56856 F8000
G1 X668.77172 Y133.51419 F8000
G1 X668.38295 Y133.61002 F8000
G1 X668.14554 Y133.79602 F8000
G1 X667.95945 Y134.15056 F8000
G1 X667.94125 Y134.45161 F8000
G1 X668.03097 Y134.73953 F8000
G1 X668.21697 Y134.97694 F8000
G1 X668.47507 Y135.13296 F8000
G1 X668.77172 Y135.18733 F8000
G1 X669.1605 Y135.0915 F8000
G1 X669.39789 Y134.9055 F8000
G1 X669.55391 Y134.64742 F8000
G1 X669.6022 Y134.24991 F8000
G1 X669.51245 Y133.96199 F8000
G1 X669.32648 Y133.72458 F8000
G0 Z0
G1 X670.44487 Y134.40888 F8000
G1 Z1 F8000
G1 X670.44487 Y134.40888 F8000
G1 X671.46185 Y134.41615 F8000
G1 X671.76932 Y134.34927 F8000
G1 X672.13514 Y133.98345 F8000
G1 X672.17205 Y133.46743 F8000
G1 X671.94657 Y133.11657 F8000
G1 X671.56718 Y132.94332 F8000
G1 X670.44159 Y132.94332 F8000
G1 X670.00662 Y133.17219 F8000
G0 Z0
G1 X668.22271 Y131.18487 F8000
G1 Z1 F8000
G1 X668.22271 Y131.18487 F8000
G1 X668.22273 Y132.72054 F8000
G1 X668.22271 Y131.18487 F8000
G0 Z0
G1 X669.73759 Y130.9708 F8000
G1 Z1 F8000
G1 X669.73759 Y130.9708 F8000
G1 X669.07332 Y131.25091 F8000
G1 X668.27396 Y131.20257 F8000
G1 X667.58864 Y130.78829 F8000
G1 X667.17436 Y130.10297 F8000
G1 X667.0986 Y129.6052 F8000
G1 X667.10165 Y124.91618 F8000
G1 X667.20732 Y124.42389 F8000
G1 X667.39478 Y124.06673 F8000
G1 X667.82129 Y123.64022 F8000
G1 X668.47015 Y123.37146 F8000
G1 X669.07332 Y123.37146 F8000
G1 X669.72219 Y123.64022 F8000
G1 X670.1487 Y124.06673 F8000
G1 X670.36909 Y124.51943 F8000
G1 X670.4418 Y124.91618 F8000
G1 X670.44487 Y126.20152 F8000
G0 Z0
G1 X670.44487 Y125.12581 F8000
G1 Z1 F8000
G1 X670.44487 Y125.12581 F8000
G1 X671.46185 Y125.13311 F8000
G1 X671.76932 Y125.06622 F8000
G1 X672.13514 Y124.70041 F8000
G1 X672.17205 Y124.18439 F8000
G1 X671.94657 Y123.83353 F8000
G1 X671.56718 Y123.66028 F8000
G1 X670.44159 Y123.66028 F8000
G1 X670.00662 Y123.88914 F8000
G0 Z0
G1 X668.22271 Y121.90183 F8000
G1 Z1 F8000
G1 X668.22271 Y121.90183 F8000
G1 X668.22271 Y123.4375 F8000
G1 X668.22271 Y121.90183 F8000
G0 Z0
G1 X669.49864 Y121.82828 F8000
G1 Z1 F8000
G1 X669.49864 Y121.82828 F8000
G1 X673.44064 Y122.8138 F8000
G0 Z0
G1 X672.90978 Y122.26852 F8000
G1 Z1 F8000
G1 X672.90978 Y122.26852 F8000
G1 X672.90978 Y125.63029 F8000
G0 Z0
G1 X672.65705 Y126.20623 F8000
G1 Z1 F8000
G1 X672.65705 Y126.20623 F8000
G1 X670.39624 Y126.21044 F8000
G1 X669.95534 Y126.47695 F8000
G1 X669.79386 Y126.74408 F8000
G1 X669.73759 Y127.0511 F8000
G1 X669.73759 Y131.70666 F8000
G1 X669.83678 Y132.10904 F8000
G1 X670.11158 Y132.41923 F8000
G1 X670.49908 Y132.56618 F8000
G1 X672.65705 Y132.55153 F8000
G0 Z0
G1 X668.47507 Y128.75748 F8000
G1 Z1 F8000
G1 X668.47507 Y128.75748 F8000
G1 X668.21697 Y128.9135 F8000
G1 X668.03097 Y129.15089 F8000
G1 X667.94125 Y129.43883 F8000
G1 X667.98951 Y129.83632 F8000
G1 X668.14554 Y130.09442 F8000
G1 X668.38295 Y130.28042 F8000
G1 X668.67089 Y130.37014 F8000
G1 X669.06838 Y130.32188 F8000
G1 X669.32648 Y130.16586 F8000
G1 X669.51245 Y129.92845 F8000
G1 X669.6022 Y129.6405 F8000
G1 X669.55391 Y129.24302 F8000
G1 X669.39789 Y128.98491 F8000
G1 X669.1605 Y128.79894 F8000
G1 X668.87256 Y128.70919 F8000
G1 X668.47507 Y128.75748 F8000
G0 Z0
G1 X668.47507 Y125.84992 F8000
G1 Z1 F8000
G1 X668.47507 Y125.84992 F8000
G1 X668.77172 Y125.90429 F8000
G1 X669.1605 Y125.80846 F8000
G1 X669.39789 Y125.62246 F8000
G1 X669.55391 Y125.36435 F8000
G1 X669.60828 Y125.0677 F8000
G1 X669.55391 Y124.77105 F8000
G1 X669.32648 Y124.44154 F8000
G1 X669.06838 Y124.28552 F8000
G1 X668.77172 Y124.23114 F8000
G1 X668.38295 Y124.32698 F8000
G1 X668.14554 Y124.51298 F8000
G1 X667.98951 Y124.77105 F8000
G1 X667.94125 Y125.16854 F8000
G1 X668.03097 Y125.45648 F8000
G1 X668.21697 Y125.69389 F8000
G1 X668.47507 Y125.84992 F8000
G0 Z0
G1 X674.24551 Y124.76237 F8000
G1 Z1 F8000
G1 X674.24551 Y124.76237 F8000
G1 X673.75563 Y124.90747 F8000
G1 X673.24207 Y125.24098 F8000
G1 X672.85674 Y125.71686 F8000
G1 X672.63729 Y126.28852 F8000
G1 X672.59721 Y132.16476 F8000
G1 X672.80784 Y132.95086 F8000
G1 X673.24207 Y133.51678 F8000
G1 X673.9469 Y133.92371 F8000
G1 X674.65413 Y134.01682 F8000
G1 X675.25307 Y133.8895 F8000
G1 X675.78337 Y133.58332 F8000
G1 X676.19311 Y133.12827 F8000
G1 X676.44216 Y132.56888 F8000
G1 X676.50886 Y132.06231 F8000
G1 X676.50616 Y126.59303 F8000
G1 X676.29553 Y125.8069 F8000
G1 X675.78337 Y125.17444 F8000
G1 X675.05823 Y124.80497 F8000
G1 X674.24551 Y124.76237 F8000
G0 Z0
G1 X674.34822 Y125.79735 F8000
G1 Z1 F8000
G1 X674.34822 Y125.79735 F8000
G1 X673.97648 Y125.96284 F8000
G1 X673.7042 Y126.26526 F8000
G1 X673.59447 Y126.55109 F8000
G1 X673.59447 Y126.95799 F8000
G1 X673.7042 Y127.24382 F8000
G1 X673.97648 Y127.54624 F8000
G1 X674.34822 Y127.71174 F8000
G1 X674.75515 Y127.71174 F8000
G1 X675.12686 Y127.54624 F8000
G1 X675.34337 Y127.32973 F8000
G1 X675.50887 Y126.95799 F8000
G1 X675.50887 Y126.55109 F8000
G1 X675.34337 Y126.17935 F8000
G1 X675.12686 Y125.96284 F8000
G1 X674.75515 Y125.79735 F8000
G1 X674.34822 Y125.79735 F8000
G0 Z0
G1 X676.50886 Y126.82197 F8000
G1 Z1 F8000
G1 X676.50886 Y126.82197 F8000
G1 X677.69848 Y126.83105 F8000
G1 X678.10086 Y126.73188 F8000
G1 X678.34658 Y126.53937 F8000
G1 X678.50805 Y126.27225 F8000
G1 X678.56433 Y125.9652 F8000
G1 X678.50805 Y125.65817 F8000
G1 X678.19034 Y125.25262 F8000
G1 X677.80286 Y125.10567 F8000
G1 X676.52389 Y125.10567 F8000
G1 X676.22586 Y125.19854 F8000
G1 X675.99602 Y125.37518 F8000
G0 Z0
G1 X674.77489 Y123.14736 F8000
G1 Z1 F8000
G1 X674.77489 Y123.14736 F8000
G1 X690.41023 Y127.05618 F8000
G0 Z0
G1 X690.73268 Y125.02757 F8000
G1 Z1 F8000
G1 X690.73268 Y125.02757 F8000
G1 X691.00258 Y125.58806 F8000
G1 X691.39655 Y125.9271 F8000
G1 X691.88714 Y126.09876 F8000
G1 X692.40652 Y126.07931 F8000
G1 X692.8829 Y125.87148 F8000
G1 X693.30605 Y125.41545 F8000
G1 X693.47771 Y124.92485 F8000
G1 X693.45829 Y124.40548 F8000
G1 X693.25043 Y123.92907 F8000
G1 X692.7944 Y123.50595 F8000
G1 X692.30381 Y123.33428 F8000
G1 X691.78443 Y123.35371 F8000
G1 X691.30805 Y123.56156 F8000
G1 X690.94051 Y123.92907 F8000
G1 X690.71324 Y124.50819 F8000
G1 X690.73268 Y125.02757 F8000
G0 Z0
G1 X692.53294 Y127.58686 F8000
G1 Z1 F8000
G1 X692.53294 Y127.58686 F8000
G1 X697.14105 Y128.73888 F8000
G0 Z0
G1 X697.14105 Y127.03078 F8000
G1 Z1 F8000
G1 X697.14105 Y127.03078 F8000
G1 X696.69264 Y127.15699 F8000
G1 X694.95959 Y127.15699 F8000
G1 X694.47307 Y127.01215 F8000
G1 X694.1329 Y126.73977 F8000
G0 Z0
G1 X694.89119 Y124.70038 F8000
G1 Z1 F8000
G1 X694.89119 Y124.70038 F8000
G1 X696.69264 Y124.69184 F8000
G1 X697.14105 Y124.81807 F8000
G0 Z0
G1 X694.1579 Y130.78424 F8000
G1 Z1 F8000
G1 X694.1579 Y130.78424 F8000
G1 X694.47307 Y130.54027 F8000
G1 X694.85817 Y130.40808 F8000
G1 X696.69264 Y130.39544 F8000
G1 X697.08732 Y130.49537 F8000
G1 X697.35015 Y130.652 F8000
G1 X697.6259 Y130.95154 F8000
G1 X697.76028 Y131.22641 F8000
G1 X697.8273 Y131.628 F8000
G1 X697.72314 Y132.12483 F8000
G1 X697.50044 Y132.46567 F8000
G1 X697.17915 Y132.71575 F8000
G1 X696.69264 Y132.86059 F8000
G1 X694.89119 Y132.85207 F8000
G0 Z0
G1 X692.30381 Y131.37328 F8000
G1 Z1 F8000
G1 X692.30381 Y131.37328 F8000
G1 X691.78443 Y131.39273 F8000
G1 X691.22393 Y131.66266 F8000
G1 X690.8849 Y132.0566 F8000
G1 X690.71324 Y132.54719 F8000
G1 X690.75972 Y133.16756 F8000
G1 X691.00258 Y133.62708 F8000
G1 X691.39655 Y133.9661 F8000
G1 X691.88714 Y134.13776 F8000
G1 X692.40652 Y134.11834 F8000
G1 X692.96701 Y133.84841 F8000
G1 X693.30605 Y133.45444 F8000
G1 X693.47771 Y132.96388 F8000
G1 X693.45829 Y132.44448 F8000
G1 X693.18836 Y131.88398 F8000
G1 X692.7944 Y131.54497 F8000
G1 X692.30381 Y131.37328 F8000
G0 Z0
G1 X693.72218 Y142.61107 F8000
G1 Z1 F8000
G1 X693.72218 Y142.61107 F8000
G1 X694.10813 Y142.27777 F8000
G1 X694.48188 Y141.79374 F8000
G1 X694.74144 Y141.24002 F8000
G1 X694.87442 Y140.64312 F8000
G1 X694.8614 Y132.26406 F8000
G1 X694.70673 Y131.67239 F8000
G1 X694.48188 Y131.21472 F8000
G1 X693.80415 Y130.45833 F8000
G1 X693.37381 Y130.18477 F8000
G1 X692.80262 Y129.96633 F8000
G1 X692.1976 Y129.87728 F8000
G1 X691.68844 Y129.90522 F8000
G1 X690.90884 Y130.13977 F8000
G1 X690.22987 Y130.58895 F8000
G1 X689.70911 Y131.21472 F8000
G1 X689.36669 Y132.06324 F8000
G1 X689.2998 Y132.67112 F8000
G1 X689.3296 Y140.74441 F8000
G1 X689.52248 Y141.43076 F8000
G1 X689.88271 Y142.04603 F8000
G1 X690.38685 Y142.55014 F8000
G1 X691.00208 Y142.91037 F8000
G1 X691.68844 Y143.10327 F8000
G1 X692.40125 Y143.11629 F8000
G1 X693.0942 Y142.94857 F8000
G1 X693.72218 Y142.61107 F8000
G0 Z0
G1 X684.99389 Y129.28305 F8000
G1 Z1 F8000
G1 X684.99389 Y129.28305 F8000
G1 X686.49683 Y129.28911 F8000
G1 X686.87807 Y129.17346 F8000
G1 X687.18605 Y128.92073 F8000
G1 X687.34009 Y128.66371 F8000
G1 X687.4178 Y128.27297 F8000
G1 X687.37382 Y127.97659 F8000
G1 X687.04449 Y127.48369 F8000
G1 X686.49683 Y127.25684 F8000
G1 X684.93547 Y127.27155 F8000
G1 X684.38927 Y127.57683 F8000
G0 Z0
G1 X685.24914 Y124.58542 F8000
G1 Z1 F8000
G1 X685.24914 Y124.58542 F8000
G1 X684.74394 Y124.50769 F8000
G1 X684.36807 Y124.23712 F8000
G0 Z0
G1 X681.57122 Y122.86587 F8000
G1 Z1 F8000
G1 X681.57122 Y122.86587 F8000
G1 X681.80188 Y123.30896 F8000
G1 X682.1089 Y123.56656 F8000
G1 X682.58531 Y123.71679 F8000
G1 X682.98457 Y123.68187 F8000
G1 X683.42767 Y123.4512 F8000
G1 X683.68526 Y123.14418 F8000
G1 X683.83549 Y122.66777 F8000
G1 X683.80057 Y122.26852 F8000
G1 X683.56991 Y121.82542 F8000
G1 X683.26288 Y121.56779 F8000
G1 X682.78647 Y121.41759 F8000
G1 X682.38722 Y121.45251 F8000
G1 X681.94412 Y121.68318 F8000
G1 X681.68649 Y121.9902 F8000
G1 X681.53629 Y122.46661 F8000
G1 X681.57122 Y122.86587 F8000
G0 Z0
G1 X684.99389 Y122.55429 F8000
G1 Z1 F8000
G1 X684.99389 Y122.55429 F8000
G1 X685.21887 Y122.54334 F8000
G0 Z0
G1 X677.20527 Y122.83816 F8000
G1 Z1 F8000
G1 X677.20527 Y122.83816 F8000
G1 X676.42104 Y122.813 F8000
G1 X675.97752 Y122.54313 F8000
G0 Z0
G1 X675.27892 Y121.7815 F8000
G1 Z1 F8000
G1 X675.27892 Y121.7815 F8000
G1 X675.44566 Y121.52475 F8000
G1 X675.53027 Y121.12671 F8000
G1 X675.44566 Y120.72869 F8000
G1 X675.20647 Y120.39947 F8000
G1 X674.85408 Y120.19601 F8000
G1 X674.55168 Y120.14812 F8000
G1 X674.15364 Y120.23273 F8000
G1 X673.82445 Y120.47191 F8000
G1 X673.62098 Y120.82431 F8000
G1 X673.57309 Y121.12671 F8000
G1 X673.65771 Y121.52475 F8000
G1 X673.89687 Y121.85394 F8000
G1 X674.24929 Y122.0574 F8000
G1 X674.55168 Y122.10529 F8000
G1 X674.9497 Y122.02068 F8000
G1 X675.27892 Y121.7815 F8000
G0 Z0
G1 X672.65705 Y121.69257 F8000
G1 Z1 F8000
G1 X672.65705 Y121.69257 F8000
G1 X670.39624 Y121.68836 F8000
G1 X669.95534 Y121.42185 F8000
G1 X669.79386 Y121.15473 F8000
G1 X669.73759 Y120.84768 F8000
G1 X669.73759 Y116.19214 F8000
G1 X669.83678 Y115.78977 F8000
G1 X670.11158 Y115.47957 F8000
G1 X670.49908 Y115.33262 F8000
G1 X672.65705 Y115.34728 F8000
G0 Z0
G1 X672.16911 Y115.3263 F8000
G1 Z1 F8000
G1 X672.16911 Y115.3263 F8000
G1 X672.13514 Y114.80239 F8000
G1 X671.94657 Y114.55048 F8000
G1 X671.6704 Y114.39967 F8000
G1 X670.44159 Y114.37723 F8000
G1 X670.00662 Y114.60607 F8000
G0 Z0
G1 X670.39992 Y115.3508 F8000
G1 Z1 F8000
G1 X670.39992 Y115.3508 F8000
G1 X670.25321 Y114.95659 F8000
G1 X669.95481 Y114.55107 F8000
G1 X669.54928 Y114.25264 F8000
G1 X669.07332 Y114.08842 F8000
G1 X668.57006 Y114.0732 F8000
G1 X668.08505 Y114.2084 F8000
G1 X667.66225 Y114.48177 F8000
G1 X667.3399 Y114.86857 F8000
G1 X667.10165 Y115.63311 F8000
G1 X667.12602 Y120.62373 F8000
G1 X667.29024 Y121.09969 F8000
G1 X667.51937 Y121.43164 F8000
G1 X667.90617 Y121.75398 F8000
G1 X668.37133 Y121.94665 F8000
G1 X668.77172 Y121.99528 F8000
G1 X669.26949 Y121.91953 F8000
G1 X669.63731 Y121.75398 F8000
G1 X669.9955 Y121.46201 F8000
G1 X670.44159 Y121.71218 F8000
G1 X671.54811 Y121.71353 F8000
G0 Z0
G1 X668.29651 Y119.56815 F8000
G1 Z1 F8000
G1 X668.29651 Y119.56815 F8000
G1 X668.08325 Y119.7814 F8000
G1 X667.95945 Y120.05641 F8000
G1 X667.95945 Y120.45683 F8000
G1 X668.08325 Y120.73184 F8000
G1 X668.29651 Y120.9451 F8000
G1 X668.67089 Y121.0871 F8000
G1 X668.97194 Y121.06887 F8000
G1 X669.24694 Y120.9451 F8000
G1 X669.4602 Y120.73184 F8000
G1 X669.6022 Y120.35746 F8000
G1 X669.58397 Y120.05641 F8000
G1 X669.4602 Y119.7814 F8000
G1 X669.24694 Y119.56815 F8000
G1 X668.97194 Y119.44435 F8000
G1 X668.57151 Y119.44435 F8000
G1 X668.29651 Y119.56815 F8000
G0 Z0
G1 X667.15192 Y120.73941 F8000
G1 Z1 F8000
G1 X667.15192 Y120.73941 F8000
G1 X665.18794 Y120.7283 F8000
G1 X664.83708 Y120.50282 F8000
G1 X664.65629 Y120.0181 F8000
G1 X664.65629 Y116.03818 F8000
G1 X664.72317 Y115.73071 F8000
G1 X664.9963 Y115.41551 F8000
G1 X665.29113 Y115.30553 F8000
G1 X667.15192 Y115.31688 F8000
G0 Z0
G1 X667.20188 Y114.83969 F8000
G1 Z1 F8000
G1 X667.20188 Y114.83969 F8000
G1 X666.66427 Y115.15008 F8000
G0 Z0
G1 X666.16179 Y115.15151 F8000
G1 Z1 F8000
G1 X666.16179 Y115.15151 F8000
G1 X667.79722 Y114.2073 F8000
G0 Z0
G1 X668.04756 Y113.77408 F8000
G1 Z1 F8000
G1 X668.04756 Y113.77408 F8000
G1 X665.65311 Y115.15652 F8000
G0 Z0
G1 X664.58134 Y115.77531 F8000
G1 Z1 F8000
G1 X664.58134 Y115.77531 F8000
G1 X658.94022 Y119.03221 F8000
G0 Z0
G1 X659.44022 Y119.03221 F8000
G1 Z1 F8000
G1 X659.44022 Y119.03221 F8000
G1 X664.53648 Y116.08988 F8000
G0 Z0
G1 X664.51932 Y116.38846 F8000
G1 Z1 F8000
G1 X664.51932 Y116.38846 F8000
G1 X659.94022 Y119.03221 F8000
G0 Z0
G1 X660.44022 Y119.03221 F8000
G1 Z1 F8000
G1 X660.44022 Y119.03221 F8000
G1 X664.51528 Y116.67947 F8000
G0 Z0
G1 X664.51217 Y116.96994 F8000
G1 Z1 F8000
G1 X664.51217 Y116.96994 F8000
G1 X660.94022 Y119.03221 F8000
G0 Z0
G1 X661.44022 Y119.03221 F8000
G1 Z1 F8000
G1 X661.44022 Y119.03221 F8000
G1 X664.50906 Y117.26041 F8000
G0 Z0
G1 X664.50698 Y117.55029 F8000
G1 Z1 F8000
G1 X664.50698 Y117.55029 F8000
G1 X661.94022 Y119.03221 F8000
G0 Z0
G1 X662.44022 Y119.03221 F8000
G1 Z1 F8000
G1 X662.44022 Y119.03221 F8000
G1 X664.50698 Y117.83896 F8000
G0 Z0
G1 X664.50698 Y118.12764 F8000
G1 Z1 F8000
G1 X664.50698 Y118.12764 F8000
G1 X662.94022 Y119.03221 F8000
G0 Z0
G1 X663.44022 Y119.03221 F8000
G1 Z1 F8000
G1 X663.44022 Y119.03221 F8000
G1 X664.50698 Y118.41631 F8000
G0 Z0
G1 X664.50698 Y118.70499 F8000
G1 Z1 F8000
G1 X664.50698 Y118.70499 F8000
G1 X663.94022 Y119.03221 F8000
G0 Z0
G1 X664.44022 Y119.03221 F8000
G1 Z1 F8000
G1 X664.44022 Y119.03221 F8000
G1 X664.50698 Y118.99366 F8000
G0 Z0
G1 X664.65629 Y119.20893 F8000
G1 Z1 F8000
G1 X664.65629 Y119.20893 F8000
G1 X656.6156 Y119.20893 F8000
G1 X656.6156 Y106.21941 F8000
G1 X664.88809 Y106.21941 F8000
G0 Z0
G1 X664.53972 Y106.48549 F8000
G1 Z1 F8000
G1 X664.53972 Y106.48549 F8000
G1 X664.38009 Y106.39332 F8000
G0 Z0
G1 X664.53728 Y106.77275 F8000
G1 Z1 F8000
G1 X664.53728 Y106.77275 F8000
G1 X663.88009 Y106.39333 F8000
G0 Z0
G1 X663.3801 Y106.39333 F8000
G1 Z1 F8000
G1 X663.3801 Y106.39333 F8000
G1 X664.53484 Y107.06002 F8000
G0 Z0
G1 X664.5324 Y107.34729 F8000
G1 Z1 F8000
G1 X664.5324 Y107.34729 F8000
G1 X662.8801 Y106.39333 F8000
G0 Z0
G1 X667.21001 Y105.52397 F8000
G1 Z1 F8000
G1 X667.21001 Y105.52397 F8000
G1 X653.57789 Y105.52397 F8000
G0 Z0
G1 X653.5785 Y105.27397 F8000
G1 Z1 F8000
G1 X653.5785 Y105.27397 F8000
G1 X667.41322 Y105.27397 F8000
G0 Z0
G1 X667.66724 Y105.02397 F8000
G1 Z1 F8000
G1 X667.66724 Y105.02397 F8000
G1 X653.57912 Y105.02397 F8000
G0 Z0
G1 X653.22486 Y103.5577 F8000
G1 Z1 F8000
G1 X653.22486 Y103.5577 F8000
G1 X653.22486 Y123.00194 F8000
G0 Z0
G1 X652.97486 Y123.00194 F8000
G1 Z1 F8000
G1 X652.97486 Y123.00194 F8000
G1 X652.97486 Y103.5577 F8000
G0 Z0
G1 X652.72486 Y103.5577 F8000
G1 Z1 F8000
G1 X652.72486 Y103.5577 F8000
G1 X652.72486 Y123.00194 F8000
G0 Z0
G1 X652.47486 Y123.00194 F8000
G1 Z1 F8000
G1 X652.47486 Y123.00194 F8000
G1 X652.47486 Y103.5577 F8000
G0 Z0
G1 X652.22486 Y103.5577 F8000
G1 Z1 F8000
G1 X652.22486 Y103.5577 F8000
G1 X652.22486 Y123.00194 F8000
G0 Z0
G1 X651.97486 Y123.00194 F8000
G1 Z1 F8000
G1 X651.97486 Y123.00194 F8000
G1 X651.97486 Y103.5577 F8000
G0 Z0
G1 X651.72486 Y103.5577 F8000
G1 Z1 F8000
G1 X651.72486 Y103.5577 F8000
G1 X651.72486 Y123.00194 F8000
G0 Z0
G1 X651.47486 Y123.00194 F8000
G1 Z1 F8000
G1 X651.47486 Y123.00194 F8000
G1 X651.47486 Y103.5577 F8000
G0 Z0
G1 X651.22486 Y103.5577 F8000
G1 Z1 F8000
G1 X651.22486 Y103.5577 F8000
G1 X651.22486 Y123.00194 F8000
G0 Z0
G1 X650.97486 Y123.00194 F8000
G1 Z1 F8000
G1 X650.97486 Y123.00194 F8000
G1 X650.97486 Y103.5577 F8000
G0 Z0
G1 X650.72486 Y103.5577 F8000
G1 Z1 F8000
G1 X650.72486 Y103.5577 F8000
G1 X650.72486 Y123.00194 F8000
G0 Z0
G1 X650.47486 Y123.00194 F8000
G1 Z1 F8000
G1 X650.47486 Y123.00194 F8000
G1 X650.47486 Y103.5577 F8000
G0 Z0
G1 X650.22486 Y103.5577 F8000
G1 Z1 F8000
G1 X650.22486 Y103.5577 F8000
G1 X650.22486 Y123.00194 F8000
G0 Z0
G1 X649.97486 Y123.00194 F8000
G1 Z1 F8000
G1 X649.97486 Y123.00194 F8000
G1 X649.97486 Y103.5577 F8000
G0 Z0
G1 X649.72486 Y103.5577 F8000
G1 Z1 F8000
G1 X649.72486 Y103.5577 F8000
G1 X649.72486 Y123.00194 F8000
G0 Z0
G1 X649.47486 Y123.00194 F8000
G1 Z1 F8000
G1 X649.47486 Y123.00194 F8000
G1 X649.47486 Y103.5577 F8000
G0 Z0
G1 X649.22486 Y103.5577 F8000
G1 Z1 F8000
G1 X649.22486 Y103.5577 F8000
G1 X649.22486 Y123.00194 F8000
G0 Z0
G1 X648.97486 Y123.00194 F8000
G1 Z1 F8000
G1 X648.97486 Y123.00194 F8000
G1 X648.97486 Y103.5577 F8000
G0 Z0
G1 X648.72486 Y103.5577 F8000
G1 Z1 F8000
G1 X648.72486 Y103.5577 F8000
G1 X648.72486 Y123.00194 F8000
G0 Z0
G1 X648.47486 Y123.00194 F8000
G1 Z1 F8000
G1 X648.47486 Y123.00194 F8000
G1 X648.47486 Y103.5577 F8000
G0 Z0
G1 X648.22486 Y103.5577 F8000
G1 Z1 F8000
G1 X648.22486 Y103.5577 F8000
G1 X648.22486 Y123.00194 F8000
G0 Z0
G1 X647.97486 Y123.00194 F8000
G1 Z1 F8000
G1 X647.97486 Y123.00194 F8000
G1 X647.97486 Y103.5577 F8000
G0 Z0
G1 X647.72486 Y103.5577 F8000
G1 Z1 F8000
G1 X647.72486 Y103.5577 F8000
G1 X647.72486 Y123.00194 F8000
G0 Z0
G1 X647.47486 Y123.00194 F8000
G1 Z1 F8000
G1 X647.47486 Y123.00194 F8000
G1 X647.47486 Y103.5577 F8000
G0 Z0
G1 X647.22486 Y103.5577 F8000
G1 Z1 F8000
G1 X647.22486 Y103.5577 F8000
G1 X647.22486 Y123.00194 F8000
G0 Z0
G1 X646.97486 Y123.00194 F8000
G1 Z1 F8000
G1 X646.97486 Y123.00194 F8000
G1 X646.97486 Y103.5577 F8000
G0 Z0
G1 X646.72486 Y103.5577 F8000
G1 Z1 F8000
G1 X646.72486 Y103.5577 F8000
G1 X646.72486 Y123.00194 F8000
G0 Z0
G1 X646.47486 Y123.00194 F8000
G1 Z1 F8000
G1 X646.47486 Y123.00194 F8000
G1 X646.47486 Y103.5577 F8000
G0 Z0
G1 X646.22486 Y103.5577 F8000
G1 Z1 F8000
G1 X646.22486 Y103.5577 F8000
G1 X646.22486 Y123.00194 F8000
G0 Z0
G1 X645.97486 Y123.00194 F8000
G1 Z1 F8000
G1 X645.97486 Y123.00194 F8000
G1 X645.97486 Y103.5577 F8000
G0 Z0
G1 X645.72486 Y103.5577 F8000
G1 Z1 F8000
G1 X645.72486 Y103.5577 F8000
G1 X645.72486 Y123.00194 F8000
G0 Z0
G1 X645.47486 Y123.00194 F8000
G1 Z1 F8000
G1 X645.47486 Y123.00194 F8000
G1 X645.47486 Y103.5577 F8000
G0 Z0
G1 X645.22486 Y103.5577 F8000
G1 Z1 F8000
G1 X645.22486 Y103.5577 F8000
G1 X645.22486 Y123.00194 F8000
G0 Z0
G1 X644.97486 Y123.00194 F8000
G1 Z1 F8000
G1 X644.97486 Y123.00194 F8000
G1 X644.97486 Y103.5577 F8000
G0 Z0
G1 X644.72486 Y103.5577 F8000
G1 Z1 F8000
G1 X644.72486 Y103.5577 F8000
G1 X644.72486 Y123.00194 F8000
G0 Z0
G1 X644.22486 Y123.00194 F8000
G1 Z1 F8000
G1 X644.22486 Y123.00194 F8000
G1 X644.22486 Y103.5577 F8000
G0 Z0
G1 X643.97486 Y103.5577 F8000
G1 Z1 F8000
G1 X643.97486 Y103.5577 F8000
G1 X643.97486 Y123.00194 F8000
G0 Z0
G1 X643.72486 Y123.00194 F8000
G1 Z1 F8000
G1 X643.72486 Y123.00194 F8000
G1 X643.72486 Y103.5577 F8000
G0 Z0
G1 X643.47486 Y103.5577 F8000
G1 Z1 F8000
G1 X643.47486 Y103.5577 F8000
G1 X643.47486 Y123.00194 F8000
G0 Z0
G1 X643.22486 Y123.00194 F8000
G1 Z1 F8000
G1 X643.22486 Y123.00194 F8000
G1 X643.22486 Y103.5577 F8000
G0 Z0
G1 X642.97486 Y103.5577 F8000
G1 Z1 F8000
G1 X642.97486 Y103.5577 F8000
G1 X642.97486 Y123.00194 F8000
G0 Z0
G1 X642.72486 Y123.00194 F8000
G1 Z1 F8000
G1 X642.72486 Y123.00194 F8000
G1 X642.72486 Y103.5577 F8000
G0 Z0
G1 X642.47486 Y103.5577 F8000
G1 Z1 F8000
G1 X642.47486 Y103.5577 F8000
G1 X642.47486 Y123.00194 F8000
G0 Z0
G1 X642.22486 Y123.00194 F8000
G1 Z1 F8000
G1 X642.22486 Y123.00194 F8000
G1 X642.22486 Y103.5577 F8000
G0 Z0
G1 X641.97486 Y103.5577 F8000
G1 Z1 F8000
G1 X641.97486 Y103.5577 F8000
G1 X641.97486 Y123.00194 F8000
G0 Z0
G1 X641.72486 Y123.00194 F8000
G1 Z1 F8000
G1 X641.72486 Y123.00194 F8000
G1 X641.72486 Y103.5577 F8000
G0 Z0
G1 X641.47486 Y103.5577 F8000
G1 Z1 F8000
G1 X641.47486 Y103.5577 F8000
G1 X641.47486 Y123.00194 F8000
G0 Z0
G1 X641.22486 Y123.00194 F8000
G1 Z1 F8000
G1 X641.22486 Y123.00194 F8000
G1 X641.22486 Y103.5577 F8000
G0 Z0
G1 X640.97486 Y103.5577 F8000
G1 Z1 F8000
G1 X640.97486 Y103.5577 F8000
G1 X640.97486 Y123.00194 F8000
G0 Z0
G1 X662.48427 Y144.11232 F8000
G1 Z1 F8000
G1 X662.48427 Y144.11232 F8000
G1 X662.48427 Y126.93074 F8000
G1 X656.64539 Y126.93074 F8000
G1 X656.64539 Y144.11232 F8000
G1 X662.48427 Y144.11232 F8000
G0 Z0
G1 X658.44022 Y119.03221 F8000
G1 Z1 F8000
G1 X658.44022 Y119.03221 F8000
G1 X668.04887 Y113.48465 F8000
G0 Z0
G1 X667.94125 Y111.07441 F8000
G1 Z1 F8000
G1 X667.94125 Y111.07441 F8000
G1 X668.03097 Y111.36233 F8000
G1 X668.29651 Y111.66205 F8000
G1 X668.57151 Y111.78582 F8000
G1 X668.87256 Y111.80403 F8000
G1 X669.1605 Y111.71431 F8000
G1 X669.4602 Y111.4488 F8000
G1 X669.58397 Y111.17376 F8000
G1 X669.6022 Y110.87272 F8000
G1 X669.4602 Y110.49833 F8000
G1 X669.24694 Y110.28508 F8000
G1 X668.97194 Y110.16131 F8000
G1 X668.67089 Y110.14311 F8000
G1 X668.38295 Y110.23283 F8000
G1 X668.14554 Y110.41883 F8000
G1 X667.95945 Y110.77337 F8000
G1 X667.94125 Y111.07441 F8000
G0 Z0
G1 X669.99056 Y112.18421 F8000
G1 Z1 F8000
G1 X669.99056 Y112.18421 F8000
G1 X670.44159 Y112.42911 F8000
G1 X671.56718 Y112.42911 F8000
G1 X671.94657 Y112.25586 F8000
G1 X672.17205 Y111.90499 F8000
G1 X672.13514 Y111.38898 F8000
G1 X671.76932 Y111.02316 F8000
G1 X671.46185 Y110.95628 F8000
G1 X670.44487 Y110.96358 F8000
G0 Z0
G1 X670.44487 Y110.83832 F8000
G1 Z1 F8000
G1 X670.44487 Y110.83832 F8000
G1 X670.36909 Y111.53685 F8000
G1 X670.08879 Y112.07094 F8000
G1 X669.63731 Y112.47094 F8000
G1 X668.97342 Y112.70001 F8000
G1 X668.37133 Y112.66361 F8000
G1 X667.73988 Y112.35616 F8000
G1 X667.29024 Y111.81662 F8000
G1 X667.1108 Y111.24076 F8000
G1 X667.0986 Y106.45108 F8000
G1 X667.246 Y105.76441 F8000
G1 X667.66225 Y105.19873 F8000
G1 X668.37133 Y104.82656 F8000
G1 X669.07332 Y104.80537 F8000
G1 X669.76833 Y105.10808 F8000
G0 Z0
G1 X669.4602 Y106.97683 F8000
G1 Z1 F8000
G1 X669.4602 Y106.97683 F8000
G1 X669.58397 Y106.7018 F8000
G1 X669.6022 Y106.40078 F8000
G1 X669.51245 Y106.11284 F8000
G1 X669.24694 Y105.81312 F8000
G1 X668.97194 Y105.68934 F8000
G1 X668.57151 Y105.68934 F8000
G1 X668.29651 Y105.81312 F8000
G1 X668.08325 Y106.0264 F8000
G1 X667.95945 Y106.30141 F8000
G1 X667.95945 Y106.7018 F8000
G1 X668.08325 Y106.97683 F8000
G1 X668.29651 Y107.19009 F8000
G1 X668.57151 Y107.31386 F8000
G1 X668.97194 Y107.31386 F8000
G1 X669.24694 Y107.19009 F8000
G1 X669.4602 Y106.97683 F8000
G0 Z0
G1 X676.00615 Y111.65398 F8000
G1 Z1 F8000
G1 X676.00615 Y111.65398 F8000
G1 X676.33966 Y111.14045 F8000
G1 X676.50616 Y110.44682 F8000
G1 X676.46608 Y104.57061 F8000
G1 X676.19311 Y103.91156 F8000
G1 X675.61764 Y103.33609 F8000
G1 X674.85786 Y103.04444 F8000
G1 X674.14478 Y103.06312 F8000
G1 X673.57309 Y103.28256 F8000
G1 X673.16775 Y103.59358 F8000
G1 X672.85674 Y103.99892 F8000
G1 X672.63729 Y104.57061 F8000
G1 X672.63729 Y110.7513 F8000
G1 X672.80784 Y111.23292 F8000
G1 X673.09721 Y111.65398 F8000
G1 X673.57309 Y112.03935 F8000
G1 X674.04514 Y112.23488 F8000
G1 X674.65413 Y112.29888 F8000
G1 X675.15649 Y112.20577 F8000
G1 X675.61764 Y111.9858 F8000
G1 X676.00615 Y111.65398 F8000
G0 Z0
G1 X672.65705 Y104.48829 F8000
G1 Z1 F8000
G1 X672.65705 Y104.48829 F8000
G1 X670.39624 Y104.4925 F8000
G1 X669.95534 Y104.75902 F8000
G1 X669.79386 Y105.02614 F8000
G1 X669.73759 Y105.33319 F8000
G1 X669.73759 Y109.98872 F8000
G1 X669.83678 Y110.3911 F8000
G1 X670.11158 Y110.7013 F8000
G1 X670.49908 Y110.84825 F8000
G1 X672.65705 Y110.83362 F8000
G0 Z0
G1 X672.90978 Y111.40956 F8000
G1 Z1 F8000
G1 X672.90978 Y111.40956 F8000
G1 X672.90978 Y114.77131 F8000
G0 Z0
G1 X675.15649 Y113.97509 F8000
G1 Z1 F8000
G1 X675.15649 Y113.97509 F8000
G1 X674.34711 Y113.89003 F8000
G1 X673.9469 Y113.97509 F8000
G1 X673.48573 Y114.19507 F8000
G1 X672.91026 Y114.77054 F8000
G1 X672.69031 Y115.23168 F8000
G1 X672.60525 Y115.63189 F8000
G1 X672.63729 Y121.61026 F8000
G1 X672.85674 Y122.18194 F8000
G1 X673.24207 Y122.65782 F8000
G1 X673.75563 Y122.99131 F8000
G1 X674.34711 Y123.14979 F8000
G1 X675.15649 Y123.06473 F8000
G1 X675.78337 Y122.72437 F8000
G1 X676.24663 Y122.18194 F8000
G1 X676.49814 Y121.40793 F8000
G1 X676.48476 Y115.53032 F8000
G1 X676.33966 Y115.04044 F8000
G1 X676.00615 Y114.52688 F8000
G1 X675.61764 Y114.19507 F8000
G1 X675.15649 Y113.97509 F8000
G0 Z0
G1 X675.5249 Y115.79329 F8000
G1 Z1 F8000
G1 X675.5249 Y115.79329 F8000
G1 X675.44566 Y115.49756 F8000
G1 X675.20647 Y115.16834 F8000
G1 X674.85408 Y114.9649 F8000
G1 X674.4494 Y114.92236 F8000
G1 X674.06239 Y115.04809 F8000
G1 X673.76 Y115.32037 F8000
G1 X673.59447 Y115.69211 F8000
G1 X673.57847 Y115.99786 F8000
G1 X673.7042 Y116.38487 F8000
G1 X673.89687 Y116.62281 F8000
G1 X674.24929 Y116.82627 F8000
G1 X674.65397 Y116.86879 F8000
G1 X675.04098 Y116.74306 F8000
G1 X675.27892 Y116.55039 F8000
G1 X675.48236 Y116.19797 F8000
G1 X675.5249 Y115.79329 F8000
G0 Z0
G1 X676.50886 Y115.96302 F8000
G1 Z1 F8000
G1 X676.50886 Y115.96302 F8000
G1 X677.36759 Y115.97209 F8000
G0 Z0
G1 X678.29991 Y115.72709 F8000
G1 Z1 F8000
G1 X678.29991 Y115.72709 F8000
G1 X678.50805 Y115.41326 F8000
G1 X678.55801 Y115.00186 F8000
G1 X678.41106 Y114.61438 F8000
G1 X678.10086 Y114.33958 F8000
G1 X677.69848 Y114.24039 F8000
G1 X676.52389 Y114.24672 F8000
G1 X676.22586 Y114.33958 F8000
G1 X675.99602 Y114.51622 F8000
G0 Z0
G1 X675.97752 Y111.68415 F8000
G1 Z1 F8000
G1 X675.97752 Y111.68415 F8000
G1 X676.22586 Y111.88002 F8000
G1 X676.52389 Y111.97289 F8000
G1 X677.69848 Y111.97921 F8000
G1 X678.10086 Y111.88002 F8000
G1 X678.41106 Y111.60522 F8000
G1 X678.55801 Y111.21771 F8000
G1 X678.50805 Y110.80631 F8000
G1 X678.258 Y110.45378 F8000
G0 Z0
G1 X677.41657 Y110.24751 F8000
G1 Z1 F8000
G1 X677.41657 Y110.24751 F8000
G1 X676.50886 Y110.25658 F8000
G0 Z0
G1 X674.85408 Y111.19842 F8000
G1 Z1 F8000
G1 X674.85408 Y111.19842 F8000
G1 X675.20647 Y110.99496 F8000
G1 X675.44566 Y110.66576 F8000
G1 X675.53027 Y110.26775 F8000
G1 X675.48236 Y109.96533 F8000
G1 X675.27892 Y109.61293 F8000
G1 X674.9497 Y109.37375 F8000
G1 X674.65397 Y109.29451 F8000
G1 X674.24929 Y109.33705 F8000
G1 X673.97648 Y109.47604 F8000
G1 X673.7042 Y109.77846 F8000
G1 X673.57847 Y110.16546 F8000
G1 X673.62098 Y110.57014 F8000
G1 X673.82445 Y110.92254 F8000
G1 X674.15364 Y111.16173 F8000
G1 X674.4494 Y111.24097 F8000
G1 X674.85408 Y111.19842 F8000
G0 Z0
G1 X673.57847 Y105.13891 F8000
G1 Z1 F8000
G1 X673.57847 Y105.13891 F8000
G1 X673.7042 Y105.52591 F8000
G1 X673.89687 Y105.76385 F8000
G1 X674.24929 Y105.96729 F8000
G1 X674.65397 Y106.00983 F8000
G1 X675.04098 Y105.88408 F8000
G1 X675.34337 Y105.61182 F8000
G1 X675.50887 Y105.24008 F8000
G1 X675.5249 Y104.93433 F8000
G1 X675.44566 Y104.63858 F8000
G1 X675.20647 Y104.30938 F8000
G1 X674.85408 Y104.10592 F8000
G1 X674.4494 Y104.0634 F8000
G1 X674.06239 Y104.18913 F8000
G1 X673.82445 Y104.3818 F8000
G1 X673.62098 Y104.73423 F8000
G1 X673.57847 Y105.13891 F8000
G0 Z0
G1 X676.50886 Y105.10406 F8000
G1 Z1 F8000
G1 X676.50886 Y105.10406 F8000
G1 X677.0089 Y105.11311 F8000
G0 Z0
G1 X677.17741 Y103.38144 F8000
G1 Z1 F8000
G1 X677.17741 Y103.38144 F8000
G1 X676.42104 Y103.4066 F8000
G1 X675.99602 Y103.65724 F8000
G0 Z0
G1 X674.77491 Y103.03354 F8000
G1 Z1 F8000
G1 X674.77491 Y103.03354 F8000
G1 X708.71679 Y94.54805 F8000
G0 Z0
G1 X708.03446 Y94.1036 F8000
G1 Z1 F8000
G1 X708.03446 Y94.1036 F8000
G1 X708.47422 Y94.44894 F8000
G1 X708.96378 Y94.6043 F8000
G1 X711.24364 Y94.6043 F8000
G1 X711.63999 Y94.49326 F8000
G1 X711.9917 Y94.27939 F8000
G1 X712.27264 Y93.97856 F8000
G1 X712.46202 Y93.61309 F8000
G1 X712.54928 Y93.10695 F8000
G1 X712.46202 Y92.6008 F8000
G1 X712.21027 Y92.1531 F8000
G1 X711.82316 Y91.81554 F8000
G1 X711.14099 Y91.59903 F8000
G1 X708.96116 Y91.61004 F8000
G0 Z0
G1 X706.8233 Y92.7636 F8000
G1 Z1 F8000
G1 X706.8233 Y92.7636 F8000
G1 X707.14191 Y92.23657 F8000
G1 X707.24978 Y91.52767 F8000
G1 X707.05724 Y90.83695 F8000
G1 X706.67744 Y90.35218 F8000
G1 X706.15041 Y90.03357 F8000
G1 X705.44151 Y89.9257 F8000
G1 X704.75079 Y90.11824 F8000
G1 X704.26602 Y90.49805 F8000
G1 X703.94741 Y91.02507 F8000
G1 X703.83954 Y91.73397 F8000
G1 X704.03208 Y92.42469 F8000
G1 X704.41189 Y92.90946 F8000
G1 X704.93891 Y93.22807 F8000
G1 X705.64781 Y93.33594 F8000
G1 X706.33853 Y93.14341 F8000
G1 X706.8233 Y92.7636 F8000
G0 Z0
G1 X708.0651 Y99.04531 F8000
G1 Z1 F8000
G1 X708.0651 Y99.04531 F8000
G1 X708.47422 Y98.73506 F8000
G1 X708.96378 Y98.5797 F8000
G1 X711.24364 Y98.5797 F8000
G1 X711.63999 Y98.69074 F8000
G1 X711.9917 Y98.9046 F8000
G1 X712.27264 Y99.20544 F8000
G1 X712.46202 Y99.57091 F8000
G1 X712.54928 Y100.07705 F8000
G1 X712.46202 Y100.5832 F8000
G1 X712.21027 Y101.0309 F8000
G1 X711.82316 Y101.36846 F8000
G1 X711.14099 Y101.58497 F8000
G1 X708.96116 Y101.57396 F8000
G0 Z0
G1 X707.24978 Y101.35182 F8000
G1 Z1 F8000
G1 X707.24978 Y101.35182 F8000
G1 X707.05724 Y100.66109 F8000
G1 X706.67744 Y100.1763 F8000
G1 X706.15041 Y99.85771 F8000
G1 X705.44151 Y99.74982 F8000
G1 X704.84358 Y99.89719 F8000
G1 X704.26602 Y100.32216 F8000
G1 X703.94741 Y100.84919 F8000
G1 X703.83954 Y101.55809 F8000
G1 X704.03208 Y102.24881 F8000
G1 X704.41189 Y102.7336 F8000
G1 X704.93891 Y103.05219 F8000
G1 X705.64781 Y103.16009 F8000
G1 X706.24574 Y103.01271 F8000
G1 X706.8233 Y102.58774 F8000
G1 X707.14191 Y102.06071 F8000
G1 X707.24978 Y101.35182 F8000
G0 Z0
G1 X697.8227 Y100.71041 F8000
G1 Z1 F8000
G1 X697.8227 Y100.71041 F8000
G1 X697.78947 Y100.30168 F8000
G1 X697.6259 Y99.92883 F8000
G1 X697.26697 Y99.56987 F8000
G1 X696.89412 Y99.40633 F8000
G1 X694.85817 Y99.38535 F8000
G1 X694.47307 Y99.51756 F8000
G1 X694.1579 Y99.76151 F8000
G0 Z0
G1 X694.89119 Y101.82934 F8000
G1 Z1 F8000
G1 X694.89119 Y101.82934 F8000
G1 X696.69264 Y101.83786 F8000
G1 X697.16682 Y101.69906 F8000
G0 Z0
G1 X691.07079 Y100.78204 F8000
G1 Z1 F8000
G1 X691.07079 Y100.78204 F8000
G1 X690.79425 Y101.22212 F8000
G1 X690.69763 Y101.73282 F8000
G1 X690.83606 Y102.33932 F8000
G1 X691.14469 Y102.7575 F8000
G1 X691.5848 Y103.03404 F8000
G1 X692.09547 Y103.13066 F8000
G1 X692.60617 Y103.03404 F8000
G1 X693.12018 Y102.6836 F8000
G1 X693.39669 Y102.24349 F8000
G1 X693.49332 Y101.73282 F8000
G1 X693.39669 Y101.22212 F8000
G1 X693.04625 Y100.70811 F8000
G1 X692.50751 Y100.39707 F8000
G1 X691.99102 Y100.33886 F8000
G1 X691.48897 Y100.4734 F8000
G1 X691.07079 Y100.78204 F8000
G0 Z0
G1 X693.72218 Y99.37469 F8000
G1 Z1 F8000
G1 X693.72218 Y99.37469 F8000
G1 X693.0942 Y99.03716 F8000
G1 X692.40125 Y98.86947 F8000
G1 X691.68844 Y98.88249 F8000
G1 X691.00208 Y99.07539 F8000
G1 X690.38685 Y99.4356 F8000
G1 X689.88271 Y99.93973 F8000
G1 X689.52248 Y100.55497 F8000
G1 X689.3296 Y101.24133 F8000
G1 X689.2998 Y109.31464 F8000
G1 X689.36669 Y109.9225 F8000
G1 X689.65752 Y110.68291 F8000
G1 X690.15507 Y111.32727 F8000
G1 X690.90884 Y111.84599 F8000
G1 X691.68844 Y112.08054 F8000
G1 X692.29957 Y112.10287 F8000
G1 X692.80262 Y112.01943 F8000
G1 X693.28216 Y111.84599 F8000
G1 X693.80415 Y111.52743 F8000
G1 X694.48188 Y110.77104 F8000
G1 X694.70673 Y110.31334 F8000
G1 X694.8614 Y109.7217 F8000
G1 X694.87442 Y101.34264 F8000
G1 X694.77266 Y100.84294 F8000
G1 X694.53348 Y100.28012 F8000
G1 X694.17764 Y99.78278 F8000
G1 X693.72218 Y99.37469 F8000
G0 Z0
G1 X685.33208 Y101.64111 F8000
G1 Z1 F8000
G1 X685.33208 Y101.64111 F8000
G1 X684.83829 Y101.68509 F8000
G1 X684.38927 Y101.96602 F8000
G0 Z0
G1 X684.99389 Y103.67224 F8000
G1 Z1 F8000
G1 X684.99389 Y103.67224 F8000
G1 X685.21887 Y103.68319 F8000
G0 Z0
G1 X683.68526 Y103.01599 F8000
G1 Z1 F8000
G1 X683.68526 Y103.01599 F8000
G1 X683.42767 Y102.70897 F8000
G1 X682.98457 Y102.47831 F8000
G1 X682.58531 Y102.44338 F8000
G1 X682.1089 Y102.59361 F8000
G1 X681.80188 Y102.85121 F8000
G1 X681.57122 Y103.29431 F8000
G1 X681.53629 Y103.69357 F8000
G1 X681.68649 Y104.16997 F8000
G1 X681.94412 Y104.477 F8000
G1 X682.38722 Y104.70766 F8000
G1 X682.78647 Y104.74259 F8000
G1 X683.26288 Y104.59238 F8000
G1 X683.56991 Y104.33476 F8000
G1 X683.80057 Y103.89166 F8000
G1 X683.83549 Y103.4924 F8000
G1 X683.68526 Y103.01599 F8000
G0 Z0
G1 X682.38465 Y112.14042 F8000
G1 Z1 F8000
G1 X682.38465 Y112.14042 F8000
G1 X682.88707 Y112.15137 F8000
G1 X683.37993 Y112.05334 F8000
G1 X684.16945 Y111.6202 F8000
G1 X684.73312 Y110.91788 F8000
G1 X684.91523 Y110.44952 F8000
G1 X684.9917 Y109.95284 F8000
G1 X684.99389 Y103.52331 F8000
G1 X684.91523 Y102.92596 F8000
G1 X684.63245 Y102.28323 F8000
G1 X684.16945 Y101.75528 F8000
G1 X683.56914 Y101.391 F8000
G1 X682.78658 Y101.21751 F8000
G1 X681.89652 Y101.35452 F8000
G1 X681.12666 Y101.82166 F8000
G1 X680.59416 Y102.54789 F8000
G1 X680.38011 Y103.42263 F8000
G1 X680.37792 Y109.85217 F8000
G1 X680.43263 Y110.3517 F8000
G1 X680.68714 Y111.00615 F8000
G1 X681.12666 Y111.55378 F8000
G1 X681.71049 Y111.94391 F8000
G1 X682.38465 Y112.14042 F8000
G0 Z0
G1 X680.45168 Y102.94585 F8000
G1 Z1 F8000
G1 X680.45168 Y102.94585 F8000
G1 X677.73356 Y102.96564 F8000
G1 X677.24067 Y103.29497 F8000
G1 X677.05287 Y103.64631 F8000
G1 X677.0089 Y103.94272 F8000
G1 X677.0089 Y109.43275 F8000
G1 X677.12947 Y109.91406 F8000
G1 X677.3822 Y110.22203 F8000
G1 X677.83075 Y110.43417 F8000
G1 X680.45168 Y110.42962 F8000
G0 Z0
G1 X679.9798 Y110.45378 F8000
G1 Z1 F8000
G1 X679.9798 Y110.45378 F8000
G1 X679.9798 Y115.72709 F8000
G0 Z0
G1 X683.17359 Y108.71592 F8000
G1 Z1 F8000
G1 X683.17359 Y108.71592 F8000
G1 X682.68588 Y108.60778 F8000
G1 X682.2912 Y108.67739 F8000
G1 X681.94412 Y108.87776 F8000
G1 X681.64001 Y109.27408 F8000
G1 X681.5319 Y109.76179 F8000
G1 X681.60148 Y110.15647 F8000
G1 X681.8699 Y110.57779 F8000
G1 X682.1982 Y110.80766 F8000
G1 X682.68588 Y110.91577 F8000
G1 X683.08058 Y110.84618 F8000
G1 X683.50188 Y110.57779 F8000
G1 X683.73175 Y110.24949 F8000
G1 X683.83989 Y109.76179 F8000
G1 X683.77027 Y109.36708 F8000
G1 X683.56991 Y109.02 F8000
G1 X683.17359 Y108.71592 F8000
G0 Z0
G1 X684.36807 Y111.43173 F8000
G1 Z1 F8000
G1 X684.36807 Y111.43173 F8000
G1 X684.65337 Y111.65946 F8000
G1 X685.03461 Y111.77511 F8000
G1 X686.49683 Y111.77511 F8000
G1 X686.87807 Y111.65946 F8000
G1 X687.18605 Y111.4067 F8000
G1 X687.39819 Y110.95815 F8000
G1 X687.37382 Y110.46259 F8000
G1 X687.12456 Y110.04338 F8000
G0 Z0
G1 X685.64326 Y109.73792 F8000
G1 Z1 F8000
G1 X685.64326 Y109.73792 F8000
G1 X684.99389 Y109.74888 F8000
G0 Z0
G1 X679.9798 Y102.92167 F8000
G1 Z1 F8000
G1 X679.9798 Y102.92167 F8000
G1 X679.9798 Y97.64839 F8000
G0 Z0
G1 X680.45168 Y97.62421 F8000
G1 Z1 F8000
G1 X680.45168 Y97.62421 F8000
G1 X677.73356 Y97.60441 F8000
G1 X677.24067 Y97.27509 F8000
G1 X677.05287 Y96.92375 F8000
G1 X677.0089 Y96.62733 F8000
G1 X677.0089 Y91.13731 F8000
G1 X677.12947 Y90.656 F8000
G1 X677.3822 Y90.34803 F8000
G1 X677.83075 Y90.13588 F8000
G1 X680.44872 Y90.13969 F8000
G0 Z0
G1 X679.9798 Y90.11628 F8000
G1 Z1 F8000
G1 X679.9798 Y90.11628 F8000
G1 X679.9798 Y84.843 F8000
G0 Z0
G1 X680.45168 Y84.81882 F8000
G1 Z1 F8000
G1 X680.45168 Y84.81882 F8000
G1 X677.73356 Y84.79902 F8000
G1 X677.24067 Y84.4697 F8000
G1 X677.05287 Y84.11833 F8000
G1 X677.0089 Y83.82194 F8000
G1 X677.0089 Y78.33192 F8000
G1 X677.12947 Y77.85059 F8000
G1 X677.3822 Y77.54264 F8000
G1 X677.83075 Y77.33049 F8000
G1 X680.45168 Y77.33505 F8000
G0 Z0
G1 X679.9798 Y77.31086 F8000
G1 Z1 F8000
G1 X679.9798 Y77.31086 F8000
G1 X679.9798 Y72.03758 F8000
G0 Z0
G1 X680.45168 Y72.0134 F8000
G1 Z1 F8000
G1 X680.45168 Y72.0134 F8000
G1 X677.73356 Y71.99361 F8000
G1 X677.24067 Y71.66428 F8000
G1 X677.05287 Y71.31294 F8000
G1 X677.0089 Y71.01655 F8000
G1 X677.0089 Y65.5265 F8000
G1 X677.12947 Y65.0452 F8000
G1 X677.3822 Y64.73722 F8000
G1 X677.83075 Y64.52508 F8000
G1 X680.45168 Y64.52963 F8000
G0 Z0
G1 X682.68591 Y73.74393 F8000
G1 Z1 F8000
G1 X682.68591 Y73.74393 F8000
G1 X683.56914 Y73.56825 F8000
G1 X684.31788 Y73.06795 F8000
G1 X684.81821 Y72.31918 F8000
G1 X684.99389 Y71.43597 F8000
G1 X684.99389 Y65.10708 F8000
G1 X684.91523 Y64.50973 F8000
G1 X684.63245 Y63.86701 F8000
G1 X684.09092 Y63.27603 F8000
G1 X683.47529 Y62.93829 F8000
G1 X682.68591 Y62.79909 F8000
G1 X681.80267 Y62.97478 F8000
G1 X681.0539 Y63.4751 F8000
G1 X680.5536 Y64.22385 F8000
G1 X680.37792 Y65.10708 F8000
G1 X680.37792 Y71.43597 F8000
G1 X680.45655 Y72.03332 F8000
G1 X680.7953 Y72.75976 F8000
G1 X681.28089 Y73.26699 F8000
G1 X681.89652 Y73.60476 F8000
G1 X682.68591 Y73.74393 F8000
G0 Z0
G1 X683.77027 Y64.78209 F8000
G1 Z1 F8000
G1 X683.77027 Y64.78209 F8000
G1 X683.50188 Y64.36077 F8000
G1 X683.17359 Y64.1309 F8000
G1 X682.68588 Y64.02279 F8000
G1 X682.2912 Y64.09238 F8000
G1 X681.8699 Y64.36077 F8000
G1 X681.64001 Y64.68909 F8000
G1 X681.5319 Y65.17677 F8000
G1 X681.60148 Y65.57148 F8000
G1 X681.80188 Y65.91856 F8000
G1 X682.1982 Y66.22264 F8000
G1 X682.68588 Y66.33078 F8000
G1 X683.08058 Y66.26117 F8000
G1 X683.42767 Y66.0608 F8000
G1 X683.73175 Y65.66448 F8000
G1 X683.83989 Y65.17677 F8000
G1 X683.77027 Y64.78209 F8000
G0 Z0
G1 X684.99389 Y65.25604 F8000
G1 Z1 F8000
G1 X684.99389 Y65.25604 F8000
G1 X686.49683 Y65.26207 F8000
G1 X687.04449 Y65.03522 F8000
G1 X687.34009 Y64.63668 F8000
G1 X687.4178 Y64.24597 F8000
G1 X687.34009 Y63.85523 F8000
G1 X687.10257 Y63.50931 F8000
G0 Z0
G1 X688.48102 Y63.50931 F8000
G1 Z1 F8000
G1 X688.48102 Y63.50931 F8000
G1 X688.48102 Y69.89692 F8000
G0 Z0
G1 X689.38884 Y69.92623 F8000
G1 Z1 F8000
G1 X689.38884 Y69.92623 F8000
G1 X686.15205 Y69.93475 F8000
G1 X685.7792 Y70.09832 F8000
G1 X685.47967 Y70.37407 F8000
G1 X685.28589 Y70.73213 F8000
G1 X685.21887 Y71.13371 F8000
G1 X685.21887 Y77.78386 F8000
G1 X685.36794 Y78.37253 F8000
G1 X685.7792 Y78.81928 F8000
G1 X686.25209 Y79.0038 F8000
G1 X689.38884 Y78.99134 F8000
G0 Z0
G1 X688.48102 Y79.02068 F8000
G1 Z1 F8000
G1 X688.48102 Y79.02068 F8000
G1 X688.48102 Y85.40828 F8000
G0 Z0
G1 X687.38292 Y85.40828 F8000
G1 Z1 F8000
G1 X687.38292 Y85.40828 F8000
G1 X687.41287 Y85.04808 F8000
G1 X687.34009 Y84.75743 F8000
G1 X687.18605 Y84.50042 F8000
G1 X686.87807 Y84.24769 F8000
G1 X686.49683 Y84.13204 F8000
G1 X684.99389 Y84.13807 F8000
G0 Z0
G1 X684.36807 Y85.82093 F8000
G1 Z1 F8000
G1 X684.36807 Y85.82093 F8000
G1 X684.74394 Y86.09149 F8000
G1 X685.31486 Y86.1692 F8000
G0 Z0
G1 X685.21887 Y87.75463 F8000
G1 Z1 F8000
G1 X685.21887 Y87.75463 F8000
G1 X683.56229 Y88.58294 F8000
G0 Z0
G1 X684.38927 Y89.16063 F8000
G1 Z1 F8000
G1 X684.38927 Y89.16063 F8000
G1 X684.74394 Y88.91343 F8000
G1 X685.21887 Y88.83572 F8000
G0 Z0
G1 X685.21887 Y90.8778 F8000
G1 Z1 F8000
G1 X685.21887 Y90.8778 F8000
G1 X684.99389 Y90.86685 F8000
G0 Z0
G1 X682.98457 Y91.90224 F8000
G1 Z1 F8000
G1 X682.98457 Y91.90224 F8000
G1 X683.42767 Y91.67161 F8000
G1 X683.68526 Y91.36458 F8000
G1 X683.83549 Y90.88817 F8000
G1 X683.80057 Y90.48892 F8000
G1 X683.63118 Y90.12567 F8000
G1 X683.26288 Y89.7882 F8000
G1 X682.88627 Y89.65111 F8000
G1 X682.38722 Y89.67292 F8000
G1 X681.94412 Y89.90358 F8000
G1 X681.68649 Y90.21058 F8000
G1 X681.53629 Y90.68701 F8000
G1 X681.57122 Y91.08627 F8000
G1 X681.80188 Y91.52937 F8000
G1 X682.1089 Y91.78696 F8000
G1 X682.58531 Y91.9372 F8000
G1 X682.98457 Y91.90224 F8000
G0 Z0
G1 X684.98511 Y97.24792 F8000
G1 Z1 F8000
G1 X684.98511 Y97.24792 F8000
G1 X684.99389 Y90.71789 F8000
G1 X684.8547 Y89.92853 F8000
G1 X684.38752 Y89.15865 F8000
G1 X683.66129 Y88.62614 F8000
G1 X682.78658 Y88.4121 F8000
G1 X681.89652 Y88.5491 F8000
G1 X681.36209 Y88.82731 F8000
G1 X680.91788 Y89.23434 F8000
G1 X680.5536 Y89.83466 F8000
G1 X680.39766 Y90.41663 F8000
G1 X680.37792 Y97.04675 F8000
G1 X680.51711 Y97.83614 F8000
G1 X680.91788 Y98.5303 F8000
G1 X681.5319 Y99.04555 F8000
G1 X682.18637 Y99.30005 F8000
G1 X682.98716 Y99.335 F8000
G1 X683.75162 Y99.09397 F8000
G1 X684.38752 Y98.60602 F8000
G1 X684.77765 Y98.02217 F8000
G1 X684.98511 Y97.24792 F8000
G0 Z0
G1 X678.17666 Y90.11628 F8000
G1 Z1 F8000
G1 X678.17666 Y90.11628 F8000
G1 X678.41106 Y89.88728 F8000
G1 X678.55801 Y89.4998 F8000
G1 X678.50805 Y89.0884 F8000
G1 X678.27265 Y88.74732 F8000
G1 X677.80286 Y88.5359 F8000
G1 X676.50886 Y88.53865 F8000
G0 Z0
G1 X675.97752 Y89.96623 F8000
G1 Z1 F8000
G1 X675.97752 Y89.96623 F8000
G1 X676.42104 Y90.23611 F8000
G1 X677.50787 Y90.26127 F8000
G0 Z0
G1 X677.0089 Y91.85962 F8000
G1 Z1 F8000
G1 X677.0089 Y91.85962 F8000
G1 X675.68344 Y92.52235 F8000
G0 Z0
G1 X675.99602 Y92.79828 F8000
G1 Z1 F8000
G1 X675.99602 Y92.79828 F8000
G1 X676.42104 Y92.54762 F8000
G1 X677.0089 Y92.52245 F8000
G0 Z0
G1 X677.0089 Y94.25415 F8000
G1 Z1 F8000
G1 X677.0089 Y94.25415 F8000
G1 X676.50886 Y94.24508 F8000
G0 Z0
G1 X675.39914 Y94.66693 F8000
G1 Z1 F8000
G1 X675.39914 Y94.66693 F8000
G1 X675.5249 Y94.27992 F8000
G1 X675.48236 Y93.87524 F8000
G1 X675.27892 Y93.52284 F8000
G1 X675.04098 Y93.33017 F8000
G1 X674.65397 Y93.20442 F8000
G1 X674.34822 Y93.22045 F8000
G1 X673.97648 Y93.38595 F8000
G1 X673.7042 Y93.68834 F8000
G1 X673.57847 Y94.07535 F8000
G1 X673.62098 Y94.48005 F8000
G1 X673.82445 Y94.83245 F8000
G1 X674.06239 Y95.02512 F8000
G1 X674.4494 Y95.15088 F8000
G1 X674.75515 Y95.13485 F8000
G1 X675.12686 Y94.96935 F8000
G1 X675.39914 Y94.66693 F8000
G0 Z0
G1 X672.90978 Y93.05339 F8000
G1 Z1 F8000
G1 X672.90978 Y93.05339 F8000
G1 X672.90978 Y89.69162 F8000
G0 Z0
G1 X672.65705 Y89.11568 F8000
G1 Z1 F8000
G1 X672.65705 Y89.11568 F8000
G1 X670.39624 Y89.11147 F8000
G1 X669.95534 Y88.84496 F8000
G1 X669.79386 Y88.57783 F8000
G1 X669.73759 Y88.27078 F8000
G1 X669.73759 Y83.61525 F8000
G1 X669.83678 Y83.21287 F8000
G1 X670.11158 Y82.90268 F8000
G1 X670.49908 Y82.75573 F8000
G1 X672.65705 Y82.77036 F8000
G0 Z0
G1 X674.44926 Y81.30509 F8000
G1 Z1 F8000
G1 X674.44926 Y81.30509 F8000
G1 X673.8503 Y81.43241 F8000
G1 X673.31999 Y81.73859 F8000
G1 X672.91026 Y82.19364 F8000
G1 X672.66121 Y82.75303 F8000
G1 X672.59451 Y83.25957 F8000
G1 X672.59451 Y88.62646 F8000
G1 X672.76373 Y89.42251 F8000
G1 X673.16775 Y90.01039 F8000
G1 X673.8503 Y90.45362 F8000
G1 X674.55168 Y90.58361 F8000
G1 X675.15649 Y90.48783 F8000
G1 X675.78337 Y90.14747 F8000
G1 X676.19311 Y89.69242 F8000
G1 X676.44216 Y89.13301 F8000
G1 X676.50886 Y88.62646 F8000
G1 X676.50886 Y83.25957 F8000
G1 X676.33966 Y82.46352 F8000
G1 X675.86129 Y81.80513 F8000
G1 X675.15649 Y81.3982 F8000
G1 X674.44926 Y81.30509 F8000
G0 Z0
G1 X672.90978 Y82.19441 F8000
G1 Z1 F8000
G1 X672.90978 Y82.19441 F8000
G1 X672.90978 Y78.83267 F8000
G0 Z0
G1 X672.65705 Y78.2567 F8000
G1 Z1 F8000
G1 X672.65705 Y78.2567 F8000
G1 X670.39624 Y78.25251 F8000
G1 X670.11158 Y78.1244 F8000
G1 X669.89086 Y77.90369 F8000
G1 X669.73759 Y77.41183 F8000
G1 X669.73759 Y72.7563 F8000
G1 X669.83678 Y72.35392 F8000
G1 X670.11158 Y72.04372 F8000
G1 X670.49908 Y71.89674 F8000
G1 X672.65705 Y71.9114 F8000
G0 Z0
G1 X675.93561 Y79.15141 F8000
G1 Z1 F8000
G1 X675.93561 Y79.15141 F8000
G1 X676.33966 Y78.56353 F8000
G1 X676.50616 Y77.86993 F8000
G1 X676.46608 Y71.99369 F8000
G1 X676.19311 Y71.33466 F8000
G1 X675.61764 Y70.75919 F8000
G1 X674.85786 Y70.46754 F8000
G1 X674.14478 Y70.48622 F8000
G1 X673.57309 Y70.70567 F8000
G1 X673.16775 Y71.01669 F8000
G1 X672.85674 Y71.42203 F8000
G1 X672.63729 Y71.99369 F8000
G1 X672.63729 Y78.17441 F8000
G1 X672.80784 Y78.65603 F8000
G1 X673.09721 Y79.07709 F8000
G1 X673.57309 Y79.46245 F8000
G1 X674.04514 Y79.65798 F8000
G1 X674.55168 Y79.72466 F8000
G1 X675.05823 Y79.65798 F8000
G1 X675.53027 Y79.46245 F8000
G1 X675.93561 Y79.15141 F8000
G0 Z0
G1 X675.5249 Y72.35744 F8000
G1 Z1 F8000
G1 X675.5249 Y72.35744 F8000
G1 X675.44566 Y72.06168 F8000
G1 X675.20647 Y71.73249 F8000
G1 X674.85408 Y71.52903 F8000
G1 X674.4494 Y71.48648 F8000
G1 X674.15364 Y71.56572 F8000
G1 X673.82445 Y71.80491 F8000
G1 X673.62098 Y72.15731 F8000
G1 X673.57847 Y72.56201 F8000
G1 X673.7042 Y72.94902 F8000
G1 X673.97648 Y73.25141 F8000
G1 X674.34822 Y73.41691 F8000
G1 X674.65397 Y73.43294 F8000
G1 X674.9497 Y73.3537 F8000
G1 X675.27892 Y73.11452 F8000
G1 X675.48236 Y72.76212 F8000
G1 X675.5249 Y72.35744 F8000
G0 Z0
G1 X676.50886 Y72.52714 F8000
G1 Z1 F8000
G1 X676.50886 Y72.52714 F8000
G1 X677.9057 Y72.51105 F8000
G1 X678.27265 Y72.31846 F8000
G1 X678.48099 Y72.03758 F8000
G0 Z0
G1 X677.0089 Y70.80454 F8000
G1 Z1 F8000
G1 X677.0089 Y70.80454 F8000
G1 X676.42104 Y70.8297 F8000
G1 X675.99602 Y71.08034 F8000
G0 Z0
G1 X676.83316 Y70.80454 F8000
G1 Z1 F8000
G1 X676.83316 Y70.80454 F8000
G1 X677.0089 Y70.62878 F8000
G1 X676.83316 Y70.80454 F8000
G0 Z0
G1 X681.94412 Y72.22959 F8000
G1 Z1 F8000
G1 X681.94412 Y72.22959 F8000
G1 X682.38722 Y72.46025 F8000
G1 X682.78647 Y72.49518 F8000
G1 X683.17359 Y72.39144 F8000
G1 X683.56991 Y72.08735 F8000
G1 X683.80057 Y71.64425 F8000
G1 X683.83549 Y71.24499 F8000
G1 X683.73175 Y70.85788 F8000
G1 X683.42767 Y70.46156 F8000
G1 X683.08058 Y70.26117 F8000
G1 X682.58531 Y70.19597 F8000
G1 X682.1982 Y70.29969 F8000
G1 X681.80188 Y70.6038 F8000
G1 X681.60148 Y70.95088 F8000
G1 X681.53629 Y71.44616 F8000
G1 X681.64001 Y71.83327 F8000
G1 X681.94412 Y72.22959 F8000
G0 Z0
G1 X684.36807 Y73.01553 F8000
G1 Z1 F8000
G1 X684.36807 Y73.01553 F8000
G1 X684.74394 Y73.28607 F8000
G1 X685.21887 Y73.36381 F8000
G0 Z0
G1 X685.21887 Y75.08672 F8000
G1 Z1 F8000
G1 X685.21887 Y75.08672 F8000
G1 X683.98975 Y76.00856 F8000
G0 Z0
G1 X684.38927 Y76.35521 F8000
G1 Z1 F8000
G1 X684.38927 Y76.35521 F8000
G1 X684.74394 Y76.10804 F8000
G1 X685.21887 Y76.0303 F8000
G0 Z0
G1 X685.25356 Y78.07241 F8000
G1 Z1 F8000
G1 X685.25356 Y78.07241 F8000
G1 X684.99389 Y78.06143 F8000
G0 Z0
G1 X683.73175 Y78.46987 F8000
G1 Z1 F8000
G1 X683.73175 Y78.46987 F8000
G1 X683.83989 Y77.98219 F8000
G1 X683.77027 Y77.58748 F8000
G1 X683.56991 Y77.2404 F8000
G1 X683.17359 Y76.93632 F8000
G1 X682.68588 Y76.82818 F8000
G1 X682.2912 Y76.89779 F8000
G1 X681.94412 Y77.09816 F8000
G1 X681.64001 Y77.49448 F8000
G1 X681.5319 Y77.98219 F8000
G1 X681.60148 Y78.37687 F8000
G1 X681.8699 Y78.79819 F8000
G1 X682.1982 Y79.02806 F8000
G1 X682.68588 Y79.13617 F8000
G1 X683.08058 Y79.06659 F8000
G1 X683.50188 Y78.79819 F8000
G1 X683.73175 Y78.46987 F8000
G0 Z0
G1 X682.48474 Y86.54057 F8000
G1 Z1 F8000
G1 X682.48474 Y86.54057 F8000
G1 X683.37993 Y86.44254 F8000
G1 X684.16945 Y86.00939 F8000
G1 X684.73312 Y85.30708 F8000
G1 X684.91523 Y84.83871 F8000
G1 X684.9917 Y84.34204 F8000
G1 X684.99389 Y77.9125 F8000
G1 X684.91523 Y77.31515 F8000
G1 X684.63245 Y76.67242 F8000
G1 X684.16945 Y76.14447 F8000
G1 X683.56914 Y75.78019 F8000
G1 X682.78658 Y75.60671 F8000
G1 X681.89652 Y75.74371 F8000
G1 X681.12666 Y76.21086 F8000
G1 X680.59416 Y76.93709 F8000
G1 X680.38011 Y77.81182 F8000
G1 X680.37792 Y84.24136 F8000
G1 X680.43263 Y84.7409 F8000
G1 X680.73936 Y85.48144 F8000
G1 X681.20236 Y86.00939 F8000
G1 X681.80267 Y86.37367 F8000
G1 X682.48474 Y86.54057 F8000
G0 Z0
G1 X677.25295 Y77.67062 F8000
G1 Z1 F8000
G1 X677.25295 Y77.67062 F8000
G1 X676.50886 Y77.67969 F8000
G0 Z0
G1 X675.97752 Y79.10725 F8000
G1 Z1 F8000
G1 X675.97752 Y79.10725 F8000
G1 X676.42104 Y79.37715 F8000
G1 X677.0089 Y79.40229 F8000
G0 Z0
G1 X677.0089 Y81.24421 F8000
G1 Z1 F8000
G1 X677.0089 Y81.24421 F8000
G1 X676.41292 Y81.6912 F8000
G0 Z0
G1 X675.99602 Y81.93933 F8000
G1 Z1 F8000
G1 X675.99602 Y81.93933 F8000
G1 X676.42104 Y81.68866 F8000
G1 X677.0089 Y81.6635 F8000
G0 Z0
G1 X677.0089 Y83.3952 F8000
G1 Z1 F8000
G1 X677.0089 Y83.3952 F8000
G1 X676.50886 Y83.38612 F8000
G0 Z0
G1 X675.27892 Y82.66389 F8000
G1 Z1 F8000
G1 X675.27892 Y82.66389 F8000
G1 X674.9497 Y82.42471 F8000
G1 X674.55168 Y82.34009 F8000
G1 X674.24929 Y82.38798 F8000
G1 X673.89687 Y82.59145 F8000
G1 X673.65771 Y82.92067 F8000
G1 X673.57309 Y83.31868 F8000
G1 X673.62098 Y83.62107 F8000
G1 X673.82445 Y83.97347 F8000
G1 X674.15364 Y84.21265 F8000
G1 X674.55168 Y84.29727 F8000
G1 X674.85408 Y84.24938 F8000
G1 X675.20647 Y84.04591 F8000
G1 X675.44566 Y83.71672 F8000
G1 X675.53027 Y83.31868 F8000
G1 X675.44566 Y82.92067 F8000
G1 X675.27892 Y82.66389 F8000
G0 Z0
G1 X670.44487 Y82.76565 F8000
G1 Z1 F8000
G1 X670.44487 Y82.76565 F8000
G1 X670.40764 Y78.2546 F8000
G0 Z0
G1 X670.44487 Y78.71056 F8000
G1 Z1 F8000
G1 X670.44487 Y78.71056 F8000
G1 X671.6704 Y78.68789 F8000
G1 X671.94657 Y78.53707 F8000
G1 X672.13794 Y78.27768 F8000
G0 Z0
G1 X675.04098 Y76.84337 F8000
G1 Z1 F8000
G1 X675.04098 Y76.84337 F8000
G1 X674.65397 Y76.71761 F8000
G1 X674.34822 Y76.73365 F8000
G1 X673.97648 Y76.89914 F8000
G1 X673.7042 Y77.20156 F8000
G1 X673.57847 Y77.58854 F8000
G1 X673.62098 Y77.99325 F8000
G1 X673.82445 Y78.34565 F8000
G1 X674.06239 Y78.53832 F8000
G1 X674.4494 Y78.66407 F8000
G1 X674.75515 Y78.64804 F8000
G1 X675.12686 Y78.48254 F8000
G1 X675.39914 Y78.18012 F8000
G1 X675.5249 Y77.79314 F8000
G1 X675.48236 Y77.38844 F8000
G1 X675.27892 Y77.03604 F8000
G1 X675.04098 Y76.84337 F8000
G0 Z0
G1 X669.73759 Y77.23633 F8000
G1 Z1 F8000
G1 X669.73759 Y77.23633 F8000
G1 X669.36503 Y77.03752 F8000
G1 X668.87274 Y76.93185 F8000
G1 X668.37133 Y76.97741 F8000
G1 X667.99419 Y77.12044 F8000
G1 X667.58864 Y77.41884 F8000
G1 X667.3399 Y77.73637 F8000
G1 X667.14721 Y78.20153 F8000
G1 X667.0986 Y78.60192 F8000
G1 X667.0986 Y83.18993 F8000
G1 X667.246 Y83.87661 F8000
G1 X667.73988 Y84.507 F8000
G1 X668.37133 Y84.81445 F8000
G1 X669.07332 Y84.83567 F8000
G1 X669.73759 Y84.55555 F8000
G0 Z0
G1 X669.1605 Y83.86515 F8000
G1 Z1 F8000
G1 X669.1605 Y83.86515 F8000
G1 X669.39789 Y83.67915 F8000
G1 X669.55391 Y83.42107 F8000
G1 X669.6022 Y83.02359 F8000
G1 X669.51245 Y82.73564 F8000
G1 X669.32648 Y82.49823 F8000
G1 X668.97194 Y82.31215 F8000
G1 X668.67089 Y82.29395 F8000
G1 X668.38295 Y82.38367 F8000
G1 X668.14554 Y82.56967 F8000
G1 X667.95945 Y82.92421 F8000
G1 X667.94125 Y83.22526 F8000
G1 X668.03097 Y83.51318 F8000
G1 X668.21697 Y83.75059 F8000
G1 X668.57151 Y83.93667 F8000
G1 X668.87256 Y83.95487 F8000
G1 X669.1605 Y83.86515 F8000
G0 Z0
G1 X667.15192 Y83.60721 F8000
G1 Z1 F8000
G1 X667.15192 Y83.60721 F8000
G1 X665.18794 Y83.5961 F8000
G1 X664.83708 Y83.37062 F8000
G1 X664.65629 Y82.88587 F8000
G1 X664.65629 Y78.90598 F8000
G1 X664.72317 Y78.59851 F8000
G1 X664.9963 Y78.28331 F8000
G1 X665.29113 Y78.17332 F8000
G1 X667.15192 Y78.18465 F8000
G0 Z0
G1 X667.93516 Y78.65246 F8000
G1 Z1 F8000
G1 X667.93516 Y78.65246 F8000
G1 X667.98951 Y78.94911 F8000
G1 X668.14554 Y79.20721 F8000
G1 X668.38295 Y79.39319 F8000
G1 X668.77172 Y79.48902 F8000
G1 X669.06838 Y79.43465 F8000
G1 X669.32648 Y79.27862 F8000
G1 X669.51245 Y79.04124 F8000
G1 X669.60828 Y78.65246 F8000
G1 X669.51245 Y78.26368 F8000
G1 X669.32648 Y78.02627 F8000
G1 X669.06838 Y77.87024 F8000
G1 X668.77172 Y77.8159 F8000
G1 X668.38295 Y77.9117 F8000
G1 X668.14554 Y78.09771 F8000
G1 X667.98951 Y78.35581 F8000
G1 X667.93516 Y78.65246 F8000
G0 Z0
G1 X668.22271 Y84.76963 F8000
G1 Z1 F8000
G1 X668.22271 Y84.76963 F8000
G1 X668.22271 Y86.3053 F8000
G1 X668.22271 Y84.76963 F8000
G0 Z0
G1 X669.73759 Y86.51937 F8000
G1 Z1 F8000
G1 X669.73759 Y86.51937 F8000
G1 X669.36503 Y86.32059 F8000
G1 X668.97342 Y86.22404 F8000
G1 X668.17842 Y86.32059 F8000
G1 X667.51937 Y86.77549 F8000
G1 X667.14721 Y87.48457 F8000
G1 X667.1108 Y92.67467 F8000
G1 X667.39478 Y93.42344 F8000
G1 X667.99419 Y93.95449 F8000
G1 X668.67071 Y94.14308 F8000
G1 X669.26949 Y94.07037 F8000
G1 X669.88123 Y93.72536 F8000
G1 X670.25321 Y93.25053 F8000
G1 X670.4418 Y92.57402 F8000
G1 X670.44487 Y89.12039 F8000
G0 Z0
G1 X669.24694 Y87.24703 F8000
G1 Z1 F8000
G1 X669.24694 Y87.24703 F8000
G1 X668.97194 Y87.12326 F8000
G1 X668.67089 Y87.10503 F8000
G1 X668.29651 Y87.24703 F8000
G1 X668.08325 Y87.46028 F8000
G1 X667.95945 Y87.73529 F8000
G1 X667.95945 Y88.13571 F8000
G1 X668.08325 Y88.41072 F8000
G1 X668.29651 Y88.62398 F8000
G1 X668.57151 Y88.74777 F8000
G1 X668.97194 Y88.74777 F8000
G1 X669.24694 Y88.62398 F8000
G1 X669.4602 Y88.41072 F8000
G1 X669.58397 Y88.13571 F8000
G1 X669.6022 Y87.83467 F8000
G1 X669.4602 Y87.46028 F8000
G1 X669.24694 Y87.24703 F8000
G0 Z0
G1 X664.81934 Y87.52396 F8000
G1 Z1 F8000
G1 X664.81934 Y87.52396 F8000
G1 X662.63125 Y87.52396 F8000
G0 Z0
G1 X662.63194 Y87.77396 F8000
G1 Z1 F8000
G1 X662.63194 Y87.77396 F8000
G1 X664.567 Y87.77396 F8000
G0 Z0
G1 X664.5023 Y88.02396 F8000
G1 Z1 F8000
G1 X664.5023 Y88.02396 F8000
G1 X662.63264 Y88.02396 F8000
G0 Z0
G1 X662.63333 Y88.27396 F8000
G1 Z1 F8000
G1 X662.63333 Y88.27396 F8000
G1 X664.49858 Y88.27396 F8000
G0 Z0
G1 X664.49485 Y88.52396 F8000
G1 Z1 F8000
G1 X664.49485 Y88.52396 F8000
G1 X662.63402 Y88.52396 F8000
G0 Z0
G1 X662.63472 Y88.77396 F8000
G1 Z1 F8000
G1 X662.63472 Y88.77396 F8000
G1 X664.49112 Y88.77396 F8000
G0 Z0
G1 X664.4874 Y89.02396 F8000
G1 Z1 F8000
G1 X664.4874 Y89.02396 F8000
G1 X662.63541 Y89.02396 F8000
G0 Z0
G1 X662.6361 Y89.27396 F8000
G1 Z1 F8000
G1 X662.6361 Y89.27396 F8000
G1 X664.48367 Y89.27396 F8000
G0 Z0
G1 X664.47995 Y89.52396 F8000
G1 Z1 F8000
G1 X664.47995 Y89.52396 F8000
G1 X662.6368 Y89.52396 F8000
G0 Z0
G1 X662.63749 Y89.77396 F8000
G1 Z1 F8000
G1 X662.63749 Y89.77396 F8000
G1 X664.47622 Y89.77396 F8000
G0 Z0
G1 X664.47355 Y90.02396 F8000
G1 Z1 F8000
G1 X664.47355 Y90.02396 F8000
G1 X662.63818 Y90.02396 F8000
G0 Z0
G1 X659.58782 Y98.61301 F8000
G1 Z1 F8000
G1 X659.58782 Y98.61301 F8000
G1 X656.51376 Y98.61301 F8000
G1 X656.51376 Y81.1147 F8000
G1 X662.61362 Y81.16444 F8000
G1 X662.66188 Y98.61301 F8000
G1 X659.58782 Y98.61301 F8000
G0 Z0
G1 X662.63887 Y90.27396 F8000
G1 Z1 F8000
G1 X662.63887 Y90.27396 F8000
G1 X664.47175 Y90.27396 F8000
G0 Z0
G1 X664.46995 Y90.52396 F8000
G1 Z1 F8000
G1 X664.46995 Y90.52396 F8000
G1 X662.63956 Y90.52396 F8000
G0 Z0
G1 X662.64025 Y90.77396 F8000
G1 Z1 F8000
G1 X662.64025 Y90.77396 F8000
G1 X664.46815 Y90.77396 F8000
G0 Z0
G1 X664.46635 Y91.02396 F8000
G1 Z1 F8000
G1 X664.46635 Y91.02396 F8000
G1 X662.64094 Y91.02396 F8000
G0 Z0
G1 X662.64163 Y91.27396 F8000
G1 Z1 F8000
G1 X662.64163 Y91.27396 F8000
G1 X664.4646 Y91.27396 F8000
G0 Z0
G1 X664.47034 Y91.52396 F8000
G1 Z1 F8000
G1 X664.47034 Y91.52396 F8000
G1 X662.64232 Y91.52396 F8000
G0 Z0
G1 X662.64301 Y91.77396 F8000
G1 Z1 F8000
G1 X662.64301 Y91.77396 F8000
G1 X664.47762 Y91.77396 F8000
G0 Z0
G1 X664.49522 Y92.02396 F8000
G1 Z1 F8000
G1 X664.49522 Y92.02396 F8000
G1 X662.6437 Y92.02396 F8000
G0 Z0
G1 X662.64439 Y92.27396 F8000
G1 Z1 F8000
G1 X662.64439 Y92.27396 F8000
G1 X664.52896 Y92.27396 F8000
G0 Z0
G1 X664.5964 Y92.52396 F8000
G1 Z1 F8000
G1 X664.5964 Y92.52396 F8000
G1 X662.64508 Y92.52396 F8000
G0 Z0
G1 X662.64577 Y92.77396 F8000
G1 Z1 F8000
G1 X662.64577 Y92.77396 F8000
G1 X664.76159 Y92.77396 F8000
G0 Z0
G1 X665.39718 Y93.02396 F8000
G1 Z1 F8000
G1 X665.39718 Y93.02396 F8000
G1 X662.64646 Y93.02396 F8000
G0 Z0
G1 X668.03097 Y97.60733 F8000
G1 Z1 F8000
G1 X668.03097 Y97.60733 F8000
G1 X668.21697 Y97.84474 F8000
G1 X668.57151 Y98.03082 F8000
G1 X668.87256 Y98.04902 F8000
G1 X669.1605 Y97.9593 F8000
G1 X669.4602 Y97.69379 F8000
G1 X669.58397 Y97.41876 F8000
G1 X669.6022 Y97.11771 F8000
G1 X669.51245 Y96.82979 F8000
G1 X669.32648 Y96.59238 F8000
G1 X668.97194 Y96.4063 F8000
G1 X668.67089 Y96.3881 F8000
G1 X668.38295 Y96.47782 F8000
G1 X668.14554 Y96.66382 F8000
G1 X667.98951 Y96.9219 F8000
G1 X667.94125 Y97.31941 F8000
G1 X668.03097 Y97.60733 F8000
G0 Z0
G1 X675.12686 Y100.20045 F8000
G1 Z1 F8000
G1 X675.12686 Y100.20045 F8000
G1 X675.39914 Y99.89806 F8000
G1 X675.5249 Y99.51106 F8000
G1 X675.50887 Y99.2053 F8000
G1 X675.34337 Y98.83359 F8000
G1 X675.04098 Y98.56131 F8000
G1 X674.65397 Y98.43555 F8000
G1 X674.34822 Y98.45158 F8000
G1 X673.97648 Y98.61708 F8000
G1 X673.7042 Y98.91947 F8000
G1 X673.59447 Y99.2053 F8000
G1 X673.59447 Y99.61223 F8000
G1 X673.76 Y99.98397 F8000
G1 X674.06239 Y100.25626 F8000
G1 X674.34822 Y100.36598 F8000
G1 X674.75515 Y100.36598 F8000
G1 X675.12686 Y100.20045 F8000
G0 Z0
G1 X675.97752 Y100.82519 F8000
G1 Z1 F8000
G1 X675.97752 Y100.82519 F8000
G1 X676.22586 Y101.02106 F8000
G1 X676.52389 Y101.11393 F8000
G1 X677.80286 Y101.11393 F8000
G1 X678.27265 Y100.90247 F8000
G1 X678.50805 Y100.56143 F8000
G1 X678.56433 Y100.25438 F8000
G1 X678.50805 Y99.94735 F8000
G1 X678.34658 Y99.68023 F8000
G1 X678.10086 Y99.48772 F8000
G1 X677.69848 Y99.38855 F8000
G1 X676.50886 Y99.3976 F8000
G0 Z0
G1 X683.80057 Y97.25506 F8000
G1 Z1 F8000
G1 X683.80057 Y97.25506 F8000
G1 X683.83549 Y96.8558 F8000
G1 X683.68526 Y96.37939 F8000
G1 X683.42767 Y96.07237 F8000
G1 X682.98457 Y95.84171 F8000
G1 X682.58531 Y95.80678 F8000
G1 X682.1089 Y95.95699 F8000
G1 X681.80188 Y96.21461 F8000
G1 X681.57122 Y96.65771 F8000
G1 X681.53629 Y97.05697 F8000
G1 X681.68649 Y97.53337 F8000
G1 X681.94412 Y97.8404 F8000
G1 X682.38722 Y98.07106 F8000
G1 X682.78647 Y98.10599 F8000
G1 X683.26288 Y97.95576 F8000
G1 X683.56991 Y97.69816 F8000
G1 X683.80057 Y97.25506 F8000
G0 Z0
G1 X684.36807 Y98.62632 F8000
G1 Z1 F8000
G1 X684.36807 Y98.62632 F8000
G1 X684.65337 Y98.85404 F8000
G1 X684.93547 Y98.95498 F8000
G1 X686.49683 Y98.96969 F8000
G1 X687.04449 Y98.74284 F8000
G1 X687.34009 Y98.3443 F8000
G1 X687.4178 Y97.95356 F8000
G1 X687.34009 Y97.56282 F8000
G1 X687.18605 Y97.30583 F8000
G1 X686.87807 Y97.05308 F8000
G1 X686.49683 Y96.93745 F8000
G1 X684.99389 Y96.94349 F8000
G0 Z0
G1 X692.60617 Y94.99501 F8000
G1 Z1 F8000
G1 X692.60617 Y94.99501 F8000
G1 X693.12018 Y94.64457 F8000
G1 X693.39669 Y94.20449 F8000
G1 X693.49332 Y93.69379 F8000
G1 X693.39669 Y93.18309 F8000
G1 X693.12018 Y92.74301 F8000
G1 X692.60617 Y92.39257 F8000
G1 X692.09547 Y92.29594 F8000
G1 X691.5848 Y92.39257 F8000
G1 X691.14469 Y92.66909 F8000
G1 X690.79425 Y93.18309 F8000
G1 X690.69763 Y93.69379 F8000
G1 X690.79425 Y94.20449 F8000
G1 X691.07079 Y94.64457 F8000
G1 X691.48897 Y94.95321 F8000
G1 X692.09547 Y95.09164 F8000
G1 X692.60617 Y94.99501 F8000
G0 Z0
G1 X694.1329 Y95.71706 F8000
G1 Z1 F8000
G1 X694.1329 Y95.71706 F8000
G1 X694.47307 Y95.98942 F8000
G1 X694.85817 Y96.12164 F8000
G1 X696.69264 Y96.13428 F8000
G1 X696.99209 Y96.0715 F8000
G1 X697.35015 Y95.87772 F8000
G1 X697.5665 Y95.66137 F8000
G1 X697.76028 Y95.30328 F8000
G1 X697.8273 Y94.90169 F8000
G1 X697.72314 Y94.40489 F8000
G1 X697.50044 Y94.06402 F8000
G1 X697.17915 Y93.81397 F8000
G1 X696.69264 Y93.66913 F8000
G1 X694.89119 Y93.67765 F8000
G0 Z0
G1 X694.1329 Y80.2057 F8000
G1 Z1 F8000
G1 X694.1329 Y80.2057 F8000
G1 X694.47307 Y80.47809 F8000
G1 X694.85817 Y80.61027 F8000
G1 X696.69264 Y80.62292 F8000
G1 X696.99209 Y80.56013 F8000
G1 X697.35015 Y80.36635 F8000
G1 X697.6259 Y80.06682 F8000
G1 X697.76028 Y79.79194 F8000
G1 X697.8273 Y79.39033 F8000
G1 X697.72314 Y78.89352 F8000
G1 X697.50044 Y78.55268 F8000
G1 X697.17915 Y78.3026 F8000
G1 X696.69264 Y78.15777 F8000
G1 X694.89119 Y78.16629 F8000
G0 Z0
G1 X691.88714 Y76.80019 F8000
G1 Z1 F8000
G1 X691.88714 Y76.80019 F8000
G1 X691.39655 Y76.97185 F8000
G1 X691.00258 Y77.31089 F8000
G1 X690.75972 Y77.77042 F8000
G1 X690.71324 Y78.39076 F8000
G1 X690.8849 Y78.88135 F8000
G1 X691.22393 Y79.27532 F8000
G1 X691.78443 Y79.54524 F8000
G1 X692.30381 Y79.56466 F8000
G1 X692.7944 Y79.393 F8000
G1 X693.25043 Y78.96988 F8000
G1 X693.45829 Y78.49347 F8000
G1 X693.47771 Y77.97409 F8000
G1 X693.30605 Y77.4835 F8000
G1 X692.8829 Y77.02747 F8000
G1 X692.40652 Y76.81964 F8000
G1 X691.88714 Y76.80019 F8000
G0 Z0
G1 X690.71324 Y70.91842 F8000
G1 Z1 F8000
G1 X690.71324 Y70.91842 F8000
G1 X690.8849 Y71.40901 F8000
G1 X691.22393 Y71.80298 F8000
G1 X691.68346 Y72.04584 F8000
G1 X692.30381 Y72.09232 F8000
G1 X692.7944 Y71.92066 F8000
G1 X693.18836 Y71.58162 F8000
G1 X693.45829 Y71.02113 F8000
G1 X693.47771 Y70.50175 F8000
G1 X693.30605 Y70.01116 F8000
G1 X692.96701 Y69.6172 F8000
G1 X692.50751 Y69.37434 F8000
G1 X691.88714 Y69.32785 F8000
G1 X691.39655 Y69.49951 F8000
G1 X691.00258 Y69.83855 F8000
G1 X690.75972 Y70.29808 F8000
G1 X690.71324 Y70.91842 F8000
G0 Z0
G1 X694.89119 Y70.80661 F8000
G1 Z1 F8000
G1 X694.89119 Y70.80661 F8000
G1 X696.69264 Y70.81515 F8000
G1 X697.14105 Y70.68892 F8000
G0 Z0
G1 X697.14105 Y68.47621 F8000
G1 Z1 F8000
G1 X697.14105 Y68.47621 F8000
G1 X696.69264 Y68.35 F8000
G1 X694.95959 Y68.35 F8000
G1 X694.56491 Y68.44994 F8000
G1 X694.1579 Y68.73881 F8000
G0 Z0
G1 X693.95277 Y68.5363 F8000
G1 Z1 F8000
G1 X693.95277 Y68.5363 F8000
G1 X697.14105 Y66.1451 F8000
G0 Z0
G1 X697.14105 Y64.98535 F8000
G1 Z1 F8000
G1 X697.14105 Y64.98535 F8000
G1 X696.69264 Y65.11155 F8000
G1 X694.95959 Y65.11155 F8000
G1 X694.47307 Y64.96672 F8000
G1 X694.1329 Y64.69433 F8000
G0 Z0
G1 X693.04625 Y63.69577 F8000
G1 Z1 F8000
G1 X693.04625 Y63.69577 F8000
G1 X693.39669 Y63.18176 F8000
G1 X693.49332 Y62.67106 F8000
G1 X693.39669 Y62.16039 F8000
G1 X693.12018 Y61.72031 F8000
G1 X692.60617 Y61.36984 F8000
G1 X692.09547 Y61.27321 F8000
G1 X691.5848 Y61.36984 F8000
G1 X691.14469 Y61.64638 F8000
G1 X690.83606 Y62.06456 F8000
G1 X690.69763 Y62.67106 F8000
G1 X690.79425 Y63.18176 F8000
G1 X691.07079 Y63.62184 F8000
G1 X691.48897 Y63.93048 F8000
G1 X691.99102 Y64.06502 F8000
G1 X692.50751 Y64.00681 F8000
G1 X693.04625 Y63.69577 F8000
G0 Z0
G1 X689.38884 Y63.47997 F8000
G1 Z1 F8000
G1 X689.38884 Y63.47997 F8000
G1 X686.15205 Y63.47145 F8000
G1 X685.7792 Y63.30791 F8000
G1 X685.47967 Y63.03217 F8000
G1 X685.28589 Y62.6741 F8000
G1 X685.21887 Y62.27252 F8000
G1 X685.21887 Y55.62235 F8000
G1 X685.36794 Y55.0337 F8000
G1 X685.7792 Y54.58695 F8000
G1 X686.25209 Y54.40243 F8000
G1 X689.38884 Y54.41489 F8000
G0 Z0
G1 X692.29957 Y65.56878 F8000
G1 Z1 F8000
G1 X692.29957 Y65.56878 F8000
G1 X693.18889 Y65.35357 F8000
G1 X693.88382 Y64.92947 F8000
G1 X694.48188 Y64.23695 F8000
G1 X694.80028 Y63.48767 F8000
G1 X694.89119 Y62.78055 F8000
G1 X694.88932 Y55.01222 F8000
G1 X694.82431 Y54.50644 F8000
G1 X694.62685 Y53.92766 F8000
G1 X694.3692 Y53.48761 F8000
G1 X693.9611 Y53.03215 F8000
G1 X693.46377 Y52.67631 F8000
G1 X692.99818 Y52.46835 F8000
G1 X691.9934 Y52.32048 F8000
G1 X691.09678 Y52.50309 F8000
G1 X690.30715 Y52.9654 F8000
G1 X689.76388 Y53.57174 F8000
G1 X689.39072 Y54.40719 F8000
G1 X689.2998 Y55.11432 F8000
G1 X689.30166 Y62.88265 F8000
G1 X689.36669 Y63.38843 F8000
G1 X689.56415 Y63.9672 F8000
G1 X689.82177 Y64.40726 F8000
G1 X690.22987 Y64.86271 F8000
G1 X690.72723 Y65.21855 F8000
G1 X691.19282 Y65.42651 F8000
G1 X691.68844 Y65.54645 F8000
G1 X692.29957 Y65.56878 F8000
G0 Z0
G1 X691.00258 Y56.07026 F8000
G1 Z1 F8000
G1 X691.00258 Y56.07026 F8000
G1 X691.39655 Y56.4093 F8000
G1 X691.88714 Y56.58096 F8000
G1 X692.40652 Y56.56154 F8000
G1 X692.96701 Y56.29161 F8000
G1 X693.30605 Y55.89765 F8000
G1 X693.47771 Y55.40705 F8000
G1 X693.45829 Y54.88768 F8000
G1 X693.18836 Y54.32718 F8000
G1 X692.7944 Y53.98815 F8000
G1 X692.30381 Y53.81648 F8000
G1 X691.68346 Y53.86297 F8000
G1 X691.22393 Y54.10583 F8000
G1 X690.8849 Y54.4998 F8000
G1 X690.71324 Y54.99039 F8000
G1 X690.75972 Y55.61076 F8000
G1 X691.00258 Y56.07026 F8000
G0 Z0
G1 X694.89119 Y55.29527 F8000
G1 Z1 F8000
G1 X694.89119 Y55.29527 F8000
G1 X696.89412 Y55.27016 F8000
G1 X697.42818 Y54.98115 F8000
G1 X697.76547 Y54.45537 F8000
G0 Z0
G1 X697.14105 Y52.96484 F8000
G1 Z1 F8000
G1 X697.14105 Y52.96484 F8000
G1 X696.69264 Y52.83864 F8000
G1 X694.95959 Y52.83864 F8000
G1 X694.56491 Y52.93857 F8000
G1 X694.1579 Y53.22744 F8000
G0 Z0
G1 X694.7674 Y52.87031 F8000
G1 Z1 F8000
G1 X694.7674 Y52.87031 F8000
G1 X697.14105 Y50.49665 F8000
G1 X694.7674 Y52.87031 F8000
G0 Z0
G1 X694.89119 Y62.65492 F8000
G1 Z1 F8000
G1 X694.89119 Y62.65492 F8000
G1 X696.79408 Y62.65905 F8000
G1 X697.17915 Y62.79124 F8000
G1 X697.51875 Y63.06291 F8000
G0 Z0
G1 X704.03208 Y54.51316 F8000
G1 Z1 F8000
G1 X704.03208 Y54.51316 F8000
G1 X704.41189 Y54.99796 F8000
G1 X705.03646 Y55.3502 F8000
G1 X705.64781 Y55.42444 F8000
G1 X706.33853 Y55.23187 F8000
G1 X706.88937 Y54.77282 F8000
G1 X707.17557 Y54.22751 F8000
G1 X707.24978 Y53.61617 F8000
G1 X707.05724 Y52.92545 F8000
G1 X706.67744 Y52.44065 F8000
G1 X706.05286 Y52.08841 F8000
G1 X705.44151 Y52.01417 F8000
G1 X704.75079 Y52.20673 F8000
G1 X704.19996 Y52.66578 F8000
G1 X703.91376 Y53.21109 F8000
G1 X703.83954 Y53.82244 F8000
G1 X704.03208 Y54.51316 F8000
G0 Z0
G1 X712.45139 Y54.66233 F8000
G1 Z1 F8000
G1 X712.45139 Y54.66233 F8000
G1 X715.74855 Y52.18945 F8000
G0 Z0
G1 X715.74855 Y31.88913 F8000
G1 Z1 F8000
G1 X715.74855 Y31.88913 F8000
G1 X706.44804 Y41.18966 F8000
G1 X715.74857 Y31.88913 F8000
G1 X715.74857 Y194.29174 F8000
G1 X710.85402 Y189.39718 F8000
G1 X715.7486 Y194.29174 F8000
G0 Z0
G1 X708.03446 Y188.88241 F8000
G1 Z1 F8000
G1 X708.03446 Y188.88241 F8000
G1 X708.47422 Y189.22774 F8000
G1 X708.96378 Y189.3831 F8000
G1 X711.24364 Y189.3831 F8000
G1 X711.63999 Y189.27206 F8000
G1 X711.9917 Y189.0582 F8000
G1 X712.27264 Y188.75736 F8000
G1 X712.46202 Y188.3919 F8000
G1 X712.54928 Y187.88575 F8000
G1 X712.46202 Y187.3796 F8000
G1 X712.21027 Y186.9319 F8000
G1 X711.82316 Y186.59434 F8000
G1 X711.14099 Y186.37783 F8000
G1 X708.96116 Y186.38884 F8000
G0 Z0
G1 X707.20327 Y186.81842 F8000
G1 Z1 F8000
G1 X707.20327 Y186.81842 F8000
G1 X707.22494 Y186.10169 F8000
G1 X707.00655 Y185.52587 F8000
G1 X706.51506 Y185.00375 F8000
G1 X705.95348 Y184.75102 F8000
G1 X705.33875 Y184.71381 F8000
G1 X704.66091 Y184.94773 F8000
G1 X704.19996 Y185.35612 F8000
G1 X703.88605 Y186.0008 F8000
G1 X703.86438 Y186.71753 F8000
G1 X704.08277 Y187.29334 F8000
G1 X704.49116 Y187.75433 F8000
G1 X705.13584 Y188.06823 F8000
G1 X705.75057 Y188.1054 F8000
G1 X706.42841 Y187.87151 F8000
G1 X706.88937 Y187.46313 F8000
G1 X707.20327 Y186.81842 F8000
G0 Z0
G1 X702.23741 Y187.39889 F8000
G1 Z1 F8000
G1 X702.23741 Y187.39889 F8000
G1 X698.65249 Y187.434 F8000
G1 X698.24471 Y187.37793 F8000
G1 X697.78087 Y187.15735 F8000
G1 X697.4177 Y186.79418 F8000
G1 X697.22831 Y186.42871 F8000
G1 X697.14105 Y185.92254 F8000
G1 X697.14105 Y177.7957 F8000
G1 X697.31052 Y177.10032 F8000
G1 X697.78087 Y176.56089 F8000
G1 X698.44669 Y176.29831 F8000
G1 X702.23741 Y176.31935 F8000
G0 Z0
G1 X702.65571 Y188.36721 F8000
G1 Z1 F8000
G1 X702.65571 Y188.36721 F8000
G1 X703.23859 Y189.06423 F8000
G1 X704.07536 Y189.62782 F8000
G1 X705.04025 Y189.92246 F8000
G1 X706.0491 Y189.92246 F8000
G1 X707.01399 Y189.62782 F8000
G1 X707.85076 Y189.06423 F8000
G1 X708.43366 Y188.36721 F8000
G1 X708.84035 Y187.44395 F8000
G1 X708.96116 Y186.54341 F8000
G1 X708.96116 Y177.17483 F8000
G1 X708.90729 Y176.57049 F8000
G1 X708.62908 Y175.70551 F8000
G1 X708.06549 Y174.86874 F8000
G1 X707.36847 Y174.28584 F8000
G1 X706.44521 Y173.87915 F8000
G1 X705.74708 Y173.76432 F8000
G1 X705.1406 Y173.78231 F8000
G1 X704.45049 Y173.93828 F8000
G1 X703.80729 Y174.23308 F8000
G1 X703.23859 Y174.65403 F8000
G1 X702.82907 Y175.10168 F8000
G1 X702.46027 Y175.70551 F8000
G1 X702.249 Y176.27429 F8000
G1 X702.12819 Y177.17483 F8000
G1 X702.1297 Y186.64467 F8000
G1 X702.27715 Y187.54123 F8000
G1 X702.65571 Y188.36721 F8000
G0 Z0
G1 X706.8233 Y178.41077 F8000
G1 Z1 F8000
G1 X706.8233 Y178.41077 F8000
G1 X707.14191 Y177.88375 F8000
G1 X707.24978 Y177.17485 F8000
G1 X707.05724 Y176.48413 F8000
G1 X706.67744 Y175.99933 F8000
G1 X706.15041 Y175.68075 F8000
G1 X705.44151 Y175.57285 F8000
G1 X704.84358 Y175.72023 F8000
G1 X704.26602 Y176.1452 F8000
G1 X703.94741 Y176.67222 F8000
G1 X703.83954 Y177.38112 F8000
G1 X704.03208 Y178.07184 F8000
G1 X704.41189 Y178.55664 F8000
G1 X704.93891 Y178.87522 F8000
G1 X705.64781 Y178.98312 F8000
G1 X706.24574 Y178.83575 F8000
G1 X706.8233 Y178.41077 F8000
G0 Z0
G1 X708.96116 Y177.397 F8000
G1 Z1 F8000
G1 X708.96116 Y177.397 F8000
G1 X711.14099 Y177.408 F8000
G1 X711.82316 Y177.19149 F8000
G1 X712.21027 Y176.85394 F8000
G1 X712.46202 Y176.40624 F8000
G1 X712.54928 Y175.90009 F8000
G1 X712.46202 Y175.39394 F8000
G1 X712.27264 Y175.02847 F8000
G1 X711.9917 Y174.72764 F8000
G1 X711.63999 Y174.51378 F8000
G1 X711.24364 Y174.40273 F8000
G1 X708.96378 Y174.40273 F8000
G1 X708.47422 Y174.5581 F8000
G1 X708.0651 Y174.86835 F8000
G0 Z0
G1 X708.03446 Y169.92664 F8000
G1 Z1 F8000
G1 X708.03446 Y169.92664 F8000
G1 X708.47422 Y170.27198 F8000
G1 X708.96378 Y170.42734 F8000
G1 X711.24364 Y170.42734 F8000
G1 X711.63999 Y170.31629 F8000
G1 X711.9917 Y170.10243 F8000
G1 X712.27264 Y169.8016 F8000
G1 X712.46202 Y169.43613 F8000
G1 X712.54928 Y168.92998 F8000
G1 X712.46202 Y168.42383 F8000
G1 X712.21027 Y167.97613 F8000
G1 X711.82316 Y167.63858 F8000
G1 X711.14099 Y167.42207 F8000
G1 X708.96116 Y167.43307 F8000
G0 Z0
G1 X711.01525 Y170.44141 F8000
G1 Z1 F8000
G1 X711.01525 Y170.44141 F8000
G1 X715.74857 Y173.99141 F8000
G0 Z0
G1 X704.26602 Y166.32108 F8000
G1 Z1 F8000
G1 X704.26602 Y166.32108 F8000
G1 X703.94741 Y166.84811 F8000
G1 X703.83954 Y167.55701 F8000
G1 X704.03208 Y168.24773 F8000
G1 X704.41189 Y168.7325 F8000
G1 X705.03646 Y169.08476 F8000
G1 X705.64781 Y169.15898 F8000
G1 X706.33853 Y168.96644 F8000
G1 X706.8233 Y168.58663 F8000
G1 X707.14191 Y168.05961 F8000
G1 X707.24978 Y167.35071 F8000
G1 X707.05724 Y166.65999 F8000
G1 X706.67744 Y166.17522 F8000
G1 X706.15041 Y165.85661 F8000
G1 X705.44151 Y165.74874 F8000
G1 X704.75079 Y165.94127 F8000
G1 X704.26602 Y166.32108 F8000
G0 Z0
G1 X705.64781 Y156.61709 F8000
G1 Z1 F8000
G1 X705.64781 Y156.61709 F8000
G1 X704.93891 Y156.72498 F8000
G1 X704.41189 Y157.0436 F8000
G1 X704.03208 Y157.52837 F8000
G1 X703.83954 Y158.21909 F8000
G1 X703.94741 Y158.92799 F8000
G1 X704.26602 Y159.45501 F8000
G1 X704.84358 Y159.87998 F8000
G1 X705.44151 Y160.02736 F8000
G1 X706.15041 Y159.91946 F8000
G1 X706.67744 Y159.60087 F8000
G1 X707.05724 Y159.11608 F8000
G1 X707.24978 Y158.42536 F8000
G1 X707.17557 Y157.81401 F8000
G1 X706.8233 Y157.18946 F8000
G1 X706.33853 Y156.80965 F8000
G1 X705.64781 Y156.61709 F8000
G0 Z0
G1 X708.96116 Y158.44126 F8000
G1 Z1 F8000
G1 X708.96116 Y158.44126 F8000
G1 X711.14099 Y158.45226 F8000
G1 X711.82316 Y158.23573 F8000
G1 X712.21027 Y157.89817 F8000
G1 X712.46202 Y157.45047 F8000
G1 X712.54928 Y156.94432 F8000
G1 X712.46202 Y156.43818 F8000
G1 X712.27264 Y156.07271 F8000
G1 X711.9917 Y155.7719 F8000
G1 X711.63999 Y155.55801 F8000
G1 X711.24364 Y155.44697 F8000
G1 X708.96378 Y155.44697 F8000
G1 X708.47422 Y155.60236 F8000
G1 X708.0651 Y155.91258 F8000
G0 Z0
G1 X708.03446 Y150.97088 F8000
G1 Z1 F8000
G1 X708.03446 Y150.97088 F8000
G1 X708.47422 Y151.31621 F8000
G1 X708.96378 Y151.4716 F8000
G1 X711.24364 Y151.4716 F8000
G1 X711.63999 Y151.36053 F8000
G1 X711.9917 Y151.14666 F8000
G1 X712.27264 Y150.84586 F8000
G1 X712.46202 Y150.48039 F8000
G1 X712.54928 Y149.97422 F8000
G1 X712.46202 Y149.46807 F8000
G1 X712.21027 Y149.02037 F8000
G1 X711.82316 Y148.68281 F8000
G1 X711.14099 Y148.4663 F8000
G1 X708.96116 Y148.47731 F8000
G0 Z0
G1 X711.29267 Y151.46313 F8000
G1 Z1 F8000
G1 X711.29267 Y151.46313 F8000
G1 X715.74857 Y153.69108 F8000
G0 Z0
G1 X705.33875 Y146.80231 F8000
G1 Z1 F8000
G1 X705.33875 Y146.80231 F8000
G1 X704.75079 Y146.98551 F8000
G1 X704.19996 Y147.44459 F8000
G1 X703.91376 Y147.98989 F8000
G1 X703.84888 Y148.704 F8000
G1 X704.03208 Y149.29196 F8000
G1 X704.49116 Y149.8428 F8000
G1 X705.03646 Y150.129 F8000
G1 X705.75057 Y150.1939 F8000
G1 X706.33853 Y150.01068 F8000
G1 X706.88937 Y149.5516 F8000
G1 X707.17557 Y149.00632 F8000
G1 X707.24044 Y148.29218 F8000
G1 X707.05724 Y147.70425 F8000
G1 X706.59817 Y147.15339 F8000
G1 X706.05286 Y146.86719 F8000
G1 X705.33875 Y146.80231 F8000
G0 Z0
G1 X704.08277 Y138.48272 F8000
G1 Z1 F8000
G1 X704.08277 Y138.48272 F8000
G1 X703.86438 Y139.05856 F8000
G1 X703.88605 Y139.77529 F8000
G1 X704.19996 Y140.41997 F8000
G1 X704.66091 Y140.82836 F8000
G1 X705.23675 Y141.04675 F8000
G1 X705.95348 Y141.02508 F8000
G1 X706.59817 Y140.71117 F8000
G1 X707.00655 Y140.25022 F8000
G1 X707.22494 Y139.67438 F8000
G1 X707.20327 Y138.95765 F8000
G1 X706.88937 Y138.31296 F8000
G1 X706.42841 Y137.90458 F8000
G1 X705.85257 Y137.68619 F8000
G1 X705.13584 Y137.70786 F8000
G1 X704.49116 Y138.02176 F8000
G1 X704.08277 Y138.48272 F8000
G0 Z0
G1 X708.96116 Y139.48549 F8000
G1 Z1 F8000
G1 X708.96116 Y139.48549 F8000
G1 X711.14099 Y139.4965 F8000
G1 X711.82316 Y139.27999 F8000
G1 X712.21027 Y138.94243 F8000
G1 X712.46202 Y138.49473 F8000
G1 X712.54928 Y137.98858 F8000
G1 X712.46202 Y137.48244 F8000
G1 X712.27264 Y137.11697 F8000
G1 X711.9917 Y136.81614 F8000
G1 X711.63999 Y136.60227 F8000
G1 X711.24364 Y136.4912 F8000
G1 X708.96378 Y136.4912 F8000
G1 X708.47422 Y136.64659 F8000
G1 X708.0651 Y136.95681 F8000
G0 Z0
G1 X708.03446 Y132.01511 F8000
G1 Z1 F8000
G1 X708.03446 Y132.01511 F8000
G1 X708.47422 Y132.36044 F8000
G1 X708.96378 Y132.51583 F8000
G1 X711.24364 Y132.51583 F8000
G1 X711.63999 Y132.40479 F8000
G1 X711.9917 Y132.1909 F8000
G1 X712.27264 Y131.89009 F8000
G1 X712.46202 Y131.52462 F8000
G1 X712.54928 Y131.01848 F8000
G1 X712.46202 Y130.51233 F8000
G1 X712.21027 Y130.06463 F8000
G1 X711.82316 Y129.72707 F8000
G1 X711.14099 Y129.51056 F8000
G1 X708.96116 Y129.52154 F8000
G0 Z0
G1 X704.84358 Y131.1001 F8000
G1 Z1 F8000
G1 X704.84358 Y131.1001 F8000
G1 X705.54467 Y131.2506 F8000
G1 X706.15041 Y131.13958 F8000
G1 X706.67744 Y130.82099 F8000
G1 X707.10241 Y130.24343 F8000
G1 X707.2529 Y129.54234 F8000
G1 X707.14191 Y128.93658 F8000
G1 X706.8233 Y128.40955 F8000
G1 X706.24574 Y127.98458 F8000
G1 X705.54467 Y127.83408 F8000
G1 X704.93891 Y127.9451 F8000
G1 X704.41189 Y128.26369 F8000
G1 X703.98691 Y128.84125 F8000
G1 X703.83642 Y129.54234 F8000
G1 X703.94741 Y130.1481 F8000
G1 X704.26602 Y130.67513 F8000
G1 X704.84358 Y131.1001 F8000
G0 Z0
G1 X711.69672 Y132.3778 F8000
G1 Z1 F8000
G1 X711.69672 Y132.3778 F8000
G1 X715.74857 Y133.39076 F8000
G0 Z0
G1 X708.96116 Y120.52973 F8000
G1 Z1 F8000
G1 X708.96116 Y120.52973 F8000
G1 X711.14099 Y120.54073 F8000
G1 X711.82316 Y120.32422 F8000
G1 X712.21027 Y119.98667 F8000
G1 X712.46202 Y119.53897 F8000
G1 X712.54928 Y119.03282 F8000
G1 X712.46202 Y118.52667 F8000
G1 X712.27264 Y118.1612 F8000
G1 X711.9917 Y117.86037 F8000
G1 X711.63999 Y117.64651 F8000
G1 X711.24364 Y117.53546 F8000
G1 X708.96378 Y117.53546 F8000
G1 X708.47422 Y117.69083 F8000
G1 X708.0651 Y118.00105 F8000
G0 Z0
G1 X704.03208 Y121.20457 F8000
G1 Z1 F8000
G1 X704.03208 Y121.20457 F8000
G1 X704.49116 Y121.75541 F8000
G1 X705.03646 Y122.04161 F8000
G1 X705.64781 Y122.11585 F8000
G1 X706.33853 Y121.92329 F8000
G1 X706.88937 Y121.46421 F8000
G1 X707.17557 Y120.91893 F8000
G1 X707.24044 Y120.20479 F8000
G1 X707.05724 Y119.61686 F8000
G1 X706.59817 Y119.066 F8000
G1 X706.05286 Y118.77982 F8000
G1 X705.44151 Y118.70558 F8000
G1 X704.75079 Y118.89815 F8000
G1 X704.19996 Y119.3572 F8000
G1 X703.91376 Y119.9025 F8000
G1 X703.83954 Y120.51385 F8000
G1 X704.03208 Y121.20457 F8000
G0 Z0
G1 X708.00519 Y113.09043 F8000
G1 Z1 F8000
G1 X708.00519 Y113.09043 F8000
G1 X708.47422 Y113.4047 F8000
G1 X708.96378 Y113.56007 F8000
G1 X711.24364 Y113.56007 F8000
G1 X711.63999 Y113.44902 F8000
G1 X711.9917 Y113.23516 F8000
G1 X712.27264 Y112.93433 F8000
G1 X712.46202 Y112.56886 F8000
G1 X712.54928 Y112.06271 F8000
G1 X712.46202 Y111.55656 F8000
G1 X712.21027 Y111.10886 F8000
G1 X711.82316 Y110.77131 F8000
G1 X711.14099 Y110.5548 F8000
G1 X708.96116 Y110.5658 F8000
G0 Z0
G1 X704.19996 Y111.64009 F8000
G1 Z1 F8000
G1 X704.19996 Y111.64009 F8000
G1 X704.75079 Y112.09917 F8000
G1 X705.33875 Y112.28237 F8000
G1 X705.95348 Y112.24519 F8000
G1 X706.59817 Y111.93129 F8000
G1 X707.05724 Y111.38043 F8000
G1 X707.24044 Y110.7925 F8000
G1 X707.17557 Y110.07836 F8000
G1 X706.88937 Y109.53308 F8000
G1 X706.33853 Y109.074 F8000
G1 X705.75057 Y108.89078 F8000
G1 X705.03646 Y108.95568 F8000
G1 X704.49116 Y109.24188 F8000
G1 X704.03208 Y109.79272 F8000
G1 X703.84888 Y110.38067 F8000
G1 X703.91376 Y111.09479 F8000
G1 X704.19996 Y111.64009 F8000
G0 Z0
G1 X712.14587 Y113.09043 F8000
G1 Z1 F8000
G1 X712.14587 Y113.09043 F8000
G1 X715.74857 Y113.09043 F8000
G0 Z0
G1 X712.46247 Y93.61164 F8000
G1 Z1 F8000
G1 X712.46247 Y93.61164 F8000
G1 X715.74857 Y92.79011 F8000
G0 Z0
G1 X708.96116 Y82.61822 F8000
G1 Z1 F8000
G1 X708.96116 Y82.61822 F8000
G1 X711.14099 Y82.62923 F8000
G1 X711.82316 Y82.41269 F8000
G1 X712.21027 Y82.07516 F8000
G1 X712.46202 Y81.62746 F8000
G1 X712.54928 Y81.12129 F8000
G1 X712.46202 Y80.61514 F8000
G1 X712.27264 Y80.24967 F8000
G1 X711.9917 Y79.94887 F8000
G1 X711.63999 Y79.73498 F8000
G1 X711.24364 Y79.62393 F8000
G1 X708.96378 Y79.62393 F8000
G1 X708.47422 Y79.77932 F8000
G1 X708.0651 Y80.08954 F8000
G0 Z0
G1 X703.83642 Y82.49919 F8000
G1 Z1 F8000
G1 X703.83642 Y82.49919 F8000
G1 X703.94741 Y83.10495 F8000
G1 X704.33674 Y83.70711 F8000
G1 X704.84358 Y84.05695 F8000
G1 X705.54467 Y84.20744 F8000
G1 X706.24574 Y84.05695 F8000
G1 X706.75258 Y83.70711 F8000
G1 X707.14191 Y83.10495 F8000
G1 X707.2529 Y82.49919 F8000
G1 X707.14191 Y81.89345 F8000
G1 X706.75258 Y81.29128 F8000
G1 X706.15041 Y80.90195 F8000
G1 X705.54467 Y80.79096 F8000
G1 X704.93891 Y80.90195 F8000
G1 X704.33674 Y81.29128 F8000
G1 X703.94741 Y81.89345 F8000
G1 X703.83642 Y82.49919 F8000
G0 Z0
G1 X705.44151 Y70.96993 F8000
G1 Z1 F8000
G1 X705.44151 Y70.96993 F8000
G1 X704.75079 Y71.16247 F8000
G1 X704.26602 Y71.54228 F8000
G1 X703.94741 Y72.0693 F8000
G1 X703.83954 Y72.7782 F8000
G1 X704.03208 Y73.46892 F8000
G1 X704.41189 Y73.95369 F8000
G1 X704.93891 Y74.27231 F8000
G1 X705.64781 Y74.3802 F8000
G1 X706.33853 Y74.18764 F8000
G1 X706.8233 Y73.80783 F8000
G1 X707.17557 Y73.18328 F8000
G1 X707.24978 Y72.57191 F8000
G1 X707.05724 Y71.88121 F8000
G1 X706.67744 Y71.39642 F8000
G1 X706.05286 Y71.04415 F8000
G1 X705.44151 Y70.96993 F8000
G0 Z0
G1 X712.54719 Y74.09046 F8000
G1 Z1 F8000
G1 X712.54719 Y74.09046 F8000
G1 X715.74855 Y72.48978 F8000
G0 Z0
G1 X694.88932 Y78.39401 F8000
G1 Z1 F8000
G1 X694.88932 Y78.39401 F8000
G1 X694.89119 Y70.62566 F8000
G1 X694.74144 Y69.723 F8000
G1 X694.48188 Y69.16928 F8000
G1 X694.17764 Y68.76005 F8000
G1 X693.80415 Y68.41289 F8000
G1 X693.28216 Y68.09431 F8000
G1 X692.29957 Y67.83742 F8000
G1 X691.78972 Y67.84674 F8000
G1 X691.19282 Y67.97972 F8000
G1 X690.46879 Y68.35196 F8000
G1 X689.94658 Y68.83734 F8000
G1 X689.52248 Y69.53227 F8000
G1 X689.3296 Y70.21862 F8000
G1 X689.2998 Y78.29191 F8000
G1 X689.44953 Y79.19459 F8000
G1 X689.94658 Y80.08026 F8000
G1 X690.6391 Y80.6783 F8000
G1 X691.58768 Y81.04112 F8000
G1 X692.50256 Y81.05781 F8000
G1 X693.37381 Y80.77826 F8000
G1 X694.17764 Y80.15754 F8000
G1 X694.70673 Y79.29063 F8000
G1 X694.88932 Y78.39401 F8000
G0 Z0
G1 X685.21887 Y71.32172 F8000
G1 Z1 F8000
G1 X685.21887 Y71.32172 F8000
G1 X684.99389 Y71.33268 F8000
G0 Z0
G1 X684.38927 Y63.54982 F8000
G1 Z1 F8000
G1 X684.38927 Y63.54982 F8000
G1 X684.83829 Y63.26889 F8000
G1 X685.66813 Y63.22491 F8000
G0 Z0
G1 X685.22752 Y62.41018 F8000
G1 Z1 F8000
G1 X685.22752 Y62.41018 F8000
G1 X684.23827 Y63.39943 F8000
G1 X685.22752 Y62.41018 F8000
G0 Z0
G1 X682.024 Y85.09628 F8000
G1 Z1 F8000
G1 X682.024 Y85.09628 F8000
G1 X682.48551 Y85.28745 F8000
G1 X682.88627 Y85.28745 F8000
G1 X683.34779 Y85.09628 F8000
G1 X683.63118 Y84.81289 F8000
G1 X683.80057 Y84.44964 F8000
G1 X683.82234 Y83.95058 F8000
G1 X683.63118 Y83.48907 F8000
G1 X683.34779 Y83.20568 F8000
G1 X682.88627 Y83.01451 F8000
G1 X682.48551 Y83.01451 F8000
G1 X682.024 Y83.20568 F8000
G1 X681.7406 Y83.48907 F8000
G1 X681.57122 Y83.85229 F8000
G1 X681.54944 Y84.35138 F8000
G1 X681.68649 Y84.72798 F8000
G1 X682.024 Y85.09628 F8000
G0 Z0
G1 X673.76 Y89.12502 F8000
G1 Z1 F8000
G1 X673.76 Y89.12502 F8000
G1 X674.06239 Y89.3973 F8000
G1 X674.34822 Y89.50702 F8000
G1 X674.75515 Y89.50702 F8000
G1 X675.12686 Y89.3415 F8000
G1 X675.39914 Y89.03911 F8000
G1 X675.5249 Y88.6521 F8000
G1 X675.50887 Y88.34635 F8000
G1 X675.34337 Y87.97461 F8000
G1 X675.04098 Y87.70233 F8000
G1 X674.75515 Y87.5926 F8000
G1 X674.34822 Y87.5926 F8000
G1 X673.97648 Y87.75813 F8000
G1 X673.7042 Y88.06052 F8000
G1 X673.59447 Y88.34635 F8000
G1 X673.59447 Y88.75328 F8000
G1 X673.76 Y89.12502 F8000
G0 Z0
G1 X668.87256 Y116.61513 F8000
G1 Z1 F8000
G1 X668.87256 Y116.61513 F8000
G1 X669.1605 Y116.52541 F8000
G1 X669.39789 Y116.33941 F8000
G1 X669.58397 Y115.98487 F8000
G1 X669.6022 Y115.68383 F8000
G1 X669.51245 Y115.39588 F8000
G1 X669.32648 Y115.15847 F8000
G1 X669.06838 Y115.00245 F8000
G1 X668.67089 Y114.95419 F8000
G1 X668.38295 Y115.04391 F8000
G1 X668.14554 Y115.22991 F8000
G1 X667.95945 Y115.58445 F8000
G1 X667.94125 Y115.88549 F8000
G1 X668.03097 Y116.17344 F8000
G1 X668.21697 Y116.41085 F8000
G1 X668.57151 Y116.59693 F8000
G1 X668.87256 Y116.61513 F8000
G0 Z0
G1 X676.50886 Y121.11554 F8000
G1 Z1 F8000
G1 X676.50886 Y121.11554 F8000
G1 X677.0089 Y121.10647 F8000
G0 Z0
G1 X680.68714 Y127.98011 F8000
G1 Z1 F8000
G1 X680.68714 Y127.98011 F8000
G1 X680.48473 Y128.44008 F8000
G1 X680.38011 Y129.03344 F8000
G1 X680.37792 Y135.46298 F8000
G1 X680.45655 Y136.06033 F8000
G1 X680.85486 Y136.86799 F8000
G1 X681.5319 Y137.46175 F8000
G1 X682.38465 Y137.75123 F8000
G1 X683.28326 Y137.69233 F8000
G1 X683.92598 Y137.40952 F8000
G1 X684.38752 Y137.02222 F8000
G1 X684.73312 Y136.52869 F8000
G1 X684.95881 Y135.86374 F8000
G1 X684.99389 Y129.13411 F8000
G1 X684.91523 Y128.53676 F8000
G1 X684.68467 Y127.98011 F8000
G1 X684.24515 Y127.43247 F8000
G1 X683.66129 Y127.04237 F8000
G1 X682.98716 Y126.84586 F8000
G1 X682.28511 Y126.86118 F8000
G1 X681.62019 Y127.0869 F8000
G1 X681.0539 Y127.50211 F8000
G1 X680.68714 Y127.98011 F8000
G0 Z0
G1 X681.64001 Y129.69148 F8000
G1 Z1 F8000
G1 X681.64001 Y129.69148 F8000
G1 X681.94412 Y130.0878 F8000
G1 X682.2912 Y130.2882 F8000
G1 X682.68588 Y130.35779 F8000
G1 X683.17359 Y130.24968 F8000
G1 X683.56991 Y129.94556 F8000
G1 X683.77027 Y129.59848 F8000
G1 X683.83989 Y129.2038 F8000
G1 X683.73175 Y128.7161 F8000
G1 X683.42767 Y128.31978 F8000
G1 X683.08058 Y128.11941 F8000
G1 X682.68588 Y128.0498 F8000
G1 X682.1982 Y128.15793 F8000
G1 X681.80188 Y128.46202 F8000
G1 X681.60148 Y128.8091 F8000
G1 X681.5319 Y129.2038 F8000
G1 X681.64001 Y129.69148 F8000
G0 Z0
G1 X669.58397 Y143.43361 F8000
G1 Z1 F8000
G1 X669.58397 Y143.43361 F8000
G1 X669.4602 Y143.1586 F8000
G1 X669.1605 Y142.89306 F8000
G1 X668.87256 Y142.80334 F8000
G1 X668.57151 Y142.82155 F8000
G1 X668.21697 Y143.00763 F8000
G1 X668.03097 Y143.24504 F8000
G1 X667.94125 Y143.53298 F8000
G1 X667.95945 Y143.83403 F8000
G1 X668.14554 Y144.18857 F8000
G1 X668.38295 Y144.37454 F8000
G1 X668.67089 Y144.46429 F8000
G1 X668.97194 Y144.44606 F8000
G1 X669.32648 Y144.26001 F8000
G1 X669.51245 Y144.0226 F8000
G1 X669.6022 Y143.73465 F8000
G1 X669.58397 Y143.43361 F8000
G0 Z0
G1 X640.74199 Y123.00297 F8000
G1 Z1 F8000
G1 X640.74199 Y123.00297 F8000
G1 X653.42181 Y123.00297 F8000
G1 X653.42181 Y103.55725 F8000
G1 X640.74199 Y103.55725 F8000
G1 X640.74199 Y123.00297 F8000
G0 Z0
G1 X562.03182 Y162.40313 F8000
G1 Z1 F8000
G1 X562.03182 Y162.40313 F8000
G1 X562.03182 Y169.72987 F8000
G0 Z0
G1 X561.78182 Y169.72987 F8000
G1 Z1 F8000
G1 X561.78182 Y169.72987 F8000
G1 X561.78182 Y162.40277 F8000
G0 Z0
G1 X561.53182 Y162.4024 F8000
G1 Z1 F8000
G1 X561.53182 Y162.4024 F8000
G1 X561.53182 Y169.72987 F8000
G0 Z0
G1 X561.28182 Y173.84662 F8000
G1 Z1 F8000
G1 X561.28182 Y173.84662 F8000
G1 X561.28182 Y162.40204 F8000
G0 Z0
G1 X561.03182 Y162.40167 F8000
G1 Z1 F8000
G1 X561.03182 Y162.40167 F8000
G1 X561.03182 Y174.648 F8000
G0 Z0
G1 X560.78182 Y175.27084 F8000
G1 Z1 F8000
G1 X560.78182 Y175.27084 F8000
G1 X560.78182 Y162.40131 F8000
G0 Z0
G1 X535.53181 Y165.57257 F8000
G1 Z1 F8000
G1 X535.53181 Y165.57257 F8000
G1 X535.53181 Y177.12953 F8000
G0 Z0
G1 X535.2818 Y176.99865 F8000
G1 Z1 F8000
G1 X535.2818 Y176.99865 F8000
G1 X535.2818 Y165.71237 F8000
G0 Z0
G1 X535.0318 Y165.85505 F8000
G1 Z1 F8000
G1 X535.0318 Y165.85505 F8000
G1 X535.0318 Y176.85995 F8000
G0 Z0
G1 X534.7818 Y176.70909 F8000
G1 Z1 F8000
G1 X534.7818 Y176.70909 F8000
G1 X534.7818 Y166.00078 F8000
G0 Z0
G1 X534.5318 Y166.15715 F8000
G1 Z1 F8000
G1 X534.5318 Y166.15715 F8000
G1 X534.5318 Y176.54834 F8000
G0 Z0
G1 X534.2818 Y176.37551 F8000
G1 Z1 F8000
G1 X534.2818 Y176.37551 F8000
G1 X534.2818 Y166.3288 F8000
G0 Z0
G1 X534.0318 Y166.51232 F8000
G1 Z1 F8000
G1 X534.0318 Y166.51232 F8000
G1 X534.0318 Y176.18761 F8000
G0 Z0
G1 X533.7818 Y175.99016 F8000
G1 Z1 F8000
G1 X533.7818 Y175.99016 F8000
G1 X533.7818 Y166.71325 F8000
G0 Z0
G1 X533.5318 Y166.9329 F8000
G1 Z1 F8000
G1 X533.5318 Y166.9329 F8000
G1 X533.5318 Y175.76772 F8000
G0 Z0
G1 X533.2818 Y175.53282 F8000
G1 Z1 F8000
G1 X533.2818 Y175.53282 F8000
G1 X533.2818 Y167.16761 F8000
G0 Z0
G1 X533.0318 Y167.43678 F8000
G1 Z1 F8000
G1 X533.0318 Y167.43678 F8000
G1 X533.0318 Y175.27393 F8000
G0 Z0
G1 X532.7818 Y174.983 F8000
G1 Z1 F8000
G1 X532.7818 Y174.983 F8000
G1 X532.7818 Y167.72771 F8000
G0 Z0
G1 X532.5318 Y168.05132 F8000
G1 Z1 F8000
G1 X532.5318 Y168.05132 F8000
G1 X532.5318 Y174.66104 F8000
G0 Z0
G1 X532.2818 Y174.2947 F8000
G1 Z1 F8000
G1 X532.2818 Y174.2947 F8000
G1 X532.2818 Y168.43514 F8000
G0 Z0
G1 X532.0318 Y168.88554 F8000
G1 Z1 F8000
G1 X532.0318 Y168.88554 F8000
G1 X532.0318 Y173.85994 F8000
G0 Z0
G1 X531.7818 Y173.30779 F8000
G1 Z1 F8000
G1 X531.7818 Y173.30779 F8000
G1 X531.7818 Y169.44515 F8000
G0 Z0
G1 X531.5318 Y170.28689 F8000
G1 Z1 F8000
G1 X531.5318 Y170.28689 F8000
G1 X531.5318 Y172.49941 F8000
G0 Z0
G1 X532.0318 Y163.06809 F8000
G1 Z1 F8000
G1 X532.0318 Y163.06809 F8000
G1 X532.0318 Y153.21335 F8000
G0 Z0
G1 X531.85247 Y152.89797 F8000
G1 Z1 F8000
G1 X531.85247 Y152.89797 F8000
G1 X530.77112 Y151.02496 F8000
G0 Z0
G1 X530.5271 Y151.10232 F8000
G1 Z1 F8000
G1 X530.5271 Y151.10232 F8000
G1 X531.67798 Y153.09572 F8000
G0 Z0
G1 X531.50828 Y153.30178 F8000
G1 Z1 F8000
G1 X531.50828 Y153.30178 F8000
G1 X530.28823 Y151.18857 F8000
G0 Z0
G1 X530.06701 Y151.30541 F8000
G1 Z1 F8000
G1 X530.06701 Y151.30541 F8000
G1 X531.34553 Y153.5199 F8000
G0 Z0
G1 X531.18557 Y153.74281 F8000
G1 Z1 F8000
G1 X531.18557 Y153.74281 F8000
G1 X529.87294 Y151.4693 F8000
G0 Z0
G1 X529.70138 Y151.67213 F8000
G1 Z1 F8000
G1 X529.70138 Y151.67213 F8000
G1 X531.03158 Y153.97612 F8000
G0 Z0
G1 X530.88376 Y154.22007 F8000
G1 Z1 F8000
G1 X530.88376 Y154.22007 F8000
G1 X529.53533 Y151.88456 F8000
G0 Z0
G1 X529.3774 Y152.11099 F8000
G1 Z1 F8000
G1 X529.3774 Y152.11099 F8000
G1 X530.74112 Y154.47298 F8000
G0 Z0
G1 X530.60639 Y154.73966 F8000
G1 Z1 F8000
G1 X530.60639 Y154.73966 F8000
G1 X529.22619 Y152.34912 F8000
G0 Z0
G1 X529.08173 Y152.59886 F8000
G1 Z1 F8000
G1 X529.08173 Y152.59886 F8000
G1 X530.47735 Y155.01617 F8000
G0 Z0
G1 X530.35705 Y155.3078 F8000
G1 Z1 F8000
G1 X530.35705 Y155.3078 F8000
G1 X528.9429 Y152.85841 F8000
G0 Z0
G1 X528.80871 Y153.12599 F8000
G1 Z1 F8000
G1 X528.80871 Y153.12599 F8000
G1 X530.24487 Y155.6135 F8000
G0 Z0
G1 X530.5318 Y155.77207 F8000
G1 Z1 F8000
G1 X530.5318 Y155.77207 F8000
G1 X530.5318 Y160.47681 F8000
G0 Z0
G1 X530.22291 Y160.57486 F8000
G1 Z1 F8000
G1 X530.22291 Y160.57486 F8000
G1 X528.136 Y156.96023 F8000
G0 Z0
G1 X528.1011 Y156.39978 F8000
G1 Z1 F8000
G1 X528.1011 Y156.39978 F8000
G1 X529.97769 Y159.65014 F8000
G0 Z0
G1 X530.2818 Y159.45053 F8000
G1 Z1 F8000
G1 X530.2818 Y159.45053 F8000
G1 X530.2818 Y156.71278 F8000
G0 Z0
G1 X529.96642 Y156.63122 F8000
G1 Z1 F8000
G1 X529.96642 Y156.63122 F8000
G1 X528.44228 Y153.99131 F8000
G0 Z0
G1 X528.55651 Y153.68918 F8000
G1 Z1 F8000
G1 X528.55651 Y153.68918 F8000
G1 X530.05018 Y156.2763 F8000
G0 Z0
G1 X530.14075 Y155.93317 F8000
G1 Z1 F8000
G1 X530.14075 Y155.93317 F8000
G1 X528.67943 Y153.40208 F8000
G0 Z0
G1 X528.33904 Y154.31249 F8000
G1 Z1 F8000
G1 X528.33904 Y154.31249 F8000
G1 X529.90302 Y157.02142 F8000
G0 Z0
G1 X529.85487 Y157.43798 F8000
G1 Z1 F8000
G1 X529.85487 Y157.43798 F8000
G1 X528.25255 Y154.66269 F8000
G0 Z0
G1 X528.18252 Y155.04136 F8000
G1 Z1 F8000
G1 X528.18252 Y155.04136 F8000
G1 X529.82338 Y157.88344 F8000
G0 Z0
G1 X529.82338 Y158.38286 F8000
G1 Z1 F8000
G1 X529.82338 Y158.38286 F8000
G1 X528.13129 Y155.45207 F8000
G0 Z0
G1 X528.10113 Y155.89985 F8000
G1 Z1 F8000
G1 X528.10113 Y155.89985 F8000
G1 X529.86596 Y158.95659 F8000
G0 Z0
G1 X528.41173 Y158.43782 F8000
G1 Z1 F8000
G1 X528.41173 Y158.43782 F8000
G1 X529.82624 Y160.88781 F8000
G0 Z0
G1 X530.13885 Y160.92924 F8000
G1 Z1 F8000
G1 X530.13885 Y160.92924 F8000
G1 X528.2231 Y157.6111 F8000
G0 Z0
G1 X530.7818 Y155.13341 F8000
G1 Z1 F8000
G1 X530.7818 Y155.13341 F8000
G1 X530.7818 Y161.13776 F8000
G0 Z0
G1 X531.0318 Y161.65436 F8000
G1 Z1 F8000
G1 X531.0318 Y161.65436 F8000
G1 X531.0318 Y154.61457 F8000
G0 Z0
G1 X531.2818 Y154.15361 F8000
G1 Z1 F8000
G1 X531.2818 Y154.15361 F8000
G1 X531.2818 Y162.07893 F8000
G0 Z0
G1 X531.5318 Y162.44869 F8000
G1 Z1 F8000
G1 X531.5318 Y162.44869 F8000
G1 X531.5318 Y153.78123 F8000
G0 Z0
G1 X531.7818 Y153.47867 F8000
G1 Z1 F8000
G1 X531.7818 Y153.47867 F8000
G1 X531.7818 Y162.77553 F8000
G0 Z0
G0 X0 Y0 Z0
M02 ( End of program, no reset )
